id_municipio,sigla_uf,risco_medio,alunos,criancas_em_risco,nome_municipio_ibge
3550308,SP,0.36975766724446785,95476,35302.98303783281,São Paulo
3304557,RJ,0.3736987170137623,43013,16073.902914912956,Rio de Janeiro
1302603,AM,0.4815784118449555,24310,11707.171191950867,Manaus
5300108,DF,0.3885178085303882,23797,9245.558289597648,Brasília
2927408,BA,0.6073543924271503,12336,7492.323784981326,Salvador
3518800,SP,0.4608294267265286,14202,6544.699518370159,Guarulhos
4314902,RS,0.6753090347673566,7378,4982.430058513557,Porto Alegre
5002704,MS,0.44883895960370873,10169,4564.243380210114,Campo Grande
1501402,PA,0.49771278813272174,9092,4525.204669702706,Belém
3106200,MG,0.26829660461067134,16792,4505.236584622393,Belo Horizonte
3303500,RJ,0.6482900610119194,6798,4407.075834759028,Nova Iguaçu
4106902,PR,0.31869041448216023,12932,4121.304440083296,Curitiba
2304400,CE,0.21588993340250895,16878,3643.790295967546,Fortaleza
3301702,RJ,0.5402378835317195,6397,3455.90174095241,Duque de Caxias
2611606,PE,0.34588598926172665,9844,3404.901678292437,Recife
2704302,AL,0.5089004566100023,6203,3156.709532351844,Maceió
1400100,RR,0.5189004682835756,6037,3132.602127027946,Boa Vista
1600303,AP,0.45377126076195345,6378,2894.153101139739,Macapá
5208707,GO,0.3219742463039261,8982,2891.9726803018643,Goiânia
3534401,SP,0.43505234418848937,6573,2859.5990583509406,Osasco
3548708,SP,0.3934306487826544,7082,2786.275854678758,São Bernardo do Campo
3205002,ES,0.40061342418169066,6770,2712.1528817100457,Serra
2111300,MA,0.42641550378315635,6217,2651.025187019883,São Luís
3552205,SP,0.4200274880830911,6265,2631.4722128405656,Sorocaba
1100205,RO,0.4680679570702047,5319,2489.653463656419,Porto Velho
3509502,SP,0.27656455089685367,8920,2466.955793999935,Campinas
2507507,PB,0.4406937154621113,5594,2465.2406442950505,João Pessoa
2211001,PI,0.3411352041102274,7138,2435.0230869388033,Teresina
5103403,MT,0.3998612035288231,6069,2426.7576442164273,Cuiabá
2910800,BA,0.6323076970321533,3804,2405.298479510311,Feira de Santana
3301009,RJ,0.5821090750948562,4058,2362.1986267349266,Campos dos Goytacazes
2408102,RN,0.5880433218102368,4014,2360.4058937462905,Natal
3304904,RJ,0.5972931747078815,3924,2343.7784175537267,São Gonçalo
1506807,PA,0.46807099071583347,4541,2125.5103688405998,Santarém
1500800,PA,0.4862757433754738,4345,2112.8681049664337,Ananindeua
3300456,RJ,0.6369793309805967,3297,2100.120854243027,Belford Roxo
2918407,BA,0.6829837934683746,2973,2030.5108179814774,Juazeiro
3549904,SP,0.29884395614081943,6671,1993.5880314154065,São José dos Campos
2800308,SE,0.5420027327940806,3666,1986.9820184230994,Aracaju
1200401,AC,0.4644333372191147,4218,1958.9798163902258,Rio Branco
4305108,RS,0.5481646179173792,3558,1950.3697105500353,Caxias do Sul
3530607,SP,0.4273032064418654,4509,1926.7101578463712,Mogi das Cruzes
4209102,SC,0.29065457099547276,6459,1877.3378740597586,Joinville
3170206,MG,0.29631057252159926,6132,1816.9764307024468,Uberlândia
3523107,SP,0.3996569510913313,4543,1815.6415288079181,Itaquaquecetuba
3543402,SP,0.36857183707484853,4826,1778.7276857232189,Ribeirão Preto
3305109,RJ,0.6467889161562888,2705,1749.5640182027612,São João de Meriti
2933307,BA,0.5740677711826444,3039,1744.5919566240564,Vitória da Conquista
2607901,PE,0.38030232250256807,4576,1740.2634277717516,Jaboatão dos Guararapes
3201308,ES,0.3681509140704599,4561,1679.1363190753677,Cariacica
3302502,RJ,0.5266658830415535,3070,1616.864260937569,Magé
5201405,GO,0.2945855763657947,5484,1615.507300790018,Aparecida de Goiânia
3547809,SP,0.34845298980617617,4594,1600.7930351695734,Santo André
1504208,PA,0.470881140185174,3327,1566.621553396074,Marabá
3541000,SP,0.38946268430067904,3940,1534.4829761446754,Praia Grande
4205407,SC,0.424595232425941,3601,1528.9674319658136,Florianópolis
3552502,SP,0.4058785943497609,3619,1468.8746329517849,Suzano
5003702,MS,0.4413196434013724,3322,1466.0638553793592,Dourados
1505536,PA,0.4477482615760522,3266,1462.3458223073865,Parauapebas
3136702,MG,0.415980835395291,3500,1455.9329238835185,Juiz de Fora
4113700,PR,0.28502229698986087,5090,1450.7634916783918,Londrina
2905701,BA,0.6007916092772029,2381,1430.48482168902,Camaçari
4304606,RS,0.5734287799131659,2477,1420.3830878449119,Canoas
3118601,MG,0.27875624113539366,5046,1406.6039927691963,Contagem
4309209,RS,0.5832654662918375,2392,1395.1709953700754,Gravataí
4323002,RS,0.5909849989222057,2345,1385.8598224725724,Viamão
3154606,MG,0.39064117204932997,3541,1383.2603902266774,Ribeirão das Neves
1502400,PA,0.6547791282077738,2112,1382.8935187748184,Castanhal
2504009,PB,0.4490209351150108,3044,1366.8197264900928,Campina Grande
5108402,MT,0.33063755253023064,4048,1338.4208126423737,Várzea Grande
3518701,SP,0.4353419031132948,3058,1331.2755397204555,Guarujá
3549805,SP,0.3822439642794239,3437,1313.77250522838,São José do Rio Preto
3205200,ES,0.3021479486871824,4331,1308.602765764187,Vila Velha
3522505,SP,0.3862919004395612,3363,1299.0996611782443,Itapevi
3510609,SP,0.31786920776623473,4079,1296.5884984784714,Carapicuíba
3551009,SP,0.4379020155869552,2955,1294.0004560594525,São Vicente
4125506,PR,0.33325952337371845,3862,1287.0482792693006,São José dos Pinhais
2604106,PE,0.39570111178229944,3241,1282.4673032864325,Caruaru
3106705,MG,0.2886787553029264,4432,1279.4242435025699,Betim
2925303,BA,0.5614750420644413,2257,1267.249169939444,Porto Seguro
4300604,RS,0.6124432072431067,2047,1253.6712452266395,Alvorada
2611101,PE,0.261613827117445,4737,1239.2646990553371,Petrolina
2903201,BA,0.6128810150937938,1999,1225.1491491724937,Barreiras
3515004,SP,0.43682131798387536,2795,1220.9155837649316,Embu das Artes
4314407,RS,0.5950529477249747,2041,1214.5030663066734,Pelotas
4318705,RS,0.5858103061186185,2056,1204.4259893798796,São Leopoldo
5200258,GO,0.41959973238638626,2851,1196.2788370335873,Águas Lindas de Goiás
2913606,BA,0.6868903956086141,1734,1191.0679459853368,Ilhéus
2105302,MA,0.4399369515833643,2704,1189.5895170814172,Imperatriz
2804805,SE,0.6526611906512064,1810,1181.3167550786836,Nossa Senhora do Socorro
4313409,RS,0.5630779911050634,2094,1179.0853133740027,Novo Hamburgo
1721000,TO,0.3644906638681801,3227,1176.211372302617,Palmas
4211900,SC,0.48066753913960925,2412,1159.3701044047375,Palhoça
3513009,SP,0.4024479633777088,2880,1159.0501345278012,Cotia
3538709,SP,0.3232670246172874,3540,1144.3652671451973,Piracicaba
4105805,PR,0.3753729023869045,3043,1142.2597419633505,Colombo
3301900,RJ,0.45289528753878017,2501,1132.6911141344892,Itaboraí
2700300,AL,0.45799582357876534,2457,1125.2957385330265,Arapiraca
3505708,SP,0.2595104022719073,4331,1123.9395522396305,Barueri
3302403,RJ,0.3785051811500196,2954,1118.1043051171578,Macaé
4202404,SC,0.3175582386420444,3449,1095.258365076411,Blumenau
3303302,RJ,0.42535722554038347,2516,1070.1987794596048,Niterói
3513801,SP,0.299134488606507,3567,1067.0127208594104,Diadema
3554102,SP,0.4318289064763148,2450,1057.9808208669713,Taubaté
4204202,SC,0.3611271878198151,2929,1057.7415331242385,Chapecó
3552809,SP,0.43034076409768346,2431,1046.1583975214685,Taboão da Serra
2919553,BA,0.6233106119800413,1639,1021.6060930352878,Luís Eduardo Magalhães
4108304,PR,0.28951233734376036,3528,1021.3995261487865,Foz do Iguaçu
4314100,RS,0.5743722947556836,1770,1016.6389617175599,Passo Fundo
4208203,SC,0.3787049770689198,2681,1015.308043521774,Itajaí
5107909,MT,0.35438119026248666,2820,999.3549565402124,Sinop
4316907,RS,0.5642631234325916,1764,995.3601497350915,Santa Maria
1702109,TO,0.46390333597267647,2092,970.4857788548392,Araguaína
3170107,MG,0.33517086166234855,2888,967.9734484808625,Uberaba
3300704,RJ,0.4051304404948594,2369,959.754013532322,Cabo Frio
2408003,RN,0.5401942487101518,1772,957.2242087143889,Mossoró
3516309,SP,0.4388811698572131,2173,953.6887820997241,Francisco Morato
3143302,MG,0.22796977252857784,4163,949.0381630364695,Montes Claros
3506003,SP,0.3411474742770618,2731,931.6737522506559,Bauru
5107602,MT,0.303903675257237,3054,928.1218242356018,Rondonópolis
1500107,PA,0.6164532800718379,1500,924.6799201077569,Abaetetuba
2919207,BA,0.6876242294728422,1337,919.35359480519,Lauro de Freitas
3519071,SP,0.3766740242558778,2440,919.0846191843418,Hortolândia
3548500,SP,0.38694536338594027,2370,917.0605112246784,Santos
3552403,SP,0.35208406114531426,2580,908.3768777549108,Sumaré
2303709,CE,0.25191347860577873,3586,903.3617342803225,Caucaia
4104808,PR,0.2551389620211906,3523,898.8545632006543,Cascavel
2403251,RN,0.5901764697379406,1522,898.2485869411456,Parnamirim
3524402,SP,0.4247479267042706,2112,897.0676211994195,Jacareí
3525904,SP,0.2500778955427727,3569,892.5280091921559,Jundiaí
3306305,RJ,0.35156276542459086,2537,891.914735882187,Volta Redonda
2931350,BA,0.6188827174337636,1403,868.2924525595703,Teixeira de Freitas
5201108,GO,0.24712140094414078,3473,858.2526254790009,Anápolis
4115200,PR,0.23640777697583076,3617,855.0869293215799,Maringá
4119905,PR,0.24980135596854672,3399,849.0748089370903,Ponta Grossa
1500602,PA,0.5477685078655666,1548,847.9456501758971,Altamira
3302700,RJ,0.3673884364986569,2287,840.2173542724282,Maricá
2609600,PE,0.3351596613735388,2502,838.5694727565941,Olinda
4216602,SC,0.3744517879004925,2234,836.5252941697003,São José
1501303,PA,0.5832081952727339,1434,836.3205520211004,Barcarena
2602902,PE,0.4278673356931605,1924,823.2167538736408,Cabo de Santo Agostinho
4315602,RS,0.5720718506945863,1432,819.2068901946476,Rio Grande
2307304,CE,0.3553437985656734,2290,813.7372987153921,Juazeiro do Norte
1502103,PA,0.625123554557117,1296,810.1601267060237,Cametá
2924009,BA,0.6773209760240734,1193,808.0439243967195,Paulo Afonso
3302007,RJ,0.5732644156965965,1408,807.1562973008079,Itaguaí
5212501,GO,0.2900992125787881,2768,802.9946204180856,Luziânia
1503606,PA,0.38326394924177665,2074,794.8894307274447,Itaituba
3516200,SP,0.23477097818057807,3375,792.352051359451,Franca
2111201,MA,0.4028315936102616,1961,789.952755069723,São José de Ribamar
3304144,RJ,0.6047103512917673,1304,788.5422980844645,Queimados
1501709,PA,0.6156911895824198,1276,785.6219579071676,Bragança
1302504,AM,0.5743876312053313,1362,782.3159537016612,Manacapuru
3520509,SP,0.3017897842747354,2549,769.2621601163006,Indaiatuba
2101400,MA,0.5959791779024669,1289,768.2171603162798,Balsas
2610707,PE,0.39876944337983783,1920,765.6373312892887,Paulista
3526902,SP,0.3109697677164749,2459,764.6746588148118,Limeira
1304062,AM,0.572714283127195,1323,757.7009965772789,Tabatinga
5003207,MS,0.5943459975329303,1263,750.6589948840909,Corumbá
2103000,MA,0.47798220884548903,1561,746.1302280078083,Caxias
2914802,BA,0.69102632878392,1076,743.5443297714979,Itabuna
3302858,RJ,0.6209328471798242,1193,740.7728866855304,Mesquita
1304203,AM,0.5497481240797178,1345,739.4112268872206,Tefé
3529401,SP,0.20048646054712935,3680,737.790174813436,Mauá
2707701,AL,0.5725848017827215,1284,735.1988854890144,Rio Largo
3300100,RJ,0.3766739507864808,1933,728.1107468702673,Angra dos Reis
1504422,PA,0.5219277068311814,1393,727.0452956158357,Marituba
2107506,MA,0.450386133396532,1590,716.1139521004859,Paço do Lumiar
5221858,GO,0.3410192832961691,2097,715.1174370720667,Valparaíso de Goiás
3303906,RJ,0.3333316067604167,2143,714.329633287573,Petrópolis
4109401,PR,0.2955914761197937,2414,713.557823353182,Guarapuava
3302270,RJ,0.6386478421502522,1108,707.6218091024795,Japeri
3157807,MG,0.2781381629140502,2541,706.7490719646015,Santa Luzia
1301902,AM,0.5365943428582255,1314,705.0849665157083,Itacoatiara
3522208,SP,0.36871539884556576,1894,698.3469654135015,Itapecerica da Serra
5220454,GO,0.3794053100493275,1823,691.655880219924,Senador Canedo
4107652,PR,0.3318240575909593,2077,689.1985676164225,Fazenda Rio Grande
4209300,SC,0.42917014436713785,1605,688.8180817092563,Lages
4204608,SC,0.33500847727909844,2032,680.7372258311281,Criciúma
3516408,SP,0.39401957186180653,1712,674.5615070274127,Franco da Rocha
4303103,RS,0.5794867248990021,1161,672.7840876077414,Cachoeirinha
2900702,BA,0.6075332847948411,1091,662.8188137111716,Alagoinhas
1508100,PA,0.5530591643903077,1188,657.0342872956855,Tucuruí
3205309,ES,0.2313560996856015,2823,653.1182694124531,Vitória
1600600,AP,0.39327501832614564,1660,652.8365304214018,Santana
2207702,PI,0.44622570331190026,1463,652.8282039453101,Parnaíba
4126256,PR,0.42082411427023836,1550,652.2773771188695,Sarandi
3300209,RJ,0.42059716209098547,1544,649.4020182684816,Araruama
3529005,SP,0.31454481499712694,2040,641.671422594139,Marília
4322400,RS,0.5707520290998721,1122,640.3837766500565,Uruguaiana
2930709,BA,0.5718904434148596,1117,638.8016252943981,Simões Filho
3548906,SP,0.2989298404611885,2133,637.617349703715,São Carlos
4309308,RS,0.6309448663794579,1001,631.5758112458374,Guaíba
1508001,PA,0.5212736905301402,1211,631.2624392319998,Tomé-Açu
4320008,RS,0.486431225570952,1293,628.9555746632409,Sapucaia do Sul
3543907,SP,0.3750484192262037,1670,626.3308601077601,Rio Claro
1500404,PA,0.6243470153437489,979,611.2357280215302,Alenquer
2918001,BA,0.5976765225676228,1021,610.2277295415429,Jequié
3127701,MG,0.28130966022779724,2167,609.5980337136366,Governador Valadares
3555406,SP,0.5304608619780642,1149,609.4995304127957,Ubatuba
3203205,ES,0.29299575412142276,2067,605.6222237689808,Linhares
1507953,PA,0.6006702382821821,1005,603.6735894735931,Tailândia
4101804,PR,0.3087646497089343,1952,602.7085962318398,Araucária
1303403,AM,0.4232063232742257,1410,596.7209158166582,Parintins
1505304,PA,0.6356085364859163,935,594.2939816143318,Oriximiná
2910727,BA,0.6140321860107383,966,593.1550916863732,Eunápolis
2112209,MA,0.2744335759426157,2150,590.0321882766237,Timon
3522307,SP,0.4089416780890574,1430,584.7865996673521,Itapetininga
1505502,PA,0.3938901510012726,1473,580.2001924248746,Paragominas
1507300,PA,0.6797190719150131,853,579.8003683435062,São Félix do Xingu
3541406,SP,0.33622033288629743,1720,578.2989725644316,Presidente Prudente
1200203,AC,0.47151734308729826,1219,574.7796412234165,Cruzeiro do Sul
4119509,PR,0.44144731933200076,1293,570.791383896277,Piraquara
4100400,PR,0.48201124669441564,1179,568.291259852716,Almirante Tamandaré
3522109,SP,0.4244547154786143,1337,567.4959545949073,Itanhaém
1301852,AM,0.6296790312857549,897,564.8220910633221,Iranduba
3507605,SP,0.37682915032064995,1475,555.8229967229587,Bragança Paulista
2103307,MA,0.4528772500372893,1226,555.2275085457167,Codó
1501808,PA,0.4983077884152055,1105,550.6301061988021,Breves
1504703,PA,0.6526462657731995,841,548.8755095152608,Moju
3305802,RJ,0.36287901107637477,1507,546.8586696920968,Teresópolis
4118204,PR,0.3445490979925732,1585,546.1103203182286,Paranaguá
3547304,SP,0.3167721214616519,1716,543.5809604281947,Santana de Parnaíba
3201209,ES,0.2805933541851194,1931,541.8257669314655,Cachoeiro de Itapemirim
1301209,AM,0.541694633966777,992,537.3610768950427,Coari
4316808,RS,0.5009303575830276,1066,533.9917611835075,Santa Cruz do Sul
1502152,PA,0.36366008473721173,1462,531.6710438858036,Canaã dos Carajás
1505809,PA,0.5973724445645053,889,531.0641032178453,Portel
4211306,SC,0.3906681291654405,1351,527.7926425025101,Navegantes
5006606,MS,0.29653565245385666,1779,527.536925715411,Ponta Porã
1506500,PA,0.6458825466128291,814,525.7483929428429,Santa Izabel do Pará
3510500,SP,0.3705140463417852,1417,525.0184036663096,Caraguatatuba
4119152,PR,0.37675248241128406,1393,524.8162079989187,Pinhais
4301602,RS,0.5594817370739611,936,523.6749059012276,Bagé
3503208,SP,0.28371639526144793,1831,519.4847197237111,Araraquara
1506138,PA,0.42467440501354264,1217,516.8287509014814,Redenção
1100122,RO,0.3383200486554749,1519,513.9081539076664,Ji-Paraná
3303401,RJ,0.33060403483168727,1536,507.80779750147167,Nova Friburgo
1502806,PA,0.7106367481822786,709,503.84145446123557,Curralinho
3304524,RJ,0.3392143164873385,1485,503.73325998369774,Rio das Ostras
3129806,MG,0.2971060689487718,1685,500.62372617868044,Ibirité
2104800,MA,0.507619002961313,985,500.0047179168933,Grajaú
3551702,SP,0.3667897451166614,1353,496.2665251428429,Sertãozinho
3300407,RJ,0.3557840133303782,1392,495.2513465558864,Barra Mansa
3515707,SP,0.2591728759193189,1908,494.5018472540605,Ferraz de Vasconcelos
3545803,SP,0.2888315684628792,1707,493.0354873661348,Santa Bárbara d'Oeste
4203204,SC,0.3653740035758993,1348,492.5241568203122,Camboriú
2513703,PB,0.5301515146388823,929,492.5107570995217,Santa Rita
3167202,MG,0.26148131283584297,1866,487.924129751683,Sete Lagoas
4104204,PR,0.30105371354378596,1610,484.6964788054954,Campo Largo
3523909,SP,0.3010149772440261,1610,484.634113362882,Itu
4208906,SC,0.24899900079185713,1943,483.8050585385784,Jaraguá do Sul
4302105,RS,0.4689161381046854,1031,483.45253838593067,Bento Gonçalves
3513504,SP,0.4446900755881509,1085,482.4887320131437,Cubatão
2802908,SE,0.6078702383270888,793,482.04109899338135,Itabaiana
4202909,SC,0.298067232953316,1608,479.29211058893213,Brusque
2803500,SE,0.6026809400106102,792,477.3233044884033,Lagarto
2616407,PE,0.44076531297098315,1079,475.5857726956908,Vitória de Santo Antão
3131307,MG,0.21876726195051094,2162,472.97482033700464,Ipatinga
3303203,RJ,0.5136512094334905,920,472.5591126788113,Nilópolis
2907202,BA,0.725620848566444,651,472.37917241675507,Casa Nova
2930501,BA,0.7343340811315378,640,469.9738119241842,Serrinha
2917508,BA,0.6782981862197506,692,469.3823448640674,Jacobina
3305208,RJ,0.42098485178563344,1113,468.55614003741,São Pedro da Aldeia
3501608,SP,0.3110530892549515,1502,467.20174006093714,Americana
3538006,SP,0.28366562050537497,1635,463.79328952628805,Pindamonhangaba
4307005,RS,0.46822361088024295,990,463.54137477144053,Erechim
2100055,MA,0.3696594803127162,1249,461.70469091058254,Açailândia
3539806,SP,0.37590437597111553,1218,457.8515299328187,Poá
2612505,PE,0.3902692160569157,1170,456.6149827865914,Santa Cruz do Capibaribe
2916401,BA,0.6477219607317604,703,455.3485383944275,Itapetinga
5007901,MS,0.5774814771421698,787,454.47792251088765,Sidrolândia
3550704,SP,0.4356057279994261,1040,453.02995711940315,São Sebastião
3504107,SP,0.2709298025484876,1671,452.72370005852275,Atibaia
3556503,SP,0.3853863585529953,1173,452.05819858266347,Várzea Paulista
2407104,RN,0.641647452194621,704,451.7198063450132,Macaíba
1100023,RO,0.33883397847786706,1325,448.9550214831739,Ariquemes
4319901,RS,0.5082746695128333,883,448.80653317983183,Sapiranga
3554003,SP,0.3478267895228365,1282,445.91394416827643,Tatuí
3502804,SP,0.26693886115916415,1660,443.1185095242125,Araçatuba
2903904,BA,0.6324883747305812,693,438.3144436882927,Bom Jesus da Lapa
2402600,RN,0.5740411099344827,763,437.9933668800102,Ceará-Mirim
2412005,RN,0.5767206642786992,758,437.154263523254,São Gonçalo do Amarante
3557006,SP,0.40349956871293885,1076,434.1655359351222,Votorantim
2101202,MA,0.4637912809175944,935,433.6448476579508,Bacabal
5208004,GO,0.3457892692586178,1247,431.19921876549637,Formosa
2403608,RN,0.5818801283668955,741,431.1731751198696,Extremoz
2702405,AL,0.5918861612139318,724,428.5255807188866,Delmiro Gouveia
3305554,RJ,0.5001151250174554,855,427.59843188992437,Seropédica
5215231,GO,0.4075401778619765,1046,426.2870260436274,Novo Gama
2307650,CE,0.13609471649111257,3113,423.6628524368335,Maracanaú
2902104,BA,0.7125091005190766,588,418.955351105217,Araci
5205497,GO,0.3181927756587793,1313,417.78711443997724,Cidade Ocidental
2704708,AL,0.45665480607962533,910,415.55587353245903,Marechal Deodoro
1718204,TO,0.4990385896288435,829,413.70299080231126,Porto Nacional
2911709,BA,0.5614071250999085,735,412.6342369484328,Guanambi
5107958,MT,0.33145329997814477,1242,411.6649985728558,Tangará da Serra
2906006,BA,0.6122473824079949,672,411.4302409781726,Campo Formoso
2102325,MA,0.5179679357613446,793,410.7485730587462,Buriticupu
3530706,SP,0.29087535430731476,1411,410.42512492762114,Mogi Guaçu
3171204,MG,0.26911893648364327,1511,406.63871302678496,Vespasiano
2910057,BA,0.6471758242418191,627,405.7792417996206,Dias d'Ávila
1505064,PA,0.5166433233673243,785,405.5650088433496,Novo Repartimento
2915601,BA,0.5980668154791745,677,404.89123407940116,Itamaraju
1508308,PA,0.6096567827822061,664,404.8121037673849,Viseu
2103208,MA,0.5181375154059955,780,404.1472620166765,Chapadinha
2109908,MA,0.45959124277416646,879,403.9807023984923,Santa Inês
3204906,ES,0.27936234993161263,1439,402.00242155159054,São Mateus
2609907,PE,0.6277997900721088,640,401.79186564614963,Ouricuri
4322509,RS,0.5392232783705927,744,401.18211910772095,Vacaria
3507506,SP,0.34293844242961374,1164,399.18034698807037,Botucatu
2600054,PE,0.4913221688891523,812,398.95360113799165,Abreu e Lima
1504802,PA,0.5447998937749923,726,395.5247228806444,Monte Alegre
1709500,TO,0.4554620472895181,865,393.9746709054332,Gurupi
2603454,PE,0.3763557839668331,1045,393.2917942453406,Camaragibe
2606002,PE,0.30960480785540034,1270,393.1981059763584,Garanhuns
2412203,RN,0.6084655738356989,643,391.2433639763544,São José de Mipibu
1500305,PA,0.5851417404568241,668,390.87468262515847,Afuá
4314050,RS,0.5694638713126692,686,390.6522157204911,Parobé
2932903,BA,0.6863982954076936,568,389.87423179156997,Valença
2914703,BA,0.6214178253544053,623,387.1433051957945,Itaberaba
3305505,RJ,0.2982869003037214,1296,386.57982279362295,Saquarema
1303809,AM,0.5844178392563778,659,385.131356069953,São Gabriel da Cachoeira
1300300,AM,0.5817227274413087,661,384.51872283870506,Autazes
3525003,SP,0.3947657127708368,972,383.7122728132533,Jandira
3202405,ES,0.24297534418999583,1577,383.17211778762345,Guarapari
2601706,PE,0.4967458748139789,770,382.49432360676377,Belo Jardim
3122306,MG,0.19690762433901743,1942,382.39460646637184,Divinópolis
5204508,GO,0.3210209392164337,1191,382.3359386067725,Caldas Novas
4311403,RS,0.45322987448609814,843,382.0727841917807,Lajeado
2914604,BA,0.5260794697236454,723,380.35545661019563,Irecê
5107040,MT,0.3085061618332813,1227,378.5370605694361,Primavera do Leste
4304630,RS,0.6017747126266914,629,378.51629424218885,Capão da Canoa
1503101,PA,0.6203495045060827,610,378.41319774871045,Gurupá
4307708,RS,0.5190008138874053,725,376.27559006836884,Esteio
4321600,RS,0.5666484097559936,658,372.8546536194438,Tramandaí
1503309,PA,0.5962829164528444,623,371.484256950122,Igarapé-Miri
3508504,SP,0.4391040365655208,845,371.0429108978651,Caçapava
3145208,MG,0.2429881442621789,1526,370.799908144085,Nova Serrana
1504901,PA,0.6459411224117142,574,370.770204264324,Muaná
3519709,SP,0.3901537438420636,950,370.6460566499604,Ibiúna
3548807,SP,0.28883366047896747,1282,370.2847527340363,São Caetano do Sul
1100049,RO,0.3364572753117176,1097,369.0936310169542,Cacoal
2902708,BA,0.6782603917696968,544,368.97365312271506,Barra
1507607,PA,0.535771941666982,687,368.0753239252167,São Miguel do Guamá
2601102,PE,0.383447259699736,958,367.34247479234705,Araripina
3531803,SP,0.43106939116113246,849,365.97791309580145,Monte Mor
2926608,BA,0.6057950223300752,604,365.9001934873654,Ribeira do Pombal
4101507,PR,0.2880969780372863,1270,365.8831621073536,Arapongas
1100304,RO,0.31060501965089315,1177,365.58210812910124,Vilhena
2613701,PE,0.43368438537645687,841,364.7285681016002,São Lourenço da Mata
3300308,RJ,0.5283260348888852,690,364.5449640733308,Barra do Piraí
3505500,SP,0.3162664022247496,1150,363.70636255846205,Barretos
5102504,MT,0.3322135046691676,1091,362.44493359406187,Cáceres
2802106,SE,0.6363125228571718,566,360.1528879371592,Estância
2607208,PE,0.2803134958181935,1284,359.92252863056046,Ipojuca
2606200,PE,0.5041635447326471,713,359.4686073943774,Goiana
3509205,SP,0.3517068236553153,1022,359.44437377573223,Cajamar
4128104,PR,0.3155898104716501,1138,359.1412043167378,Umuarama
4317509,RS,0.5201560476760324,690,358.9076728964624,Santo Ângelo
4218004,SC,0.5092437348795581,700,356.47061441569065,Tijucas
4202305,SC,0.45722141521982523,776,354.8038182105844,Biguaçu
3509007,SP,0.38134698263365663,929,354.271346866667,Caieiras
3545209,SP,0.2624966192942649,1349,354.1079394279633,Salto
2928703,BA,0.6008359383876227,589,353.89236771030977,Santo Antônio de Jesus
3168606,MG,0.2744873236830684,1289,353.81416022747516,Teófilo Otoni
3152501,MG,0.2644520855611583,1336,353.3079863097075,Pouso Alegre
2924405,BA,0.7245891758364228,486,352.15033945650146,Pilão Arcado
2908408,BA,0.6698936907566005,524,351.0242939564587,Conceição do Coité
1508209,PA,0.6356569956747561,550,349.61134762111584,Vigia
4317103,RS,0.5351124863899634,653,349.42845361264614,Sant'Ana do Livramento
1303536,AM,0.6248156679870928,559,349.27195840478487,Presidente Figueiredo
3509601,SP,0.4226541890477025,821,346.99908920816375,Campo Limpo Paulista
1503903,PA,0.4825538381572529,717,345.99110195875033,Juruti
3504008,SP,0.4042266021322395,848,342.7841586081391,Assis
4202008,SC,0.337263532728712,1013,341.6479586541853,Balneário Camboriú
2930105,BA,0.7056773375491268,481,339.43079936112997,Senhor do Bonfim
4201307,SC,0.41094283162427836,825,339.02783609002967,Araquari
1501501,PA,0.36339458519068585,930,337.95696422733783,Benevides
1300508,AM,0.6788811350744399,497,337.40392413199663,Barreirinha
4218707,SC,0.35544939891923183,949,337.32147957435103,Tubarão
2706307,AL,0.4959291962264869,679,336.7359242377846,Palmeira dos Índios
2112506,MA,0.4660520475040805,722,336.48957829794614,Tutóia
3522406,SP,0.3673389260503535,916,336.48245626212383,Itapeva
4303905,RS,0.48135406607442144,697,335.50378405387175,Campo Bom
3525300,SP,0.3357439742248439,999,335.40823025061906,Jaú
2904605,BA,0.5533496065722107,606,335.3298615827597,Brumado
3556206,SP,0.38407741397011785,872,334.9155049819428,Valinhos
2921005,BA,0.4916530234566907,677,332.8490968801796,Mata de São João
2108603,MA,0.527114001572733,631,332.60893499239455,Pinheiro
1508407,PA,0.5103170687900044,651,332.2164117822929,Xinguara
4307906,RS,0.42074878556475837,787,331.12929423946485,Farroupilha
4312401,RS,0.520486388817222,636,331.0293432877532,Montenegro
1200609,AC,0.4901216633412268,675,330.8321227553281,Tarauacá
2928802,BA,0.6621236615257923,499,330.3997071013703,Santo Estêvão
3526704,SP,0.3157081530549305,1043,329.2836036362925,Leme
3518404,SP,0.36144205058588635,911,329.27370808374246,Guaratinguetá
2706703,AL,0.5003855444074297,657,328.75330267568125,Penedo
3537602,SP,0.4439534224654777,740,328.5255326244535,Peruíbe
1504505,PA,0.692035033015746,474,328.0246056494636,Melgaço
2930204,BA,0.694501792491889,471,327.11034426367974,Sento Sé
1302900,AM,0.48087442827548804,680,326.99461122733186,Maués
5107925,MT,0.18854208428812552,1733,326.74343207132154,Sorriso
5221403,GO,0.18693614394636024,1734,324.14727360298866,Trindade
5217609,GO,0.21763390954549353,1485,323.1863556750579,Planaltina
4310207,RS,0.4024464255349652,800,321.95714042797215,Ijuí
2606804,PE,0.28251472159301017,1139,321.7842678944386,Igarassu
4303004,RS,0.5621550504632963,572,321.55268886500545,Cachoeira do Sul
3200607,ES,0.251406210647886,1279,321.54854341864615,Aracruz
4318002,RS,0.5505496888999637,581,319.8693692508789,São Borja
3156700,MG,0.2733669609287664,1167,319.01924340387035,Sabará
2910701,BA,0.6563817215648645,486,319.00151668052416,Euclides da Cunha
2909901,BA,0.7148055862160672,446,318.80329145236595,Curaçá
4202107,SC,0.48877656740832554,652,318.68232195022824,Barra Velha
1505205,PA,0.6586724012478525,483,318.1387698027128,Oeiras do Pará
5105259,MT,0.2345430628581094,1355,317.80585017273825,Lucas do Rio Verde
2902906,BA,0.6877029467781058,462,317.7187614114849,Barra do Choça
1502202,PA,0.4138742873354298,766,317.02770409893924,Capanema
1300607,AM,0.563485416112615,560,315.55183302306443,Benjamin Constant
3543303,SP,0.30948620391324133,1018,315.05695558367967,Ribeirão Pires
4318309,RS,0.5898794418000415,534,314.99562192122215,São Gabriel
4317202,RS,0.4226449339102729,744,314.44783082924306,Santa Rosa
3170701,MG,0.2623340780456179,1198,314.27622549865026,Varginha
1500909,PA,0.5815390302947815,539,313.44953732888723,Augusto Corrêa
3536505,SP,0.2968700568370445,1054,312.9010399062449,Paulínia
4300406,RS,0.5890215149417705,530,312.18140291913835,Alegrete
5008305,MS,0.17866591383416872,1747,312.1293514682927,Três Lagoas
1301704,AM,0.4042378430544787,772,312.07161483805754,Humaitá
2933604,BA,0.6331961825577428,492,311.53252181840946,Xique-Xique
2105401,MA,0.35478006456631206,877,311.14211662465567,Itapecuru Mirim
4127106,PR,0.33287896469490086,927,308.5788002721731,Telêmaco Borba
3306008,RJ,0.41804411677969816,738,308.51655818341726,Três Rios
3524006,SP,0.4200453986663014,734,308.31332262106525,Itupeva
3534708,SP,0.3487278617469271,883,307.9267019225366,Ourinhos
3304201,RJ,0.31278659487875354,984,307.7820093606935,Resende
1506203,PA,0.5287244117773613,579,306.13143441909216,Salinópolis
2926004,BA,0.6108724935461162,501,306.0471192666042,Remanso
2801207,SE,0.6689344351386288,454,303.6962335529375,Canindé de São Francisco
2804508,SE,0.5837597751801619,519,302.971323318504,Nossa Senhora da Glória
3531100,SP,0.48706506213685746,620,301.9803385248516,Mongaguá
3504503,SP,0.3755711728268747,804,301.95922295280724,Avaré
1500206,PA,0.5460759171605694,551,300.88783035547374,Acará
4127700,PR,0.20725934284772835,1444,299.28249107211974,Toledo
5005400,MS,0.4542078217990553,657,298.41453892197933,Maracaju
2110005,MA,0.4171403400859377,715,298.25534316144547,Santa Luzia
2909802,BA,0.6465387143134329,460,297.4078085841791,Cruz das Almas
2906501,BA,0.6066071067493769,490,297.2374823071947,Candeias
4108403,PR,0.257923821262028,1149,296.3544706300702,Francisco Beltrão
1501782,PA,0.4885288597111294,606,296.0484889849444,Breu Branco
2925105,BA,0.6016643581689906,491,295.41719986097434,Poções
2103604,MA,0.4361820452258309,677,295.29524461788753,Coroatá
2906808,BA,0.722851471254899,408,294.9234002719988,Cansanção
5219753,GO,0.38896110663714695,758,294.8325188309574,Santo Antônio do Descoberto
1506005,PA,0.5244614572210722,562,294.74733895824255,Prainha
2929909,BA,0.6213130196923399,472,293.2597452947844,Seabra
1100106,RO,0.5441031377036106,538,292.72748808454253,Guajará-Mirim
3205101,ES,0.2727660199609578,1072,292.40517339814676,Viana
1503804,PA,0.5946540297397263,491,291.9751286022056,Jacundá
3503901,SP,0.30431156780575663,958,291.53048195791484,Arujá
4306106,RS,0.4843666016476472,601,291.104327590236,Cruz Alta
2930154,BA,0.6916788377679282,420,290.5051118625298,Serra do Ramalho
4101408,PR,0.22983559659249142,1256,288.6735093201692,Apucarana
1505486,PA,0.5487817752178222,524,287.56165021413887,Pacajá
5003306,MS,0.5597654172690689,513,287.1596590590324,Coxim
2510808,PB,0.30658566019077993,936,286.96417793857,Patos
1505106,PA,0.4828924525594833,594,286.8381168203331,Óbidos
3302601,RJ,0.5938013667350002,481,285.6184573995351,Mangaratiba
5211909,GO,0.26503472256105987,1077,285.44239619826146,Jataí
3304755,RJ,0.49448318128560775,577,285.31679560179566,São Francisco de Itabapoana
3523404,SP,0.27488589447704465,1033,283.9571289947871,Itatiba
2923001,BA,0.5994416412044816,470,281.73757136610635,Nova Viçosa
3503307,SP,0.2841455219905961,991,281.58821229268074,Araras
3119401,MG,0.3340670066188151,839,280.2822185531859,Coronel Fabriciano
2501807,PB,0.5501863990100575,509,280.04487709611925,Bayeux
3306107,RJ,0.3800625330287241,736,279.72602430914094,Valença
2914000,BA,0.6493244655312954,430,279.209520178457,Ipirá
4303509,RS,0.49562865841052206,563,279.03893468512393,Camaquã
3124104,MG,0.292335800070289,952,278.3036816669151,Esmeraldas
3301850,RJ,0.5105291403324915,545,278.23838148120785,Guapimirim
5211503,GO,0.23903623812516248,1162,277.7601087014388,Itumbiara
1502707,PA,0.5476262974683075,507,277.6465328164319,Conceição do Araguaia
3103504,MG,0.25977315475188134,1065,276.65840981075365,Araguari
3506359,SP,0.27613642842538666,1000,276.13642842538667,Bertioga
3300803,RJ,0.4979527010577706,553,275.36784368494716,Cachoeiras de Macacu
2101608,MA,0.3063958508781201,898,275.14347408855184,Barra do Corda
3527207,SP,0.41800242203200777,657,274.6275912750291,Lorena
1301407,AM,0.5690136952025986,482,274.2646010876525,Eirunepé
2806701,SE,0.37450295087341845,732,274.1361600393423,São Cristóvão
1303700,AM,0.5502962830913876,498,274.047548979511,Santo Antônio do Içá
1301100,AM,0.6256474873847709,438,274.0335994745297,Careiro
4103701,PR,0.2523434695611087,1083,273.28797753468075,Cambé
2919504,BA,0.612222710038618,446,273.0513286772236,Livramento de Nossa Senhora
2925501,BA,0.6362680589676751,424,269.77765700229423,Prado
2102200,MA,0.6136433401201029,439,269.38942631272516,Buriti
2917607,BA,0.4811093932449103,558,268.45904143065997,Jaguaquara
3134202,MG,0.2853994794537501,939,267.9901112070713,Ituiutaba
5005707,MS,0.339065834404594,786,266.50574584201087,Naviraí
4307609,RS,0.4688903112904095,568,266.3296968129526,Estância Velha
3131703,MG,0.2678128423664286,992,265.6703396274972,Itabira
2910602,BA,0.7042936643880752,377,265.5187114743043,Esplanada
2905206,BA,0.603152378845776,439,264.78389431329566,Caetité
1300805,AM,0.5922006448987341,447,264.7136882697342,Borba
1502301,PA,0.5060977325585725,523,264.6891141281334,Capitão Poço
1506708,PA,0.4272271399568206,619,264.45359963327195,Santana do Araguaia
3201506,ES,0.2160209258180253,1223,264.1935922754449,Colatina
3530805,SP,0.3508236913524446,753,264.1702395883908,Mogi Mirim
1100288,RO,0.3168753914352702,833,263.9572010655801,Rolim de Moura
2702900,AL,0.4891904061937723,537,262.69524812605573,Girau do Ponciano
4104303,PR,0.2483437664059089,1057,262.4993610910457,Campo Mourão
3147006,MG,0.27798217110742623,944,262.41516952541036,Paracatu
4203006,SC,0.2945774072052638,890,262.1738924126848,Caçador
3148004,MG,0.1837030228937533,1417,260.3071834404484,Patos de Minas
4204301,SC,0.2710092089294554,956,259.08480373655937,Concórdia
4122404,PR,0.2773139182658821,934,259.0111996603339,Rolândia
2708006,AL,0.4584981383534309,564,258.592950031335,Santana do Ipanema
4208302,SC,0.27532487527691407,939,258.5300578850223,Itapema
5206206,GO,0.27757358756859885,929,257.8658628512283,Cristalina
3113404,MG,0.2762370844665628,932,257.45296272283656,Caratinga
2933208,BA,0.6165855626801011,417,257.11617963760216,Vera Cruz
4205902,SC,0.30207325557614173,850,256.7622672397205,Gaspar
3135209,MG,0.3575082426841759,718,256.6909182472383,Januária
3515103,SP,0.34441840409661234,743,255.90287424378297,Embu-Guaçu
2208403,PI,0.3317909219900172,770,255.47900993231326,Piripiri
4306767,RS,0.6790235787838843,376,255.3128656227405,Eldorado do Sul
1303908,AM,0.5632244129058072,453,255.14065904633063,São Paulo de Olivença
3528502,SP,0.31677162144214827,805,255.00115526092935,Mairiporã
4207502,SC,0.2744739735246881,929,254.98632140443524,Indaial
1600501,AP,0.6291353194662864,404,254.1706690643797,Oiapoque
3104007,MG,0.22246645153332745,1142,254.05668765105995,Araxá
1507706,PA,0.5496087496427466,462,253.91924233494896,São Sebastião da Boa Vista
4304705,RS,0.5075999134109496,500,253.79995670547476,Carazinho
2807402,SE,0.5221524896667921,486,253.76610997806094,Tobias Barreto
2917003,BA,0.7224670118082981,351,253.58592114471261,Itiúba
4313508,RS,0.5238833816343995,481,251.98790656614617,Osório
2931905,BA,0.6336451155471385,395,250.28982064111972,Tucano
2914653,BA,0.6986371319142137,358,250.11209322528853,Itabela
3170404,MG,0.2605642609875812,958,249.62056202610276,Unaí
4304408,RS,0.4813333692398464,518,249.33068526624044,Canela
2927705,BA,0.6046846843439471,412,249.1300899497062,Santa Cruz Cabrália
2305506,CE,0.32786951652242396,759,248.8529630405198,Iguatu
3151800,MG,0.22012273682809697,1130,248.73869261574959,Poços de Caldas
4201406,SC,0.3515283186426799,707,248.5305212803747,Araranguá
5007208,MS,0.4034545839532498,616,248.52802371520187,Rio Brilhante
2109106,MA,0.49514781597604496,501,248.06905580399854,Presidente Dutra
4117602,PR,0.41043057934302823,604,247.90006992318905,Palmas
5218805,GO,0.0976797979633755,2532,247.32524844326676,Rio Verde
2503704,PB,0.43274651225499666,570,246.6655119853481,Cajazeiras
2928604,BA,0.6058513059950354,407,246.58148153997942,Santo Amaro
2706901,AL,0.4705892069892834,523,246.11815525539524,Pilar
3550605,SP,0.3670800024754092,670,245.94360165852413,São Roque
1501204,PA,0.5940336018301576,413,245.3358775558551,Baião
2907103,BA,0.6617802811303668,370,244.85870401823573,Carinhanha
1508084,PA,0.4534252381874544,540,244.84962862122538,Tucumã
2606408,PE,0.5192983786030259,470,244.07023794342214,Gravatá
2807105,SE,0.596643526379968,408,243.43055876302694,Simão Dias
1302702,AM,0.38687083984459153,629,243.34175826224808,Manicoré
2922003,BA,0.5176863708885368,470,243.31259431761228,Mucuri
1400472,RR,0.49032881029471775,496,243.20308990618,Rorainópolis
4104907,PR,0.24703215217232763,984,243.07963773757038,Castro
3557105,SP,0.32368497090928844,750,242.76372818196634,Votuporanga
1505031,PA,0.3892486437151389,622,242.1126563908164,Novo Progresso
2805406,SE,0.6637365552625069,363,240.93636956029,Poço Redondo
4216206,SC,0.3852635243240423,622,239.63391212955432,São Francisco do Sul
5005608,MS,0.5828513179627132,411,239.55189168267512,Miranda
4214805,SC,0.4076421330076279,587,239.28593207547758,Rio do Sul
2929206,BA,0.7100258840462325,336,238.5686970395341,São Francisco do Conde
2516201,PB,0.3972120625843966,599,237.93002548805356,Sousa
2928109,BA,0.6950954746008602,342,237.72265231349417,Santa Maria da Vitória
4118402,PR,0.24998598398303684,949,237.23669879990197,Paranavaí
3138203,MG,0.29015710557328483,815,236.47804104222712,Lavras
2211100,PI,0.42319118164936376,558,236.140679360345,União
3556701,SP,0.3367143132250773,700,235.7000192575541,Vinhedo
3143906,MG,0.22830772970193314,1028,234.70034613358726,Muriaé
4118501,PR,0.27401411748894033,849,232.63798574811037,Pato Branco
4322608,RS,0.4279112281558031,543,232.3557968886011,Venâncio Aires
1500859,PA,0.5500701245762564,422,232.12959257118018,Anapu
4321501,RS,0.487840659483072,475,231.7243132544592,Torres
2605202,PE,0.5399782368754469,428,231.11068538269126,Escada
2803005,SE,0.4511062675484239,511,230.51530271724462,Itabaianinha
3161106,MG,0.31392340118376777,734,230.41977646888554,São Francisco
2909307,BA,0.6902263313550692,333,229.84536834123801,Correntina
4105508,PR,0.2390397838703839,960,229.47819251556857,Cianorte
1503457,PA,0.5794684422056157,395,228.8900346712182,Ipixuna do Pará
1500503,PA,0.5898703255457479,388,228.8696863117502,Almeirim
4313904,RS,0.42140357833910375,542,228.40073945979424,Panambi
2601201,PE,0.29543419150906053,773,228.3706300365038,Arcoverde
1100114,RO,0.3249987520874389,701,227.82412521329465,Jaru
2402204,RN,0.5925773682545954,384,227.54970940976463,Canguaretama
1503705,PA,0.5329389836060222,426,227.03200701616547,Itupiranga
2400208,RN,0.5629653097807373,403,226.87501984163714,Assú
3527306,SP,0.3350594209945613,676,226.50016859232346,Louveira
2905800,BA,0.6966983991015991,325,226.42697970801973,Camamu
2919157,BA,0.6944966705150882,325,225.71141791740368,Lapão
1503077,PA,0.6451391069845501,349,225.153548337608,Garrafão do Norte
1200104,AC,0.4862835163425359,463,225.14926806659412,Brasiléia
2913903,BA,0.6956962090002329,323,224.70987550707522,Ipiaú
1600279,AP,0.47680872907148447,471,224.5769113926692,Laranjal do Jari
3506508,SP,0.198899852876684,1126,223.9612343391462,Birigui
3506102,SP,0.38431228987031363,581,223.28544041465221,Bebedouro
2906303,BA,0.678011509179944,328,222.38777501102163,Canavieiras
2921500,BA,0.7035832652974147,316,222.33231183398303,Monte Santo
1507003,PA,0.6390696554439147,347,221.75717043903842,Santo Antônio do Tauá
5001102,MS,0.3251536254536422,682,221.75477255938395,Aquidauana
4117503,PR,0.31799771213006645,696,221.32640764252625,Paiçandu
3519600,SP,0.3881325467066643,567,220.07115398267865,Ibitinga
2404200,RN,0.5542659803169993,397,220.04359418584872,Goianinha
2503209,PB,0.38132080752719705,577,220.02210594319268,Cabedelo
3302205,RJ,0.3194011466553517,688,219.74798889888194,Itaperuna
2708600,AL,0.3955870569824613,555,219.55081662526604,São Miguel dos Campos
3303807,RJ,0.48920763419131374,448,219.16502011770856,Paraty
3118304,MG,0.17363897182724167,1260,218.7851045023245,Conselheiro Lafaiete
4321204,RS,0.48416804074475844,451,218.35978637588605,Taquara
1302306,AM,0.5881301250262307,371,218.1962763847316,Jutaí
2916500,BA,0.5282015275748435,412,217.61902936083553,Itapicuru
5106422,MT,0.4284468632691087,505,216.36566595089988,Peixoto de Azevedo
1302405,AM,0.37397067680027474,578,216.1550511905588,Lábrea
3148103,MG,0.2443748089434676,883,215.7829562970819,Patrocínio
3503802,SP,0.35614321222338446,605,215.4666433951476,Artur Nogueira
2515302,PB,0.4899020849676708,438,214.5771132158398,Sapé
3147907,MG,0.1703005262494876,1259,214.4083625481049,Passos
2101707,MA,0.2941368155291944,728,214.13160170525353,Barreirinhas
2927002,BA,0.6113725622203445,350,213.9803967771206,Rio Real
1504604,PA,0.6206778065734585,342,212.2718098481228,Mocajuba
2919801,BA,0.6777348304911676,313,212.13100194373544,Macaúbas
2700409,AL,0.44928058708836227,472,212.060437105707,Atalaia
2707107,AL,0.6018068142485604,352,211.83599861549325,Piranhas
5106752,MT,0.25818998318166536,819,211.45759622578393,Pontes e Lacerda
2913705,BA,0.6729882863509403,313,210.64533362784434,Inhambupe
1303569,AM,0.5656377821912725,372,210.41725497515336,Rio Preto da Eva
3120904,MG,0.25975456289028986,809,210.14144137824448,Curvelo
4207304,SC,0.37175803955119285,565,210.04329234642395,Imbituba
1716109,TO,0.32281641604276406,649,209.50785401175386,Paraíso do Tocantins
1507805,PA,0.5961211406260993,351,209.23852035976086,Senador José Porfírio
3513405,SP,0.4017498431052717,519,208.508168571636,Cruzeiro
5205109,GO,0.21382310899262133,975,208.4775312678058,Catalão
1303106,AM,0.5971418420438277,349,208.40250287329587,Nova Olinda do Norte
3139409,MG,0.21007786854675625,992,208.3972455983822,Manhuaçu
3549102,SP,0.3170915237700808,656,208.012039593173,São João da Boa Vista
2704500,AL,0.49201245791229375,422,207.62925723898798,Maragogi
2613008,PE,0.3337903962483013,622,207.61762646644343,São Bento do Una
2803203,SE,0.5761834592166603,360,207.42604531799768,Itaporanga d'Ajuda
3509700,SP,0.36352280114979546,568,206.48095105308383,Campos do Jordão
2800605,SE,0.6531162691120821,315,205.73162477030584,Barra dos Coqueiros
1304237,AM,0.6211261700845747,331,205.59276229799423,Tonantins
1301605,AM,0.5349915958567698,384,205.43677280899962,Fonte Boa
1503093,PA,0.5594455326021343,367,205.31651046498328,Goianésia do Pará
4314803,RS,0.5321825312794135,385,204.8902745425742,Portão
5005202,MS,0.5738888620996586,357,204.87832376957812,Ladário
1500701,PA,0.5914729860970362,346,204.64965318957454,Anajás
4207007,SC,0.2762181334648002,740,204.40141876395214,Içara
1503200,PA,0.5941952293846932,343,203.80896367894977,Igarapé-Açu
3551504,SP,0.43734403055126553,466,203.80231823688973,Serrana
2411205,RN,0.5868552871601994,347,203.63878464458918,Santa Cruz
2307700,CE,0.1798064341076821,1131,203.36107697578845,Maranguape
3125101,MG,0.2692466177652068,755,203.28119641273113,Extrema
2801306,SE,0.611771482772943,332,203.1081322806171,Capela
3305000,RJ,0.3843017554071843,528,202.91132685499332,São João da Barra
3508405,SP,0.3009731588128484,674,202.85590903985982,Cabreúva
2208007,PI,0.3268518902494968,620,202.64817195468802,Picos
2900801,BA,0.6750696085770534,300,202.52088257311604,Alcobaça
2615409,PE,0.3558740325104822,568,202.13645046595389,Toritama
1505437,PA,0.4588190039645338,440,201.88036174439486,Ourilândia do Norte
2609402,PE,0.4756241716517148,424,201.66464878032707,Moreno
3525201,SP,0.4045482389783511,497,201.0604747722405,Jarinu
3135100,MG,0.249411995268606,805,200.77665619122783,Janaúba
2402006,RN,0.5292832619605448,378,200.0690730210859,Caicó
1100338,RO,0.47188527312993295,423,199.60747053396165,Nova Mamoré
2906204,BA,0.6236552538556477,320,199.56968123380727,Canarana
5007109,MS,0.4686054362336971,425,199.15731039932126,Ribas do Rio Pardo
3169901,MG,0.2176468340463746,914,198.9292063183864,Ubá
5208806,GO,0.18055018810018095,1100,198.60520691019903,Goianira
4104006,PR,0.28601626943102837,692,197.92325844627163,Campina Grande do Sul
2602803,PE,0.3558044313292224,556,197.82726381904766,Buíque
3303708,RJ,0.4868000276801495,406,197.6408112381407,Paraíba do Sul
2805604,SE,0.7066637890892026,279,197.1591971558875,Porto da Folha
4219309,SC,0.3103488442145894,635,197.0715160762643,Videira
2708808,AL,0.44865322411286357,439,196.9587653855471,São Sebastião
3304300,RJ,0.40004267835351764,492,196.82099774993068,Rio Bonito
3528403,SP,0.43064452352710203,457,196.80454725188562,Mairinque
3147105,MG,0.19768879504015338,995,196.70035106495263,Pará de Minas
5106224,MT,0.21095518459410864,932,196.61023204170925,Nova Mutum
2405801,RN,0.585724286698691,335,196.2176360440615,João Câmara
3511102,SP,0.26846881828233876,730,195.9822373461073,Catanduva
2928901,BA,0.4354694170806426,450,195.96123768628917,São Desidério
4311809,RS,0.48023876834961193,408,195.93741748664166,Marau
2109452,MA,0.44426197500993525,441,195.91953097938145,Raposa
2912202,BA,0.6442042375924512,304,195.83808822810516,Ibicoara
4111258,PR,0.39883128676203106,490,195.42733051339522,Itaperuçu
1702208,TO,0.4979034257057283,392,195.1781428766455,Araguatins
5000609,MS,0.35593694611347443,548,195.05344647018399,Amambai
3512803,SP,0.3423249360010802,569,194.78288858461465,Cosmópolis
1502905,PA,0.6443619966162446,302,194.59732297810586,Curuçá
2205508,PI,0.40561434247597095,479,194.2892700459901,José de Freitas
2930774,BA,0.595174922204329,326,194.02702463861124,Sobradinho
2408201,RN,0.5535768301024296,350,193.75189053585038,Nísia Floresta
1100809,RO,0.5002969881898226,387,193.61493442946136,Candeias do Jamari
3545308,SP,0.42775289229717955,452,193.34430731832515,Salto de Pirapora
2201200,PI,0.3032523215438032,637,193.17172882340265,Barras
2207900,PI,0.4262238667911552,453,193.07941165639332,Pedro II
2917706,BA,0.606410034487793,317,192.23198093263036,Jaguarari
1400209,RR,0.501650272123187,383,192.13205422318063,Caracaraí
5103353,MT,0.3161150573129829,607,191.8818397889806,Confresa
2703106,AL,0.5958158244343926,322,191.8526954678744,Igaci
1400456,RR,0.5058197045560975,379,191.70566802676095,Pacaraima
1504455,PA,0.5215741052088289,367,191.4176966116402,Medicilândia
2927200,BA,0.6587359592823031,290,191.0334281918679,Ruy Barbosa
2906873,BA,0.6867736493411065,278,190.9230745168276,Capim Grosso
4309100,RS,0.4200418510552542,454,190.69900037908542,Gramado
2112803,MA,0.38980339577657724,489,190.61386053474627,Viana
2708402,AL,0.4148840190147277,459,190.43176472776003,São José da Tapera
3539301,SP,0.38760700094523687,491,190.3150374641113,Pirassununga
1504059,PA,0.5290492055563301,359,189.9286647947225,Mãe do Rio
4111803,PR,0.4255120758227194,445,189.35287374111013,Jacarezinho
2604007,PE,0.33391379117038494,567,189.32911959360825,Carpina
1300706,AM,0.46139792851979666,407,187.78895690755724,Boca do Acre
2921708,BA,0.6812619847566379,275,187.34704580807542,Morro do Chapéu
2905404,BA,0.6350649431435216,295,187.34415822733885,Cairu
2106607,MA,0.5410704736285035,346,187.2103838754622,Matões
4215802,SC,0.2016925714754925,927,186.96901375778154,São Bento do Sul
5101803,MT,0.25506502907461426,733,186.96266631169226,Barra do Garças
5000708,MS,0.5306961958392113,351,186.27436473956317,Anastácio
5006309,MS,0.4031782343746677,462,186.2683442810965,Paranaíba
1301001,AM,0.458698529479166,406,186.2316029685414,Carauari
4304663,RS,0.6003703093298374,310,186.1147958922496,Capão do Leão
3300233,RJ,0.3029899670482179,614,186.03583976760578,Armação dos Búzios
3555000,SP,0.34693120698120955,533,184.9143333209847,Tupã
2908606,BA,0.6776821749921657,272,184.32955159786906,Conde
1600402,AP,0.5072983425995649,363,184.14929836364206,Mazagão
2414407,RN,0.5628068078335045,327,184.03782616155596,Touros
5105150,MT,0.31849457051916813,577,183.77136718956,Juína
5102637,MT,0.22763569336444758,806,183.47436885174474,Campo Novo do Parecis
2923100,BA,0.713528406595986,257,183.37680049516842,Olindina
3507001,SP,0.27097472265904476,676,183.17891251751425,Boituva
2601904,PE,0.3619469637734779,506,183.14516366937983,Bezerros
4115705,PR,0.3273412865717903,559,182.98377919363077,Matinhos
2914901,BA,0.6460393719086734,283,182.82914225015458,Itacaré
3529302,SP,0.25653326918873354,712,182.6516876623783,Matão
1705508,TO,0.38693932500714723,471,182.24842207836633,Colinas do Tocantins
3540705,SP,0.3884230487420864,468,181.78198681129643,Porto Ferreira
4317400,RS,0.428261840317616,424,181.58302029466918,Santiago
4109609,PR,0.320378408459677,566,181.3341791881772,Guaratuba
4310330,RS,0.6246250140781222,290,181.14125408265545,Imbé
2923209,BA,0.5915983392574069,306,181.02909181276652,Oliveira dos Brejinhos
2925956,BA,0.6365016017705273,283,180.12995330105923,Rafael Jambeiro
2100907,MA,0.4713529370750438,382,180.05682196266673,Araioses
5006200,MS,0.2759059594211838,652,179.89068554261183,Nova Andradina
2918357,BA,0.5191511702279762,346,179.62630489887977,João Dourado
1502939,PA,0.3200472932535171,560,179.22648422196957,Dom Eliseu
3135050,MG,0.35258244393435906,508,179.1118815186544,Jaíba
2913200,BA,0.6484815507938926,276,178.98090801911434,Ibotirama
4124103,PR,0.3729250986918676,479,178.63112227340457,Santo Antônio da Platina
2907301,BA,0.6802668713398802,262,178.22992029104861,Castro Alves
2203909,PI,0.32342363647756095,551,178.20642369913608,Floriano
2108504,MA,0.49168664946814983,362,177.99056710747024,Pindaré-Mirim
4212502,SC,0.4072389690810424,437,177.96342948841553,Penha
3526803,SP,0.2717522967745991,653,177.4542497938132,Lençóis Paulista
2915205,BA,0.5542819106980273,320,177.37021142336874,Itagibá
2910503,BA,0.6239697633677965,284,177.2074127964542,Entre Rios
2908507,BA,0.6099253524016908,290,176.8783521964903,Conceição do Jacuípe
5106505,MT,0.4519489831745619,391,176.7120524212537,Poconé
2918100,BA,0.6749249250744219,261,176.15540544442413,Jeremoabo
4206504,SC,0.26767404503212866,658,176.12952163114068,Guaramirim
2110708,MA,0.47499625963669667,370,175.74861606557778,São Domingos do Maranhão
2602605,PE,0.42582656236174243,412,175.44054369303788,Brejo da Madre de Deus
2104057,MA,0.40755601527871727,430,175.24908656984843,Estreito
4318804,RS,0.4761759635473945,368,175.23275458544117,São Lourenço do Sul
3132404,MG,0.22026270903926237,793,174.66832826813507,Itajubá
3521002,SP,0.4433152678928693,394,174.6662155497905,Iperó
5102678,MT,0.2629347406208929,663,174.325733031652,Campo Verde
1200500,AC,0.3558530473200456,489,174.0121401395023,Sena Madureira
2110203,MA,0.39090954173791703,445,173.9547460733731,Santa Rita
3533403,SP,0.312058988747357,557,173.81685673227784,Nova Odessa
5001904,MS,0.46343357222204773,375,173.7875895832679,Bataguassu
5007695,MS,0.35028203463226587,496,173.73988917760389,São Gabriel do Oeste
2610905,PE,0.3184542891898358,545,173.55758760846052,Pesqueira
2923704,BA,0.7201239570239022,241,173.54987364276042,Paratinga
5100250,MT,0.2323669527429588,745,173.1133797935043,Alta Floresta
2112100,MA,0.5088203374073558,340,172.99891471850097,Timbiras
4109807,PR,0.29656232914249775,582,172.5992755609337,Ibiporã
1301308,AM,0.5151622658492043,335,172.57935905948344,Codajás
5003256,MS,0.3711255595208489,465,172.57338517719475,Costa Rica
2112605,MA,0.5159300210839259,334,172.32062704203125,Urbano Santos
3151206,MG,0.27165703749945375,634,172.23056177465367,Pirapora
2905602,BA,0.6942232416096743,248,172.16736391919923,Camacan
2915809,BA,0.6940173342903848,248,172.11629890401542,Itambé
2306405,CE,0.11456137480309868,1499,171.72750082984493,Itapipoca
2613503,PE,0.37073245170935804,460,170.5369277863047,São José do Belmonte
2902807,BA,0.5718741414700068,298,170.41849415806203,Barra da Estiva
1502954,PA,0.49707830330581415,342,170.00077973058845,Eldorado do Carajás
2907509,BA,0.602353129752045,282,169.8635825900767,Catu
3520400,SP,0.4209311656810716,403,169.63525976947184,Ilhabela
3137601,MG,0.2843444873591812,596,169.469314466072,Lagoa Santa
4313375,RS,0.47044446779435234,360,169.36000840596685,Nova Santa Rita
1507458,PA,0.4539756053873308,373,169.33290080947438,São Geraldo do Araguaia
3301306,RJ,0.39502532510236393,428,169.07083914381175,Casimiro de Abreu
2911907,BA,0.6761696734532278,250,169.04241836330695,Iaçu
4313706,RS,0.49015978705203245,344,168.61496674589915,Palmeira das Missões
1506187,PA,0.385963454952849,436,168.28006635944217,Rondon do Pará
2707305,AL,0.5065347829118672,332,168.1695479267399,Porto Calvo
2709152,AL,0.41357306387341575,405,167.49709086873338,Teotônio Vilela
4316402,RS,0.5829679090891225,287,167.31178990857816,Rosário do Sul
3536703,SP,0.427654372573583,390,166.78520530369738,Pederneiras
3203320,ES,0.28824161434023904,578,166.60365308865815,Marataízes
2109601,MA,0.419730634000068,396,166.21333106402693,Rosário
4128203,PR,0.27280205214211695,609,166.1364497545492,União da Vitória
2600500,PE,0.3476872112182248,477,165.84679975109324,Águas Belas
2905909,BA,0.6823956670905765,243,165.8221471030101,Campo Alegre de Lourdes
2932002,BA,0.6026581095881656,275,165.73098013674553,Uauá
1508159,PA,0.36826153561495173,450,165.7176910267283,Uruará
2928208,BA,0.5999303708017971,276,165.58078234129601,Santana
5002951,MS,0.3685604556075636,449,165.48364456779606,Chapadão do Sul
3537800,SP,0.3011770012975057,548,165.04499671103312,Piedade
2931509,BA,0.692992354842141,238,164.93218045242955,Teofilândia
4208450,SC,0.3536053626708131,465,164.4264936419281,Itapoá
2106326,MA,0.5361707725028493,306,164.06825638587188,Maracaçumé
2904753,BA,0.5797123493209496,283,164.05859485782875,Buritirama
2914406,BA,0.5602175832166248,292,163.58353429925447,Iraquara
2925758,BA,0.5558315254573745,294,163.4144684844681,Presidente Tancredo Neves
3535507,SP,0.3885146209795896,419,162.78762619044804,Paraguaçu Paulista
5005004,MS,0.4305216607415456,378,162.73718776030424,Jardim
2903409,BA,0.6417508869391388,253,162.36297439560212,Belmonte
2929503,BA,0.5609745603784707,289,162.12164794937803,São Sebastião do Passé
3525102,SP,0.41646090084980153,389,162.0032904305728,Jardinópolis
3300258,RJ,0.3960392516702914,409,161.98005393314918,Arraial do Cabo
3546801,SP,0.2840934361187686,570,161.93325858769808,Santa Isabel
5006002,MS,0.40034708723505047,404,161.74022324296038,Nova Alvorada do Sul
3144805,MG,0.1844151013126465,877,161.73204385119098,Nova Lima
2929305,BA,0.6872100498872878,235,161.49436172351264,São Gonçalo dos Campos
4210100,SC,0.2455753623190692,657,161.34301304362847,Mafra
2922904,BA,0.6565199779766748,245,160.84739460428534,Nova Soure
2704203,AL,0.44390727628025317,362,160.69443401345166,Limoeiro de Anadia
5002407,MS,0.37484562600474675,428,160.43392793003162,Caarapó
3523206,SP,0.35831222472800806,447,160.1655644534196,Itararé
2100600,MA,0.4851946885947945,330,160.11424723628218,Amarante do Maranhão
2912707,BA,0.7114084838704695,225,160.06690887085563,Ibirapitanga
2604205,PE,0.6224841423597749,257,159.97842458646215,Catende
3505609,SP,0.3936220754333727,406,159.8105626259493,Barrinha
2610608,PE,0.29375106914883614,544,159.80058161696687,Paudalho
2309706,CE,0.18908600344286158,845,159.77767290921804,Pacatuba
2506301,PB,0.38481833927651354,415,159.69961079975312,Guarabira
2926400,BA,0.5634470594009223,283,159.45551781046103,Riacho de Santana
4310603,RS,0.5440738739296284,293,159.41364506138112,Itaqui
2613909,PE,0.18686352560858047,851,159.02086029290197,Serra Talhada
1100130,RO,0.38497703137800354,413,158.99551395911547,Machadinho D'Oeste
2928000,BA,0.696393111107963,228,158.77762933261556,Santaluz
2500304,PB,0.5585326623475494,284,158.62327610670403,Alagoa Grande
2900207,BA,0.7144635312160534,222,158.61090392996385,Abaré
2602100,PE,0.3367644654581225,470,158.27929876531758,Bom Conselho
4212809,SC,0.3428989989652719,461,158.07643852299034,Balneário Piçarras
3169307,MG,0.24768242741597607,638,158.02138869139273,Três Corações
3505906,SP,0.3030354001836655,520,157.57840809550606,Batatais
2303501,CE,0.17662025012703522,888,156.83878211280728,Cascavel
2301000,CE,0.14508880007435165,1080,156.69590408029978,Aquiraz
2914505,BA,0.6637283856498558,236,156.63989901336598,Irará
4204806,SC,0.3395224460138402,461,156.51984761238032,Curitibanos
2508901,PB,0.3362801574611651,465,156.37027321944177,Mamanguape
2603207,PE,0.3791803911270778,412,156.22232114435604,Caetés
1304260,AM,0.6374275787058011,245,156.16975678292127,Uarini
1100189,RO,0.2934964502945695,532,156.14011155671096,Pimenta Bueno
1100452,RO,0.3484523475697869,448,156.10665171126453,Buritis
2908200,BA,0.6841157326324483,228,155.9783870401982,Conceição da Feira
1400175,RR,0.5040524346051416,309,155.75220229298876,Cantá
4202800,SC,0.3451592514767146,451,155.6668224159983,Braço do Norte
3501905,SP,0.32153845064503755,484,155.62461011219818,Amparo
4304507,RS,0.38205232936376665,407,155.49529805105303,Canguçu
4310108,RS,0.42005375296769265,370,155.41988859804627,Igrejinha
4308201,RS,0.43472289239540307,357,155.1960725851589,Flores da Cunha
3115300,MG,0.3163180065452171,490,154.99582320715638,Cataguases
1200302,AC,0.3569137993445381,434,154.90058891552954,Feijó
4115804,PR,0.22467621115455522,689,154.80190948548855,Medianeira
4306601,RS,0.532829120367519,290,154.5204449065805,Dom Pedrito
1504000,PA,0.5060074657928004,305,154.33227706680412,Limoeiro do Ajuru
2600708,PE,0.4972649582386149,310,154.15213705397062,Aliança
2414209,RN,0.6286971072016513,245,154.03079126440457,Tibau do Sul
4219507,SC,0.2898577267777665,531,153.91445291899402,Xanxerê
1507904,PA,0.40925636360671247,376,153.88039271612388,Soure
3105608,MG,0.16882233925913062,911,153.797151065068,Barbacena
4114609,PR,0.24911611973172593,617,153.7046458744749,Marechal Cândido Rondon
3305752,RJ,0.40432379751366326,380,153.64304305519204,Tanguá
3542602,SP,0.3133514049367314,490,153.5421884189984,Registro
3533908,SP,0.2757859276128809,556,153.3369757527618,Olímpia
1506195,PA,0.45594028635232076,336,153.19593621437977,Rurópolis
2511202,PB,0.3968306078139677,386,153.17661461619153,Pedras de Fogo
5102702,MT,0.42869187276714193,357,153.04299857786967,Canarana
1502756,PA,0.4945665350550822,308,152.3264927969653,Concórdia do Pará
2109270,MA,0.5514255549742728,276,152.1934531728993,Presidente Sarney
3515509,SP,0.32355093776805194,470,152.0689407509844,Fernandópolis
2106904,MA,0.5886133046171799,258,151.8622325912324,Monção
5213103,GO,0.15796603445776464,961,151.8053591139118,Mineiros
5218003,GO,0.3911264205932976,388,151.75705119019946,Porangatu
3524303,SP,0.3256104210346814,466,151.73445620216154,Jaboticabal
2908903,BA,0.703594657629269,215,151.27285139029283,Coração de Maria
2911105,BA,0.680918738850071,222,151.16396002471578,Formosa do Rio Preto
3554805,SP,0.43315289360834097,348,150.73720697570266,Tremembé
1200252,AC,0.47696745475823804,316,150.72171570360322,Epitaciolândia
2911808,BA,0.7241110771102015,208,150.6151040389219,Guaratinga
2803609,SE,0.6543579988856466,230,150.5023397436987,Laranjeiras
2100477,MA,0.39321975241041196,382,150.20994542077736,Alto Alegre do Pindaré
4302808,RS,0.5142565181926769,292,150.16290331226165,Caçapava do Sul
3522604,SP,0.2897193946369235,518,150.07464642192636,Itapira
3127107,MG,0.24981741289697257,599,149.64063032528657,Frutal
2102903,MA,0.42560232666621284,351,149.3864166598407,Carutapera
2610004,PE,0.3893076199670563,383,149.10481844738257,Palmares
3537305,SP,0.28124063459313947,530,149.05753633436393,Penápolis
2202208,PI,0.32870304172161974,453,148.90247789989374,Campo Maior
2601409,PE,0.3221923160821643,462,148.8528500299599,Barreiros
3506607,SP,0.4238414385459402,351,148.76834492962502,Biritiba Mirim
2928406,BA,0.638487457827406,233,148.7675776737856,Santa Rita de Cássia
3101607,MG,0.22572870927575925,659,148.75521941272535,Alfenas
3510401,SP,0.2645849616770086,562,148.69674846247884,Capivari
2105500,MA,0.49207731989671144,302,148.60735060880685,João Lisboa
4120903,PR,0.3352118507592695,443,148.4988498863564,Quedas do Iguaçu
1200385,AC,0.611324828761008,242,147.94060856016395,Plácido de Castro
1506609,PA,0.568941158497084,260,147.92470120924185,Santa Maria do Pará
2114007,MA,0.3126604279516592,473,147.88838242113482,Zé Doca
2403103,RN,0.5323804530097274,277,147.46938548369448,Currais Novos
2612208,PE,0.21124003911985975,698,147.4455473056621,Salgueiro
4205456,SC,0.3183511741517744,463,147.39659363227153,Forquilhinha
4317608,RS,0.4534575181601954,325,147.3736934020635,Santo Antônio da Patrulha
1400159,RR,0.459759693728519,320,147.12310199312608,Bonfim
5219308,GO,0.3658721806316075,402,147.08061661390622,Santa Helena de Goiás
2708501,AL,0.38883333579785545,378,146.97900093158935,São Luís do Quitunde
4217709,SC,0.38198996454156914,384,146.68414638396254,Sombrio
4307807,RS,0.48178025022992976,304,146.46119606989865,Estrela
3118007,MG,0.23569020017272582,621,146.36361430726274,Congonhas
4308508,RS,0.45728968677560866,320,146.33269976819477,Frederico Westphalen
3140001,MG,0.2593926050192045,564,146.29742923083134,Mariana
2313401,CE,0.12942964777243315,1130,146.25550198284947,Tianguá
3556453,SP,0.2935804943922123,498,146.20308620732172,Vargem Grande Paulista
5002100,MS,0.43505626014154974,336,146.1789034075607,Bela Vista
4119954,PR,0.33549888247506376,435,145.94201387665274,Pontal do Paraná
2206209,PI,0.33170731459209,439,145.61951110592753,Miguel Alves
3304805,RJ,0.5053316523882241,288,145.53551588780854,São Fidélis
2804607,SE,0.6554842822379485,221,144.86202637458663,Nossa Senhora das Dores
2932705,BA,0.6865270998672813,211,144.85721807199636,Uruçuca
2305407,CE,0.2321863888354383,623,144.65212024447806,Icó
4317301,RS,0.5239897970603445,276,144.6211839886551,Santa Vitória do Palmar
5007406,MS,0.4463225903635522,324,144.60851927779092,Rio Verde de Mato Grosso
2612604,PE,0.3015287551090586,479,144.43227369723905,Santa Maria da Boa Vista
1502004,PA,0.5751405303049614,251,144.3602731065453,Cachoeira do Arari
2705200,AL,0.5062936687097128,285,144.29369558226816,Messias
2907905,BA,0.6705414437748216,215,144.16641041158664,Cipó
1100155,RO,0.31468495166386135,458,144.1257078620485,Ouro Preto do Oeste
1501105,PA,0.43867073328623934,328,143.8840005178865,Bagre
3162500,MG,0.20662481523599383,695,143.6042465890157,São João del Rei
3101706,MG,0.4050983728935567,354,143.40482400431907,Almenara
4318903,RS,0.4502666969045572,318,143.1848096156492,São Luiz Gonzaga
2927606,BA,0.6913366181044678,207,143.10667994762483,Santa Brígida
3530300,SP,0.26735858912621474,533,142.50212800427246,Mirassol
2409407,RN,0.5480838434352886,260,142.50179929317503,Pau dos Ferros
4122206,PR,0.3110239971209716,458,142.448990681405,Rio Branco do Sul
2111508,MA,0.32350753214717887,439,142.01980661261152,São Mateus do Maranhão
1200807,AC,0.569102054949271,249,141.7064116823685,Porto Acre
4308607,RS,0.4467340218692726,317,141.6146849325594,Garibaldi
4306403,RS,0.4044801747049558,350,141.56806114673452,Dois Irmãos
2925808,BA,0.6725375809770261,210,141.23289200517547,Queimadas
2103406,MA,0.3047828400264375,463,141.11445493224056,Coelho Neto
1721208,TO,0.5186098831711796,272,141.06188822256087,Tocantinópolis
5104104,MT,0.29234180554695327,482,140.90875027363148,Guarantã do Norte
1200450,AC,0.5514233638519433,255,140.61295778224556,Senador Guiomard
4104253,PR,0.4015211332279302,350,140.53239662977558,Campo Magro
2500601,PB,0.4982718802403509,282,140.51267022777895,Alhandra
2703809,AL,0.5317897837009224,264,140.39250289704353,Joaquim Gomes
3164704,MG,0.19945757716439236,703,140.21867674656784,São Sebastião do Paraíso
2112308,MA,0.45929492680700484,305,140.08495267613648,Tuntum
1200336,AC,0.5168851179586431,271,140.0758669667923,Mâncio Lima
5105101,MT,0.2905837048723094,482,140.06134574845314,Juara
2926202,BA,0.5191642391790549,269,139.65518033916575,Riachão das Neves
3149309,MG,0.22017126038917376,634,139.58857908673616,Pedro Leopoldo
2701407,AL,0.2767777264896007,504,139.49597415075874,Campo Alegre
2906907,BA,0.5274841400005488,264,139.25581296014488,Caravelas
3303609,RJ,0.3426167700533685,406,139.1024086416676,Paracambi
2100303,MA,0.48102088234566576,289,139.0150349978974,Aldeias Altas
2607653,PE,0.5092061266881396,273,139.0132725858621,Itambé
2613404,PE,0.508518762798674,273,138.82562224403802,São José da Coroa Grande
3540606,SP,0.23723645206423766,585,138.78332445757903,Porto Feliz
2920502,BA,0.5216236577541754,266,138.75189296261067,Maracás
3146107,MG,0.21407887544133672,648,138.7231112859862,Ouro Preto
2906709,BA,0.6637014271529983,209,138.71359827497665,Cândido Sales
3524709,SP,0.2440959847865371,568,138.64651935875307,Jaguariúna
4321709,RS,0.5148349301254171,269,138.4905962037372,Três Coroas
2807600,SE,0.6170715643394954,224,138.22403041204697,Umbaúba
2901007,BA,0.5055231828980601,273,138.0078289311704,Amargosa
1300409,AM,0.5388359340154307,256,137.94199910795027,Barcelos
2802809,SE,0.6147801509928537,224,137.71075382239923,Indiaroba
1506583,PA,0.5039346499433908,273,137.5741594345457,Santa Maria das Barreiras
3130101,MG,0.25041887950557634,549,137.47996484856142,Igarapé
2103505,MA,0.38953304311623077,352,137.11563117691324,Colinas
2929107,BA,0.6040595907605566,226,136.5174675118858,São Felipe
3205010,ES,0.29194975824714914,467,136.34053710141865,Sooretama
2102036,MA,0.3184396876691393,426,135.65530694705336,Bom Jesus das Selvas
4320909,RS,0.44533683082828723,304,135.38239657179932,Tapejara
4322004,RS,0.38419175994345056,352,135.2354995000946,Triunfo
2608800,PE,0.40113424431826955,337,135.18224033525684,Lajedo
3152808,MG,0.41583195647696486,325,135.1453858550136,Prata
5002209,MS,0.3632256492566396,372,135.11994152346992,Bonito
4215000,SC,0.28784073959541295,468,134.70946613065325,Rio Negrinho
2925204,BA,0.46821512232146334,287,134.37774010625998,Pojuca
2933158,BA,0.6854766488773278,196,134.35342317995625,Várzea Nova
4315305,RS,0.4970874958646159,270,134.2136238834463,Quaraí
3162104,MG,0.24777457185442472,541,134.04604337324378,São Gotardo
4119301,PR,0.3031286990234037,442,133.98288496834445,Pinhão
3509254,SP,0.3189644669164724,420,133.9650761049184,Cajati
3502903,SP,0.3880107971278905,345,133.86372500912222,Araçoiaba da Serra
4125605,PR,0.26185766361112345,511,133.80926610528408,São Mateus do Sul
2905305,BA,0.6860988622506847,195,133.78927813888353,Cafarnaum
1504950,PA,0.5253126463246381,254,133.4294121664581,Nova Esperança do Piriá
3513108,SP,0.3991650701097992,334,133.32113341667292,Cravinhos
2703205,AL,0.4215056687423116,316,133.19579132257047,Igreja Nova
2602001,PE,0.45428535778889334,293,133.10560983214575,Bodocó
2613107,PE,0.4062478383866449,326,132.43679531404624,São Caitano
2907806,BA,0.6119529247738411,216,132.18183175114967,Cícero Dantas
4114807,PR,0.26646250043051367,496,132.16540021353478,Marialva
4203600,SC,0.3128970180367386,422,132.04254161150368,Campos Novos
4219705,SC,0.31658722087094054,415,131.38369666144033,Xaxim
4305355,RS,0.44059029291149415,298,131.29590728762525,Charqueadas
4311304,RS,0.49847914624737494,262,130.60153631681223,Lagoa Vermelha
4216503,SC,0.46885903162546455,278,130.34281079187915,São Joaquim
4318507,RS,0.5448894368917939,239,130.22857541713876,São José do Norte
3107406,MG,0.2251662111057619,578,130.14607001913038,Bom Despacho
2916104,BA,0.6755276213554487,192,129.70130330024617,Itaparica
1100098,RO,0.3143727838354675,412,129.52158694021261,Espigão D'Oeste
2603009,PE,0.3346264536186948,387,129.5004375504349,Cabrobó
1304005,AM,0.5487061466342388,236,129.49465060568036,Silves
2614501,PE,0.4052303554337353,319,129.26848338336157,Surubim
2911204,BA,0.5897759768719743,219,129.16093893496236,Gandu
4117701,PR,0.2695962924362103,478,128.86702778450854,Palmeira
2108306,MA,0.3732066452475492,345,128.75629261040447,Penalva
4203808,SC,0.20021915235049498,641,128.34047665666728,Canoinhas
1506302,PA,0.4998467376606065,256,127.96076484111526,Salvaterra
1507151,PA,0.5735502503909311,223,127.90170583717764,São Domingos do Araguaia
2924306,BA,0.5631825523817438,227,127.84243939065583,Piatã
1504406,PA,0.5700521413966384,224,127.691679672847,Marapanim
3553708,SP,0.28374260624129477,449,127.40043020234134,Taquaritinga
2904902,BA,0.6455473742749263,197,127.17283273216047,Cachoeira
4209409,SC,0.38950283074628805,326,126.9779228232899,Laguna
2103174,MA,0.5058414985773764,251,126.96621614292148,Centro Novo do Maranhão
4318200,RS,0.5192028353411414,244,126.68549182323851,São Francisco de Paula
4321303,RS,0.6528480786452635,194,126.65252725718112,Taquari
2112407,MA,0.4137148131739782,306,126.59673283123732,Turiaçu
2922656,BA,0.6916643754547324,183,126.57458070821602,Nordestina
5001003,MS,0.36681090052272586,345,126.54976068034041,Aparecida do Taboado
3502101,SP,0.2665466483967836,473,126.07656469167864,Andradina
2925006,BA,0.6915739651417661,182,125.86646165580143,Planalto
2509701,PB,0.3320174598342509,379,125.8346172771811,Monteiro
2901908,BA,0.7063640612105145,178,125.7328028954716,Aporá
2911600,BA,0.6978356780859906,180,125.6104220554783,Governador Mangabeira
2806305,SE,0.6645475220216334,189,125.5994816620887,Santa Luzia do Itanhy
5104807,MT,0.2997432540145149,419,125.59242343208174,Jaciara
2300309,CE,0.311590015123444,401,124.94759606450104,Acopiara
2200400,PI,0.2632744151078441,474,124.7920727611181,Altos
3534302,SP,0.39097616632250637,319,124.72139705687954,Orlândia
2920700,BA,0.5557139647391235,224,124.47992810156367,Maraú
2920601,BA,0.5606853412423615,222,124.47214575580425,Maragogipe
2933505,BA,0.6378039703856294,195,124.37177422519774,Wenceslau Guimarães
1301803,AM,0.46006841029853124,270,124.21847078060344,Ipixuna
3510203,SP,0.2527424727831519,491,124.09655413652757,Capão Bonito
2904050,BA,0.6111918299230352,203,124.07194147437616,Bonito
3550407,SP,0.3710804695123414,334,123.94087681712203,São Pedro
4113205,PR,0.23820075670355714,520,123.86439348584972,Lapa
4114104,PR,0.3232087617466086,383,123.7889557489511,Mandaguaçu
2927309,BA,0.5648369505142524,219,123.69929216262129,Salinas da Margarida
1300631,AM,0.37666977900416887,328,123.54768751336739,Beruri
5213806,GO,0.2892388800692117,427,123.5050017895534,Morrinhos
2611002,PE,0.300240898247887,411,123.39900917988157,Petrolândia
3168705,MG,0.19538336190066172,631,123.28690135931754,Timóteo
3500303,SP,0.34759607757072447,354,123.04901146003647,Aguaí
2605707,PE,0.42530554665030085,289,122.91330298193694,Floresta
1304401,AM,0.4932947627358293,249,122.8303959212215,Urucurituba
4309407,RS,0.4760666551987811,258,122.82519704128552,Guaporé
3502507,SP,0.3847980578693645,319,122.75058046032727,Aparecida
5103205,MT,0.27939707605292174,439,122.65531638723265,Colíder
2923357,BA,0.6455092820681712,190,122.64676359295252,Ourolândia
2105005,MA,0.34546823050358555,355,122.64122182877287,Humberto de Campos
4216305,SC,0.30024212238698744,407,122.1985438115039,São João Batista
4313060,RS,0.48473809567321463,252,122.15400010965008,Nova Hartz
2504603,PB,0.30642172153586006,398,121.9558451712723,Conde
4108809,PR,0.2966351151531842,411,121.9170323279587,Guaíra
5214507,GO,0.2888143527456288,422,121.87965685865534,Nerópolis
2925253,BA,0.5973146478299678,204,121.85218815731342,Ponto Novo
4113304,PR,0.2934885560761137,415,121.79775077158719,Laranjeiras do Sul
3527108,SP,0.1971231911782129,617,121.62500895695736,Lins
2902658,BA,0.6909986411006416,176,121.61576083371293,Banzaê
1506351,PA,0.5236910551194569,232,121.496324787714,Santa Bárbara do Pará
2923803,BA,0.6041554403727755,201,121.43524351492786,Paripiranga
3531902,SP,0.4071432560672615,298,121.32869030804392,Morro Agudo
2113009,MA,0.3851456656968251,315,121.32088469449991,Vitorino Freire
3128709,MG,0.2694834805095703,450,121.26756622930662,Guaxupé
2705101,AL,0.4077731213092051,297,121.10861702883392,Matriz de Camaragibe
2805703,SE,0.6113575244801429,198,121.0487898470683,Propriá
2605301,PE,0.3281930205915639,368,120.77503157769553,Exu
2929255,BA,0.628552253715445,192,120.68203271336543,São Gabriel
4322707,RS,0.5134736083027625,235,120.66629795114918,Vera Cruz
4320800,RS,0.47296707832681734,255,120.60660497333842,Soledade
2407203,RN,0.6028767241032792,200,120.57534482065584,Macau
3202801,ES,0.2176291981792449,554,120.56657579130167,Itapemirim
2926509,BA,0.6306390593600617,191,120.45206033777178,Ribeira do Amparo
5101407,MT,0.2758855008620674,436,120.28607837586141,Aripuanã
3301876,RJ,0.32740400367367056,367,120.1572693482371,Iguaba Grande
2306256,CE,0.14315006291894666,839,120.10290278899626,Itaitinga
5004700,MS,0.28788369267009867,416,119.75961615076105,Ivinhema
5208608,GO,0.13989545756412292,855,119.6106162173251,Goianésia
2917201,BA,0.5614131181926476,213,119.58099417503394,Ituaçu
3133808,MG,0.16714264476856425,715,119.50699100952345,Itaúna
2705705,AL,0.4474654046447144,267,119.47326304013875,Olho d'Água das Flores
1508126,PA,0.3263078863363722,366,119.42868639911222,Ulianópolis
2901155,BA,0.5769162503059857,207,119.42166381333904,América Dourada
1508035,PA,0.5518909821034135,216,119.20845213433732,Tracuateua
3138401,MG,0.2939148124362267,405,119.03549903667181,Leopoldina
3530508,SP,0.24991440815964686,476,118.9592582839919,Mococa
3131901,MG,0.1782400524487439,667,118.88611498331218,Itabirito
4311007,RS,0.5190440781213147,229,118.86109388978107,Jaguarão
1503754,PA,0.6486958549920581,183,118.71134146354662,Jacareacanga
2513901,PB,0.45295874702157124,262,118.67519171965166,São Bento
2700508,AL,0.5388090391133792,220,118.53798860494342,Barra de Santo Antônio
1505700,PA,0.42456271586293187,279,118.452997725758,Ponta de Pedras
2615607,PE,0.2983482298743663,397,118.44424726012343,Trindade
3105400,MG,0.3377480989299518,350,118.21183462548312,Barão de Cocais
1302553,AM,0.6709546380044329,176,118.08801628878018,Manaquiri
4305454,RS,0.6141682745992049,192,117.92030872304734,Cidreira
2901353,BA,0.6813769525329872,173,117.8782127882068,Andorinha
2908101,BA,0.49277153072463903,239,117.77239584318873,Cocos
1400308,RR,0.4962040011400057,237,117.60034827018134,Mucajaí
2921203,BA,0.6366054932018667,184,117.13541074914347,Miguel Calmon
1504752,PA,0.5133261781839495,228,117.03836862594049,Mojuí dos Campos
2909109,BA,0.6497197746078529,180,116.94955942941353,Coribe
3540200,SP,0.27164791664893356,430,116.80860415904144,Pontal
2917300,BA,0.6871089991172109,170,116.80852984992585,Ituberá
3121605,MG,0.23169590656988379,503,116.54304100465154,Diamantina
5103254,MT,0.24450912536087566,476,116.38634367177681,Colniza
2924603,BA,0.5876992037679543,198,116.36444234605494,Pindobaçu
2704005,AL,0.407761856351566,285,116.2121290601963,Junqueiro
4217204,SC,0.2652476385672016,437,115.91321805386711,São Miguel do Oeste
2902500,BA,0.640015312815258,181,115.8427716195617,Baianópolis
4306908,RS,0.49044863747738005,236,115.74587844466168,Encruzilhada do Sul
2804904,SE,0.6612696838968277,175,115.72219468194484,Pacatuba
3141108,MG,0.2906561767223195,398,115.68115833548316,Matozinhos
3171303,MG,0.20816975831718781,555,115.53421586603923,Viçosa
2804409,SE,0.6197339774456362,186,115.27051980488832,Neópolis
2702306,AL,0.14828004613205029,777,115.21359584460306,Coruripe
2925600,BA,0.6935807698512308,166,115.13440779530433,Presidente Dutra
3512209,SP,0.34670255129684213,332,115.10524703055158,Conchal
3519303,SP,0.28762326583209213,400,115.04930633283686,Ibaté
1507474,PA,0.5639112376655543,204,115.03789248377308,São João de Pirabas
5203302,GO,0.3275938490423389,351,114.98544101386095,Bela Vista de Goiás
2913507,BA,0.6724107755911849,171,114.98224262609261,Iguaí
2702603,AL,0.44203253910438106,260,114.92846016713908,Feira Grande
2312403,CE,0.12357548141378637,928,114.67804675199375,São Gonçalo do Amarante
3521804,SP,0.3879756389182925,295,114.4528134808963,Itaí
2211209,PI,0.44341103559026906,258,114.40004718228941,Uruçuí
2917102,BA,0.6808595281556711,168,114.38440073015273,Itororó
2920205,BA,0.5832206134031681,196,114.31124022702096,Malhada
3134400,MG,0.2728097892606077,419,114.30730170019463,Iturama
1505908,PA,0.2714297163553776,421,114.27191058561398,Porto de Moz
3152105,MG,0.23461976543796448,487,114.2598257682887,Ponte Nova
3546306,SP,0.37567344676477354,304,114.20472781649116,Santa Cruz das Palmeiras
2100832,MA,0.562253842887566,203,114.1375301061759,Apicum-Açu
3526209,SP,0.31434734700686934,363,114.10808696349358,Juquitiba
1301159,AM,0.6166355304399393,185,114.07757313138879,Careiro da Várzea
2202901,PI,0.3838198231371833,297,113.99448747174345,Corrente
2910859,BA,0.6366660266637665,179,113.9632187728142,Filadélfia
2805802,SE,0.6115826908167664,186,113.75438049191855,Riachão do Dantas
2110401,MA,0.5712149791702659,199,113.67178085488291,São Benedito do Rio Preto
2606606,PE,0.3519153488462418,323,113.6686576773361,Ibimirim
2922102,BA,0.6450116442157156,176,113.52204938196593,Mundo Novo
4302709,RS,0.5279375770690098,215,113.50657906983712,Butiá
2408300,RN,0.6064492883676907,187,113.40601692475816,Nova Cruz
3549706,SP,0.2593518805235107,437,113.33677178877419,São José do Rio Pardo
2300754,CE,0.18573139637049124,609,113.11042038962917,Amontada
4208807,SC,0.33854085525184174,334,113.07264565411515,Jaguaruna
2109502,MA,0.39797109988780627,284,113.02379236813698,Riachão
2102101,MA,0.36292380334581237,311,112.86930284054765,Brejo
2112456,MA,0.44189365181074897,255,112.68288121174099,Turilândia
1304104,AM,0.4557365828243821,247,112.56693595762238,Tapauá
1303502,AM,0.497300310055398,226,112.38987007251994,Pauini
2700102,AL,0.4144307341673052,271,112.31072895933971,Água Branca
3516705,SP,0.32080503186375087,350,112.2817611523128,Garça
2614857,PE,0.37646982115566024,298,112.18800670438675,Tamandaré
4315701,RS,0.37263090150650785,301,112.16190135345886,Rio Pardo
2709103,AL,0.4414351639280839,254,112.12453163773331,Taquarana
2706406,AL,0.3824825057035943,293,112.06737417115313,Pão de Açúcar
3500709,SP,0.31149751777463636,359,111.82760888109445,Agudos
2604601,PE,0.4814234628005719,232,111.69024336973268,Condado
2932200,BA,0.6768301717095722,165,111.67697833207941,Ubaitaba
1501907,PA,0.45729467273772584,244,111.57990014800511,Bujaru
5209705,GO,0.2897308876157573,385,111.54639173206657,Hidrolândia
3524105,SP,0.404048535589697,276,111.51739582275637,Ituverava
3306206,RJ,0.3244131179959411,342,110.94928635461186,Vassouras
3549409,SP,0.2747785587408731,403,110.73575917257185,São Joaquim da Barra
3546603,SP,0.32705474484723407,338,110.54450375836511,Santa Fé do Sul
3136207,MG,0.16314163824367153,677,110.44688909096563,João Monlevade
1500347,PA,0.5308596433904754,208,110.41880582521888,Água Azul do Norte
2926301,BA,0.6131662666303163,180,110.36992799345693,Riachão do Jacuípe
2927101,BA,0.6847826220549115,161,110.25000215084074,Rodelas
2600104,PE,0.26614435058637903,414,110.18376114276091,Afogados da Ingazeira
2801405,SE,0.5955105433374351,185,110.1694505174255,Carira
2107803,MA,0.2807307196191364,392,110.04644209070148,Parnarama
2904852,BA,0.6550235002422007,168,110.04394804068971,Cabaceiras do Paraguaçu
3510302,SP,0.40129687434373895,274,109.95534357018447,Capela do Alto
3169604,MG,0.36892893233920665,298,109.94082183708359,Tupaciguara
3304706,RJ,0.2915383115893959,377,109.90994346920226,Santo Antônio de Pádua
4107207,PR,0.19659164007168345,559,109.89472680007104,Dois Vizinhos
2916807,BA,0.596609902428061,184,109.77622204676322,Itarantim
3169406,MG,0.18010181136802977,609,109.68200312313013,Três Pontas
2111102,MA,0.3751459145506963,292,109.54260704880332,São João dos Patos
2706802,AL,0.43251475851707377,253,109.42623390481967,Piaçabuçu
2932457,BA,0.7102692029087623,154,109.38145724794938,Umburanas
3518602,SP,0.24248283039450025,451,109.35975650791961,Guariba
3162922,MG,0.22180080129988156,493,109.3477950408416,São Joaquim de Bicas
3302254,RJ,0.31857615126685085,343,109.27161988452984,Itatiaia
4218301,SC,0.38746725451637637,282,109.26576577361814,Três Barras
2201507,PI,0.3937651278931662,277,109.07294042640704,Batalha
2308708,CE,0.20347550217898971,536,109.06286916793849,Morada Nova
2905503,BA,0.6853997996401725,159,108.97856814278742,Caldeirão Grande
3303856,RJ,0.30072566426681435,362,108.8626904645868,Paty do Alferes
1301506,AM,0.47943885609065184,227,108.83262033257797,Envira
2401008,RN,0.5330518893422018,204,108.74258542580917,Apodi
1503044,PA,0.3695043547422409,294,108.63428029421883,Floresta do Araguaia
3550100,SP,0.2843134068845808,382,108.60772142990986,São Manuel
3144300,MG,0.35240025257605245,308,108.53927779342416,Nanuque
2922508,BA,0.5740848595642256,189,108.50203845763865,Nazaré
4213500,SC,0.3238404685628858,335,108.48655696856673,Porto Belo
1500958,PA,0.49759317285108984,218,108.47531168153759,Aurora do Pará
3136306,MG,0.20386141578321498,532,108.45427319667037,João Pinheiro
3305604,RJ,0.39698983280744793,273,108.37822435643328,Silva Jardim
3544103,SP,0.29511167019468965,367,108.30598296145111,Rio Grande da Serra
2104677,MA,0.3366699205241525,321,108.07104448825295,Governador Nunes Freire
3517406,SP,0.3495787337964249,309,108.01982874309529,Guaíra
2302206,CE,0.17286819531952025,624,107.86975387938064,Beberibe
4313300,RS,0.44660067068954334,241,107.63076163617994,Nova Prata
4215703,SC,0.3210605812310233,335,107.55529471239282,Santo Amaro da Imperatriz
4313201,RS,0.4279004303739524,251,107.40300802386206,Nova Petrópolis
4321451,RS,0.3324479882022434,323,107.38070018932463,Teutônia
2614105,PE,0.35424287640894875,303,107.33559155191148,Sertânia
2912905,BA,0.5956917135352449,180,107.22450843634407,Ibirataia
3544004,SP,0.31804253723519516,337,107.18033504826077,Rio das Pedras
2608909,PE,0.2521552462118779,425,107.1659796400481,Limoeiro
2607307,PE,0.26198695785607323,409,107.15266576313395,Ipubi
4110706,PR,0.15798762159958282,678,107.11560744451715,Irati
3109402,MG,0.33055657802635047,324,107.10033128053755,Buritizeiro
2102804,MA,0.45567180771025106,235,107.082874811909,Carolina
2800209,SE,0.6647645939809871,161,107.02709963093892,Aquidabã
4304804,RS,0.3947882348032112,271,106.98761163167023,Carlos Barbosa
1600204,AP,0.5117393990707092,209,106.95353440577821,Calçoene
4319505,RS,0.5085551709061558,210,106.7965858902927,São Sebastião do Caí
2910404,BA,0.6071808613152958,175,106.25665073017677,Encruzilhada
5105622,MT,0.31704361969658884,335,106.20961259835727,Mirassol d'Oeste
2616308,PE,0.3457002564665603,307,106.129978735234,Vicência
4218202,SC,0.22430251231236684,473,106.09508832374951,Timbó
2919926,BA,0.6931736699480058,153,106.05557150204488,Madre de Deus
2106755,MA,0.3523080871934248,301,106.04473424522087,Miranda do Norte
2801702,SE,0.6018892500931952,176,105.93250801640235,Cristinápolis
1709302,TO,0.4659464140269129,227,105.76983598410922,Guaraí
4321907,RS,0.4178166167032964,253,105.70760402593399,Três Passos
2923407,BA,0.5968863451331199,177,105.64888308856223,Palmas de Monte Alto
5106307,MT,0.32503499912775496,325,105.63637471652036,Paranatinga
4114302,PR,0.3152800437248178,335,105.61881464781398,Mandirituba
2110500,MA,0.35659968786478174,296,105.55350760797539,São Bento
3117306,MG,0.35885754192246644,294,105.50411732520513,Conceição das Alagoas
1507201,PA,0.6156089320120055,171,105.26912737405294,São Domingos do Capim
1303205,AM,0.41259693679581355,255,105.21221888293246,Novo Airão
3556404,SP,0.27570022907797975,381,105.04178727871029,Vargem Grande do Sul
1506559,PA,0.5326843571759086,197,104.93881836365398,Santa Luzia do Pará
3538600,SP,0.32986362900364236,318,104.89663402315827,Piracaia
2301901,CE,0.13940871985985961,752,104.83535733461443,Barbalha
2800670,SE,0.6200567314295019,169,104.78958761158582,Boquim
2516003,PB,0.39315638640410244,266,104.57959878349125,Solânea
2103802,MA,0.4705247867497276,222,104.45650265843952,Dom Pedro
1302009,AM,0.6442871015694762,162,104.37451045425514,Itapiranga
1300144,AM,0.45506353010197537,229,104.20954839335236,Apuí
2921401,BA,0.6808514924115397,153,104.17027833896559,Mirangaba
5002902,MS,0.40803923194841046,255,104.05000414684467,Cassilândia
4112009,PR,0.23139223556196042,449,103.89511376732023,Jaguariaíva
2922300,BA,0.5354587159912445,194,103.87899090230144,Muritiba
2929057,BA,0.6036242007616173,172,103.82336253099817,São Félix do Coribe
2104206,MA,0.38394761373252523,270,103.66585570778182,Fortuna
2925907,BA,0.6359513668070464,163,103.66007278954858,Quijingue
2615003,PE,0.359929524631694,288,103.65970309392786,Taquaritinga do Norte
2512101,PB,0.3555259871380536,291,103.4580622571736,Pombal
2706505,AL,0.5145462117562851,201,103.42378856301332,Passo de Camaragibe
2930808,BA,0.6580748341286023,157,103.31774895819056,Souto Soares
4205506,SC,0.23748540268691493,435,103.30615016880799,Fraiburgo
1707009,TO,0.3676035785432162,281,103.29660557064375,Dianópolis
2702355,AL,0.38103526391974696,271,103.26055652225142,Craíbas
1200344,AC,0.5099014926726588,202,103.00010151987708,Manoel Urbano
3518305,SP,0.257523284387232,399,102.75179047050555,Guararema
4120606,PR,0.19783148472920242,519,102.67454057445606,Prudentópolis
3140704,MG,0.23988396055787334,428,102.67033511876978,Mateus Leme
3303955,RJ,0.36667737333019673,280,102.66966453245509,Pinheiral
1300029,AM,0.44423033048625526,231,102.61720634232496,Alvarães
2906824,BA,0.6657604837567375,154,102.52711449853757,Canudos
5008008,MS,0.35571635321358513,288,102.44630972551252,Terenos
3507803,SP,0.3543173178546157,289,102.39770485998393,Brodowski
2112902,MA,0.4015320992355248,255,102.39068530505882,Vitória do Mearim
1503507,PA,0.5196948649382352,197,102.37988839283234,Irituia
3152006,MG,0.27853377870945745,367,102.22189678637089,Pompéu
3502200,SP,0.3437692299041492,297,102.09946128153231,Angatuba
3201605,ES,0.2537430344462252,402,102.00469984738254,Conceição da Barra
4203956,SC,0.3463111763590333,294,101.81548584955578,Capivari de Baixo
2401107,RN,0.547386459669067,186,101.81388149844646,Areia Branca
2401453,RN,0.5137435591817869,198,101.72122471799382,Baraúna
2931608,BA,0.5468600853357782,186,101.71597587245475,Teolândia
1720903,TO,0.4752435793035759,214,101.70212597096524,Taguatinga
4207106,SC,0.40654613622994396,250,101.63653405748599,Ilhota
2923902,BA,0.6429711437431329,158,101.58944071141501,Pau Brasil
3546405,SP,0.25473284197844775,398,101.3836711074222,Santa Cruz do Rio Pardo
5107008,MT,0.37264174476290696,272,101.3585545755107,Poxoréu
2512002,PB,0.4502275798393045,225,101.30120546384352,Pocinhos
2708907,AL,0.3900562387925095,259,101.02456584725996,Satuba
1300680,AM,0.4997985882328008,202,100.95931482302576,Boa Vista do Ramos
2508307,PB,0.4120278209477583,245,100.94681613220078,Lagoa Seca
3103405,MG,0.32172679270146826,313,100.70048611555956,Araçuaí
2920403,BA,0.6022178471130528,167,100.57038046787983,Manoel Vitorino
2102002,MA,0.2660180698950721,378,100.55483042033725,Bom Jardim
1504307,PA,0.5176839244506892,194,100.4306813434337,Maracanã
1720200,TO,0.4714441731918258,213,100.4176088898589,São Miguel do Tocantins
4101606,PR,0.2851794883337866,352,100.38317989349288,Arapoti
1502772,PA,0.32276034868677284,310,100.05570809289958,Curionópolis
3109303,MG,0.3097190408896898,323,100.03925020736982,Buritis
2903805,BA,0.6451017235673133,155,99.99076715293357,Boa Vista do Tupim
3525706,SP,0.28943417021450035,345,99.85478872400262,José Bonifácio
2917805,BA,0.5515154888868918,181,99.82430348852742,Jaguaripe
3165537,MG,0.20102517271877834,496,99.70848566851406,Sarzedo
1303304,AM,0.3892885028981652,256,99.65785674193029,Novo Aripuanã
2100808,MA,0.5111475072908348,194,99.16261641442195,Anapurus
2205706,PI,0.33804271037619377,293,99.04651414022477,Luís Correia
4202453,SC,0.3001259383927013,330,99.04155966959144,Bombinhas
3501707,SP,0.2653523901320619,373,98.97644151925908,Américo Brasiliense
5105606,MT,0.3099080816889748,319,98.86067805878297,Matupá
4117305,PR,0.34931083150664205,283,98.8549653163797,Ortigueira
3550209,SP,0.26214735781111254,377,98.82955389478943,São Miguel Arcanjo
3300605,RJ,0.3641641309965211,271,98.68847950005723,Bom Jesus do Itabapoana
2801504,SE,0.6900876319484897,143,98.68253136863402,Carmópolis
2912400,BA,0.6242256252580576,158,98.6276487907731,Ibipeba
4304200,RS,0.4191489448490749,235,98.5000020395326,Candelária
2406502,RN,0.5659496883777607,174,98.47524577773036,Lagoa Nova
2905008,BA,0.5100353201481699,193,98.43681678859679,Caculé
2932309,BA,0.5891818465400183,167,98.39336837218305,Ubatã
2921104,BA,0.5120530581419623,192,98.31418716325678,Medeiros Neto
2928059,BA,0.6915694452728949,142,98.20286122875108,Santa Luzia
4117909,PR,0.23890044434114535,411,98.18808262421074,Palotina
2801009,SE,0.5946412612440634,165,98.11580810527046,Campo do Brito
2607604,PE,0.438607222762902,223,97.80941067612714,Ilha de Itamaracá
4220000,SC,0.40403077939901644,242,97.77544861456198,Balneário Rincão
4208104,SC,0.33474027159346376,292,97.74415930529142,Itaiópolis
3136652,MG,0.27377370613837826,357,97.73721309140103,Juatuba
3535804,SP,0.40528509093041765,241,97.67370691423065,Paranapanema
1508357,PA,0.33889515241082474,288,97.60180389431753,Vitória do Xingu
3526407,SP,0.34781998384364826,280,97.38959547622152,Laranjal Paulista
4310801,RS,0.41596351542589605,234,97.33546260965967,Ivoti
2613206,PE,0.3328020120189386,292,97.17818750953008,São João
2919603,BA,0.682550633650714,142,96.92218997840139,Macajuba
2210607,PI,0.2216611980234763,437,96.86594353625915,São Raimundo Nonato
2932507,BA,0.520389142750308,186,96.79238055155729,Una
2110278,MA,0.5756392148412204,168,96.70738809332502,Santo Amaro do Maranhão
3552106,SP,0.34529169389184355,280,96.6816742897162,Socorro
5003157,MS,0.28293298320476756,341,96.48014727282573,Coronel Sapucaia
2916005,BA,0.5641840754699133,171,96.47547690535518,Itanhém
2910750,BA,0.5435600071402794,177,96.21012126382946,Fátima
1600808,AP,0.5000987931253048,192,96.01896828005853,Vitória do Jari
3531308,SP,0.28659796766349716,335,96.01031916727155,Monte Alto
2504306,PB,0.43006917376213766,223,95.9054257489567,Catolé do Rocha
4110102,PR,0.23220523411194824,413,95.90076168823462,Imbituva
3112307,MG,0.17837867168007437,537,95.78934669219994,Capelinha
3514403,SP,0.26753452853002224,358,95.77736121374797,Dracena
3158953,MG,0.25116577141374236,381,95.69415890863583,Santana do Paraíso
2108207,MA,0.31762331815416145,301,95.6046187644026,Pedreiras
4306809,RS,0.45734645554736114,209,95.58540920939848,Encantado
1400407,RR,0.4870178192968548,196,95.45549258218354,Normandia
3110509,MG,0.38469535314518916,248,95.40444758000692,Camanducaia
2111805,MA,0.4005152865695835,238,95.32263820356087,Sítio Novo
3520301,SP,0.31037198056679416,307,95.28419803400581,Iguape
2919702,BA,0.5662354838900755,168,95.12756129353268,Macarani
3113305,MG,0.35091895294252023,271,95.09903624742299,Carangola
4119608,PR,0.25816779152490865,368,95.00574728116639,Pitanga
3300506,RJ,0.3391356373229521,280,94.95797845042658,Bom Jardim
2102606,MA,0.35168714040557153,270,94.95552790950431,Cândido Mendes
1702554,TO,0.38284480466015763,248,94.9455115557191,Augustinópolis
2709400,AL,0.4126234204761443,230,94.90338670951319,Viçosa
1506161,PA,0.45777082570536265,207,94.75856092101007,Rio Maria
2506004,PB,0.3238779139578496,292,94.57235087569208,Esperança
4301636,RS,0.5434008665251798,174,94.5517507753813,Balneário Pinhal
2803302,SE,0.44126376526745326,214,94.430445767235,Japaratuba
5200050,GO,0.30640222210490037,308,94.37188440830931,Abadia de Goiás
2904100,BA,0.6732906920132893,140,94.2606968818605,Boquira
2913101,BA,0.665883069007688,141,93.88951273008401,Ibititá
5210406,GO,0.16269433043235917,577,93.87462865947124,Itaberaí
4106407,PR,0.252150247071203,372,93.7998919104875,Cornélio Procópio
1507979,PA,0.3268063823894542,287,93.79343174577335,Terra Santa
3107307,MG,0.18000511414242965,521,93.78266446820585,Bocaiúva
2701308,AL,0.5180633753337124,181,93.76947093540194,Cajueiro
2933000,BA,0.6206372189024967,151,93.716220054277,Valente
3541307,SP,0.24450625994035036,383,93.64589755715419,Presidente Epitácio
2608750,PE,0.2753865676338384,340,93.63143299550505,Lagoa Grande
2920908,BA,0.7038098030111816,133,93.60670380048715,Mascote
1502855,PA,0.556589429370274,168,93.50702413420603,Curuá
4320107,RS,0.4794307825565727,195,93.48900259853167,Sarandi
2601052,PE,0.3958785916464722,236,93.42734762856745,Araçoiaba
2604502,PE,0.36070198404755627,259,93.42181386831707,Chã Grande
3508603,SP,0.43049833420547445,217,93.41813852258795,Cachoeira Paulista
1503408,PA,0.587220989975687,159,93.36813740613422,Inhangapi
2932101,BA,0.6102474974260972,153,93.36786710619286,Ubaíra
1200013,AC,0.4618159842326462,202,93.28682881499454,Acrelândia
2202307,PI,0.39621027878712506,235,93.10941551497439,Canto do Buriti
4205704,SC,0.23044158695878322,404,93.09840113134842,Garopaba
3540754,SP,0.4412145952271203,211,93.09627959292239,Potim
1508050,PA,0.37345604119775416,249,92.99055425824079,Trairão
1600709,AP,0.34816823891255627,267,92.96091978965252,Tartarugalzinho
2102309,MA,0.34813397471333246,267,92.95177124845976,Buriti Bravo
1507508,PA,0.5956164266724037,156,92.91616256089497,São João do Araguaia
3203056,ES,0.2127069466561372,436,92.74022874207583,Jaguaré
1501956,PA,0.5209222546740471,178,92.72416133198037,Cachoeira do Piriá
4323804,RS,0.5034431587539645,184,92.63354121072946,Xangri-lá
2101004,MA,0.2828788553125253,327,92.50138568719578,Arari
3204203,ES,0.26647966802963896,347,92.46844480628472,Piúma
3511607,SP,0.34994520025825177,264,92.38553286817847,Cesário Lange
2930303,BA,0.6158929088877652,150,92.38393633316477,Serra Dourada
3203007,ES,0.26319357934981524,351,92.38094635178516,Iúna
1400050,RR,0.46649276001368434,198,92.3655664827095,Alto Alegre
2922250,BA,0.7145896712991405,129,92.18206759758912,Muquém do São Francisco
2805505,SE,0.5687078014090797,162,92.13066382827091,Poço Verde
2930758,BA,0.558142469383071,165,92.09350744820671,Sítio do Mato
1200179,AC,0.6167967312614426,149,91.90271295795495,Capixaba
2804201,SE,0.5927647049843374,155,91.87852927257231,Monte Alegre de Sergipe
1600535,AP,0.2968774656910184,309,91.73513689852469,Porto Grande
2501302,PB,0.3741881590581776,245,91.67609896925352,Aroeiras
2920106,BA,0.6943641751252837,132,91.65607111653745,Mairi
2103703,MA,0.32487394527469665,282,91.61445256746445,Cururupu
3554508,SP,0.28266559825251986,324,91.58365383381643,Tietê
2507705,PB,0.4142684131833153,221,91.55331931351269,Juazeirinho
2911402,BA,0.692502530439012,132,91.41033401794958,Glória
1200708,AC,0.43316771585451075,211,91.39838804530177,Xapuri
2904704,BA,0.6972024476087972,131,91.33352063675244,Buerarema
5003801,MS,0.343014160053847,266,91.24176657432331,Fátima do Sul
5218508,GO,0.18811729544431147,485,91.23688829049107,Quirinópolis
3159605,MG,0.2235326136119199,408,91.20130635366331,Santa Rita do Sapucaí
3502754,SP,0.3415636892884474,267,91.19750504001546,Araçariguama
4103602,PR,0.34905151531732886,261,91.10244549782283,Cambará
1100056,RO,0.3092381851412192,294,90.91602643151845,Cerejeiras
3170800,MG,0.2650015289737722,343,90.89552443800387,Várzea da Palma
3542206,SP,0.29686439466286746,306,90.84050476683744,Rancharia
1303601,AM,0.5859480473353299,155,90.82194733697614,Santa Isabel do Rio Negro
3539509,SP,0.2434193587775218,372,90.5520014652381,Pitangueiras
4206306,SC,0.24658726134684725,367,90.49752491429294,Guabiruba
5108600,MT,0.3174760714637487,285,90.48068036716838,Vila Rica
2915502,BA,0.6368240613038041,142,90.42901670514019,Itajuípe
2912103,BA,0.5983732898263606,151,90.35436676378045,Ibicaraí
2105708,MA,0.19898311382974687,454,90.33833367870508,Lago da Pedra
2806206,SE,0.5499957806039094,164,90.19930801904114,Salgado
2511400,PB,0.4080546152745991,221,90.1800699756864,Picuí
1400233,RR,0.5034560185759676,179,90.11862732509819,Caroebe
4123501,PR,0.22923902745363142,393,90.09093778927715,Santa Helena
2903706,BA,0.5592750268353691,161,90.04327932049443,Boa Nova
3203908,ES,0.16771306681593737,536,89.89420381334243,Nova Venécia
2909703,BA,0.5796113894903067,155,89.83976537099754,Cristópolis
2924504,BA,0.5627339613216794,159,89.47469985014703,Pindaí
4108601,PR,0.3062395729739031,292,89.42195530837971,Goioerê
3524808,SP,0.2377378624174848,376,89.38943626897428,Jales
2932606,BA,0.5873206477222478,152,89.27273845378167,Urandi
2908705,BA,0.5647964088665425,158,89.23783260091372,Condeúba
2926103,BA,0.6686764400870138,133,88.93396653157284,Retirolândia
5107875,MT,0.18070998015200607,492,88.90931023478699,Sapezal
4322202,RS,0.49043787236851705,181,88.76925489870159,Tupanciretã
3303005,RJ,0.3203999897188768,277,88.75079715212887,Miracema
2412609,RN,0.5952156231869445,149,88.68712785485474,São Paulo do Potengi
2512903,PB,0.3818779380608113,232,88.59568163010822,Rio Tinto
5215603,GO,0.28943782272731944,306,88.56797375455974,Padre Bernardo
5005681,MS,0.34678929911175765,255,88.4312712734982,Mundo Novo
3107109,MG,0.2095266122492191,422,88.42023036917045,Boa Esperança
2903508,BA,0.6264243663249034,141,88.32583565181137,Belo Campo
4208500,SC,0.25630156112644115,344,88.16773702749576,Ituporanga
4120804,PR,0.29097773652454606,303,88.16625416693745,Quatro Barras
3511508,SP,0.2830138234150252,311,88.01729908207284,Cerquilho
4114203,PR,0.20465389436716644,430,88.00117457788157,Mandaguari
4103107,PR,0.38765022684324235,227,87.99660149341601,Bocaiúva do Sul
2407807,RN,0.47295618630888797,186,87.96985065345316,Monte Alegre
2412500,RN,0.49690394169382024,177,87.95199767980618,São Miguel
3157005,MG,0.21587406687725447,407,87.86074521904257,Salinas
2404507,RN,0.5291353815345037,166,87.83647333472761,Guamaré
2907608,BA,0.6704649650167719,131,87.83091041719712,Central
2702553,AL,0.5242223467146417,167,87.54513190134517,Estrela de Alagoas
2931004,BA,0.4971440916188529,176,87.49736012491812,Tanhaçu
2309607,CE,0.1261605401016491,693,87.42925429044281,Pacajus
2608305,PE,0.3399870923742967,257,87.37668274019425,Jupi
3537909,SP,0.29025180255269595,301,87.36579256836148,Pilar do Sul
2401206,RN,0.5737857891694416,152,87.21543995375512,Arez
2910008,BA,0.6097163125429197,143,87.18943269363751,Dário Meira
1200138,AC,0.6505274014410585,134,87.17067179310183,Bujari
2111532,MA,0.456303896742111,191,87.15404427774321,São Pedro da Água Branca
2910107,BA,0.569603361888908,153,87.14931436900292,Dom Basílio
2503001,PB,0.4189746951523095,208,87.14673659168038,Caaporã
2903235,BA,0.670357950585497,130,87.1465335761146,Barro Alto
3101508,MG,0.355693632539666,245,87.14493997221817,Além Paraíba
2802700,SE,0.7134789413731701,122,87.04443084752675,Ilha das Flores
3529708,SP,0.5087476375677891,171,86.99584602409193,Miguelópolis
2917904,BA,0.5837615256311379,149,86.98046731903955,Jandaíra
1505635,PA,0.3934414901709666,221,86.95056932778361,Piçarra
5105507,MT,0.36514605386413707,238,86.90476081966462,Vila Bela da Santíssima Trindade
3172004,MG,0.1997342122484271,435,86.8843823280658,Visconde do Rio Branco
2603702,PE,0.3680025024391037,236,86.84859057562848,Canhotinho
1300201,AM,0.3740864562577154,232,86.78805785178997,Atalaia do Norte
2109007,MA,0.26534762838811715,327,86.7686744829143,Porto Franco
1505650,PA,0.4869818606387249,178,86.68277119369303,Placas
3507100,SP,0.3234392971119346,268,86.68173162599847,Bom Jesus dos Perdões
2909406,BA,0.5936115046271317,146,86.66727967556123,Cotegipe
1711902,TO,0.46586044043701563,186,86.65004192128491,Lagoa da Confusão
5006903,MS,0.40104937836977583,216,86.62666572787158,Porto Murtinho
2607505,PE,0.37662065465037453,230,86.62275056958615,Itaíba
2501005,PB,0.44858967296987307,193,86.5778068831855,Araruna
5000203,MS,0.2677619912413473,323,86.48712317095517,Água Clara
3137205,MG,0.17186456747937598,503,86.44787744212611,Lagoa da Prata
2900306,BA,0.543310796138136,159,86.38641658596363,Acajutiba
5200308,GO,0.22437583216742105,385,86.3846953844571,Alexânia
2100436,MA,0.3873130031241747,223,86.37079969669097,Alto Alegre do Maranhão
3106309,MG,0.29377768044699853,294,86.37063805141757,Belo Oriente
3511409,SP,0.3979233078209926,217,86.34935779715539,Cerqueira César
2610806,PE,0.3886540446071712,222,86.281197902792,Pedra
2410405,RN,0.6110162592483265,141,86.15329255401403,Pureza
3151503,MG,0.25044280458711615,344,86.15232477796795,Piumhi
2104552,MA,0.3095898523939984,278,86.06597896553156,Governador Edison Lobão
2308104,CE,0.1497289236719764,574,85.94440218771446,Mauriti
2107902,MA,0.3222246957595502,266,85.71176907204035,Passagem Franca
3514106,SP,0.30921242437181484,277,85.65184155099271,Dois Córregos
5004502,MS,0.3659589407029031,234,85.63439212447932,Itaporã
2701803,AL,0.5007598300808737,171,85.6299309438294,Carneiros
2900355,BA,0.5632168290079149,152,85.60895800920306,Adustina
2106706,MA,0.48296542736058096,177,85.48488064282283,Mirador
2901205,BA,0.6626106349387141,129,85.47677190709412,Anagé
2930600,BA,0.6781275956267726,126,85.44407704897336,Serrolândia
2107704,MA,0.3236234101350678,264,85.4365802756579,Paraibano
2918803,BA,0.5304191395803408,161,85.39748147243488,Laje
3124203,MG,0.34989873919964626,244,85.37529236471369,Espera Feliz
5004304,MS,0.372752878692346,229,85.36040922054724,Iguatemi
3110004,MG,0.27315453486448665,312,85.22421487771983,Caeté
4213708,SC,0.3054427419014777,279,85.21852499051228,Pouso Redondo
2106508,MA,0.43881597029554914,194,85.13029823733653,Matinha
5103502,MT,0.29229022525714493,291,85.05645554982918,Diamantino
3152204,MG,0.22733377170024058,374,85.02283061588997,Porteirinha
3133303,MG,0.3744149153000487,227,84.99218577311106,Itaobim
4310009,RS,0.44898989266809225,189,84.85908971426943,Ibirubá
3301157,RJ,0.5544950656485528,153,84.83774504422857,Cardoso Moreira
2701605,AL,0.3462068918262576,245,84.82068849743311,Canapi
2207801,PI,0.3379042378924361,251,84.81396371100146,Paulistana
2614204,PE,0.23871627010597748,355,84.74427588762201,Sirinhaém
4321808,RS,0.39958202624897077,212,84.7113895647818,Três de Maio
3301405,RJ,0.46241513996856776,183,84.6219706142479,Conceição de Macabu
3156908,MG,0.23903621043968343,354,84.61881849564793,Sacramento
4210506,SC,0.2220256632136772,381,84.59177768441101,Maravilha
1100940,RO,0.3369471533882499,251,84.57373550045072,Cujubim
4213609,SC,0.3070691737614909,275,84.44402278441,Porto União
2408953,RN,0.611547181377464,138,84.39351103009002,Rio do Fogo
3546702,SP,0.3023052792136478,279,84.34317290060774,Santa Gertrudes
3548005,SP,0.3110972587667866,271,84.30735712579917,Santo Antônio de Posse
2408904,RN,0.3848650759564082,219,84.2854516344534,Parelhas
2700706,AL,0.47595561189074537,177,84.24414330466193,Batalha
3139300,MG,0.4552558075567959,185,84.22232439800725,Manga
2705002,AL,0.43395306895401264,194,84.18689537707846,Mata Grande
1200427,AC,0.5537092242393524,152,84.16380208438157,Rodrigues Alves
2202000,PI,0.2849961030146141,295,84.07385038931116,Buriti dos Lopes
2915106,BA,0.6833173675553915,123,84.04803620931315,Itagi
2402303,RN,0.5121963281805616,164,84.0001978216121,Caraúbas
1100015,RO,0.31110095962532197,270,83.99725909883693,Alta Floresta D'Oeste
4102000,PR,0.2047470452602254,410,83.94628855669242,Assis Chateaubriand
2902401,BA,0.625789298921568,134,83.85576605549011,Aurelino Leal
5103304,MT,0.3393748533404876,247,83.82558877510044,Comodoro
3304003,RJ,0.3536648159076652,237,83.81856137011665,Piraí
5100201,MT,0.2276679458634121,368,83.78180407773566,Água Boa
2207009,PI,0.23868280138018044,351,83.77766328444334,Oeiras
1504976,PA,0.4892814008733049,171,83.66711954933514,Nova Ipixuna
2108454,MA,0.3620883153693833,231,83.64240085032755,Peritoró
2800506,SE,0.565150884776086,148,83.64233094686072,Areia Branca
1600105,AP,0.5644034054675874,148,83.53170400920293,Amapá
4319000,RS,0.46391159814974,180,83.5040876669532,São Marcos
4216909,SC,0.2419738543115548,345,83.48097973748641,São Lourenço do Oeste
2932804,BA,0.6519935934867109,128,83.455179966299,Utinga
1507102,PA,0.46601297266672065,179,83.41632210734299,São Caetano de Odivelas
3533502,SP,0.2406879851089903,346,83.27804284771065,Novo Horizonte
1101492,RO,0.31052673677337944,268,83.22116545526569,São Francisco do Guaporé
2803401,SE,0.5718149675163333,145,82.91317028986833,Japoatã
2909208,BA,0.6376684418586379,130,82.89689744162293,Coronel João Sá
2924801,BA,0.5918359853011866,140,82.85703794216613,Piritiba
2707404,AL,0.5482612218806561,151,82.78744450397906,Porto de Pedras
5101704,MT,0.21109799028551224,392,82.7504121919208,Barra do Bugres
5004601,MS,0.22981465506512153,360,82.73327582344375,Itaquiraí
3522703,SP,0.22133701706987896,373,82.55870736706486,Itápolis
2208502,PI,0.3620179800352391,228,82.54009944803451,Porto
4202073,SC,0.4084558113335535,202,82.50807388937781,Balneário Gaivota
2602209,PE,0.2627112764585164,314,82.49134080797414,Bom Jardim
4211702,SC,0.31589172428329726,261,82.44774003794059,Orleans
1501451,PA,0.4178839390973033,197,82.32313600216875,Belterra
4104659,PR,0.268920824967926,306,82.28977244018536,Carambeí
4102406,PR,0.25568584444179865,321,82.07515606581737,Bandeirantes
2703601,AL,0.5435341821527829,151,82.07366150507022,Japaratinga
2110609,MA,0.25536782740978514,321,81.97307259854102,São Bernardo
2906600,BA,0.5879203223151256,139,81.72092480180245,Candiba
4124053,PR,0.24459721189432793,334,81.69546877270552,Santa Terezinha de Itaipu
2706448,AL,0.4859695298772633,168,81.64288101938023,Paripueira
3126109,MG,0.16956911745016648,481,81.56274549353007,Formiga
3513702,SP,0.26915380962968044,303,81.55360431779317,Descalvado
3104502,MG,0.4292281559138725,190,81.55334962363577,Arinos
5106257,MT,0.31958519229787474,255,81.49422403595806,Nova Xavantina
2507002,PB,0.42412170469650673,192,81.4313673017293,Itaporanga
2613602,PE,0.24521702883965085,332,81.41205357476409,São José do Egito
5105903,MT,0.2802721457265698,290,81.27892226070523,Nobres
4312658,RS,0.4300033960328854,189,81.27064185021534,Não-Me-Toque
3204708,ES,0.2066663519140573,393,81.21987630222452,São Gabriel da Palha
3204559,ES,0.1434487354027533,566,81.19198423795837,Santa Maria de Jetibá
3302908,RJ,0.3425782071172992,237,81.19103508679991,Miguel Pereira
2102705,MA,0.35452590484062113,229,81.18643220850224,Cantanhede
1716505,TO,0.3606437243194825,225,81.14483797188356,Pedro Afonso
4321105,RS,0.4912309840290404,165,81.05311236479167,Tapes
3504602,SP,0.30920514359971335,262,81.0117476231249,Bady Bassitt
3132701,MG,0.38905619381743706,208,80.9236883140269,Itambacuri
2902609,BA,0.6027395604341368,134,80.76710109817434,Baixa Grande
2909604,BA,0.5566568780157105,145,80.71524731227802,Crisópolis
4309605,RS,0.36179418448983713,223,80.68010314123369,Horizontina
4214003,SC,0.3090529183633605,261,80.6628116928371,Presidente Getúlio
3539103,SP,0.4312853177727758,187,80.65035442350907,Pirapora do Bom Jesus
4109708,PR,0.26268501147535583,307,80.64429852293424,Ibaiti
2609154,PE,0.3821655987069121,211,80.63694132715845,Manari
2414803,RN,0.5303382085456693,152,80.61140769894173,Vera Cruz
3514908,SP,0.33849209692670656,238,80.56111906855617,Elias Fausto
2109809,MA,0.3532850657505142,228,80.54899499111724,Santa Helena
2404606,RN,0.6008595824648185,134,80.51518405028568,Ielmo Marinho
3128006,MG,0.24507041884398928,328,80.38309738082849,Guanhães
5103007,MT,0.28394479063064293,283,80.35637574847195,Chapada dos Guimarães
3510807,SP,0.33448881280586923,240,80.27731507340862,Casa Branca
2915353,BA,0.6525571633601168,123,80.26453109329437,Itaguaçu da Bahia
2314102,CE,0.09257573401766307,867,80.26316139331388,Viçosa do Ceará
1302207,AM,0.4941219319320013,162,80.04775297298421,Juruá
3515152,SP,0.3865169593780917,207,80.00901059126498,Engenheiro Coelho
2803906,SE,0.6060803803595862,132,80.00261020746538,Malhador
2904308,BA,0.5630428848274679,142,79.95208964550044,Brejões
2108702,MA,0.43664471347817246,183,79.90598256650556,Pio XII
1301654,AM,0.40898887623376795,195,79.75283086558476,Guajará
2516102,PB,0.4792616911373571,166,79.55744072880128,Soledade
2931301,BA,0.6165653576147051,129,79.53693113229696,Tapiramutá
2508604,PB,0.4461308018869992,178,79.41128273588586,Lucena
2108256,MA,0.37446298738943096,212,79.38615332655937,Pedro do Rosário
4119400,PR,0.25929904983728636,306,79.34550925020963,Piraí do Sul
2704104,AL,0.44303685308172597,179,79.30359670162895,Lagoa da Canoa
5221601,GO,0.21144618454764372,375,79.2923192053664,Uruaçu
2931053,BA,0.3828682365630312,207,79.25372496854746,Tanque Novo
5217302,GO,0.2740169054459838,289,79.19088567388931,Pirenópolis
4116208,PR,0.336668789665207,235,79.11716557132365,Morretes
2901304,BA,0.5518774909226108,143,78.91848120193335,Andaraí
1100320,RO,0.31188047045834416,253,78.90575902596107,São Miguel do Guaporé
1502509,PA,0.37562370595106015,210,78.88097824972263,Chaves
3148707,MG,0.3427680130871374,230,78.8366430100416,Pedra Azul
2512507,PB,0.1416991421584132,556,78.78472304007774,Queimadas
3505807,SP,0.3749050141618224,210,78.73005297398271,Bastos
2614600,PE,0.235390587480318,334,78.62045621842621,Tabira
2609303,PE,0.35899489600014045,219,78.61988222403076,Mirandiba
2613800,PE,0.47073215052176026,167,78.61226913713396,São Vicente Férrer
2901403,BA,0.6776065898745023,116,78.60236442544226,Angical
2600609,PE,0.38863158021135813,202,78.50357920269434,Alagoinha
2400703,RN,0.41733020102015345,188,78.45807779178885,Alto do Rodrigues
4206009,SC,0.28819250304408467,272,78.38836082799104,Governador Celso Ramos
2105427,MA,0.3025361270793416,259,78.35685691354946,Itinga do Maranhão
3541604,SP,0.27009230625837355,290,78.32676881492833,Promissão
4315503,RS,0.5439206369227082,144,78.32457171686998,Restinga Sêca
2307106,CE,0.2447338578036266,320,78.31483449716052,Jardim
3162955,MG,0.2229972403052016,351,78.27203134712576,São José da Lapa
4215505,SC,0.2982846522898442,262,78.15057889993918,Santa Cecília
2301307,CE,0.22903811244217193,341,78.10199634278062,Araripe
3102605,MG,0.237181837095753,329,78.03282440450273,Andradas
2932408,BA,0.6843652003636557,114,78.01763284145675,Uibaí
3202454,ES,0.20079837367405956,388,77.90976898553511,Ibatiba
2700607,AL,0.5090964382684731,153,77.89175505507637,Barra de São Miguel
2930402,BA,0.6225391963516613,125,77.81739954395766,Serra Preta
3305158,RJ,0.30389707957042905,256,77.79765237002984,São José do Vale do Rio Preto
2705804,AL,0.5438883116468552,143,77.7760285655003,Olho d'Água do Casado
3157203,MG,0.27355436505614694,284,77.68943967594574,Santa Bárbara
1100346,RO,0.4736367845828662,164,77.67643267159005,Alvorada D'Oeste
4301008,RS,0.40452657818948423,192,77.66910301238097,Arroio do Meio
2908002,BA,0.6140884119719279,126,77.37513990846291,Coaraci
3143104,MG,0.1628626448620915,475,77.35975630949346,Monte Carmelo
2101251,MA,0.37918805386808413,204,77.35436298908917,Bacabeira
3553807,SP,0.3611476887555812,214,77.28560539369437,Taquarituba
2907004,BA,0.6231220705900732,124,77.26713675316907,Cardeal da Silva
2603108,PE,0.36078613626501166,214,77.2082331607125,Cachoeirinha
1708205,TO,0.3919185563175667,197,77.20795559456064,Formoso do Araguaia
2912806,BA,0.56626007314044,136,77.01136994709984,Ibirapuã
2614006,PE,0.3825598980375604,201,76.89453950554964,Serrita
3512001,SP,0.367819050211551,209,76.87418149421416,Colina
1300102,AM,0.3124499210204609,246,76.86268057103338,Anori
4313656,RS,0.522515290473742,147,76.80974769964007,Palmares do Sul
4318408,RS,0.46831941769759744,164,76.80438450240598,São Jerônimo
3304151,RJ,0.2695289008227558,284,76.54620783366265,Quissamã
2806602,SE,0.5754304119061743,133,76.53224478352118,Santo Amaro das Brotas
3167608,MG,0.2898300944128002,264,76.51514492497925,Simonésia
2700201,AL,0.4247766477202003,180,76.45979658963606,Anadia
1714880,TO,0.4747637208613511,161,76.43695905867753,Nova Olinda
1506112,PA,0.5345144629412286,143,76.4355682005957,Quatipuru
3145901,MG,0.19251137046696046,397,76.4270140753833,Ouro Branco
4205803,SC,0.26793553853734525,285,76.36162848314339,Garuva
2901700,BA,0.6757102068752465,113,76.35525337690285,Antônio Cardoso
1505403,PA,0.47128715322896786,162,76.34851882309279,Ourém
2704401,AL,0.44115366100500436,173,76.31958335386575,Major Isidoro
2922706,BA,0.5221352682203091,146,76.23174916016512,Nova Canaã
4316600,RS,0.4644213771108992,164,76.16510584618747,Sananduva
2933059,BA,0.6921855531919321,110,76.14041085111253,Várzea da Roça
4104428,PR,0.29479834715606884,258,76.05797356626576,Candói
3529906,SP,0.3208004772170782,237,76.02971310044754,Miracatu
2602308,PE,0.20769959551099718,366,76.01805195702497,Bonito
5107800,MT,0.39917095885351733,190,75.8424821821683,Santo Antônio de Leverger
4200705,SC,0.4309203378088729,176,75.84197945436163,Alfredo Wagner
3538808,SP,0.24147352889166732,314,75.82268807198353,Piraju
3520103,SP,0.3847453485365797,197,75.7948336617062,Igarapava
2709202,AL,0.451101033505111,168,75.78497362885865,Traipu
2611507,PE,0.3677877691292781,206,75.76428044063128,Quipapá
4213203,SC,0.2575098150082116,294,75.7078856124142,Pomerode
4206702,SC,0.32908801890179484,230,75.69024434741281,Herval d'Oeste
3509403,SP,0.3255791804816089,232,75.53436987173326,Cajuru
4111506,PR,0.27833724062005283,271,75.42939220803432,Ivaiporã
2308401,CE,0.18886088356105493,399,75.35549254086092,Missão Velha
3160702,MG,0.22359477463298147,337,75.35143905131476,Santos Dumont
1501576,PA,0.44825410959709155,168,75.30669041231138,Bom Jesus do Tocantins
2807501,SE,0.5492904751765227,137,75.25279509918361,Tomar do Geru
3532405,SP,0.3371322240410489,223,75.1804859611539,Nazaré Paulista
2211308,PI,0.390991313191469,192,75.07033213276205,Valença do Piauí
2107407,MA,0.4215716057140689,178,75.03974581710426,Olho d'Água das Cunhãs
4302303,RS,0.48704686918385076,154,75.00521785431302,Bom Jesus
1713205,TO,0.46233051494712213,162,74.89754342143378,Miracema do Tocantins
5209101,GO,0.20551465284490106,364,74.80733363554398,Goiatuba
2612406,PE,0.34790782544157506,215,74.80018246993863,Sanharó
3108602,MG,0.23021978486257477,324,74.59121029547423,Brasília de Minas
4319604,RS,0.4519972257616001,165,74.57954225066402,São Sepé
4306502,RS,0.5314826532024038,140,74.40757144833654,Dom Feliciano
1701002,TO,0.47979201345833317,155,74.36776208604164,Ananás
2616209,PE,0.3693999080417479,201,74.24938151639132,Vertentes
2916856,BA,0.4340134864065371,171,74.21630617551784,Itatim
2902005,BA,0.6801922425725742,109,74.14095444041058,Aracatu
5002605,MS,0.39581763263380004,187,74.01789730252061,Camapuã
2901106,BA,0.5522354076010597,134,73.999544618542,Amélia Rodrigues
2407708,RN,0.5174168015798385,143,73.9906026259169,Montanhas
2101301,MA,0.3423622730704056,216,73.95025098320761,Bacuri
3137700,MG,0.28323273395273235,261,73.92374356166314,Lajinha
2927507,BA,0.6422046473048572,115,73.85353444005857,Santa Bárbara
4320404,RS,0.4586934555311127,161,73.84964634050914,Serafina Corrêa
2107100,MA,0.2951052947078116,250,73.7763236769529,Morros
5209200,GO,0.28416356703462514,259,73.59836386196791,Guapó
3539202,SP,0.29978347175889475,245,73.44695058092921,Pirapozinho
3511003,SP,0.40249921076108375,182,73.25485635851724,Castilho
2907707,BA,0.6050581908688917,121,73.21204109513589,Chorrochó
2923605,BA,0.5304340361566567,138,73.19989698961864,Paramirim
4203907,SC,0.26132594035299306,280,73.17126329883806,Capinzal
5218300,GO,0.17924755210085097,408,73.1330012571472,Posse
5003488,MS,0.5186709080460911,141,73.13259803449884,Dois Irmãos do Buriti
2112233,MA,0.22120542845305582,330,72.99779138950842,Trizidela do Vale
2611309,PE,0.5364372906230607,136,72.95547152473625,Pombos
4212908,SC,0.24729939666266715,295,72.9533220154868,Pinhalzinho
2925402,BA,0.6752502746909107,108,72.92702966661835,Potiraguá
5220108,GO,0.22780004841606938,320,72.8960154931422,São Luís de Montes Belos
2911857,BA,0.6168163133243817,118,72.78432497227703,Heliópolis
4121703,PR,0.21646362576086114,336,72.73177825564935,Reserva
3305406,RJ,0.35585500713201784,204,72.59442145493163,Sapucaia
2607000,PE,0.230978190014346,314,72.52715166450464,Inajá
3162401,MG,0.28758813166088815,252,72.4722091785438,São João da Ponte
2105104,MA,0.2982117497809873,243,72.46545519677991,Icatu
2111763,MA,0.4140652340699658,175,72.46141596224402,Senador La Rocque
1503002,PA,0.48943325719021746,148,72.43612206415219,Faro
4318101,RS,0.4860631519341595,149,72.42340963818977,São Francisco de Assis
3521408,SP,0.2931397315535667,247,72.40551369373098,Iracemápolis
1100254,RO,0.34066960950140196,212,72.22195721429722,Presidente Médici
3202207,ES,0.3162124906536832,228,72.09644786903976,Fundão
2610400,PE,0.40494666644145133,178,72.08050662657834,Parnamirim
2506806,PB,0.48010965347799206,150,72.0164480216988,Ingá
5101902,MT,0.2635102108746253,273,71.93828756877271,Brasnorte
3200805,ES,0.24886886231230357,289,71.92310120825573,Baixo Guandu
5005806,MS,0.3922403705094388,183,71.7799878032273,Nioaque
3201902,ES,0.20330873335515715,353,71.76798287437047,Domingos Martins
1709005,TO,0.5124006182054761,140,71.73608654876665,Goiatins
2200509,PI,0.4028230028684994,178,71.7024945105929,Amarante
1303957,AM,0.47478138782372326,151,71.69198956138221,São Sebastião do Uatumã
4206652,SC,0.41202042829015056,174,71.6915545224862,Guatambú
4314605,RS,0.42151052186862437,170,71.65678871766615,Piratini
1502764,PA,0.416076377428098,172,71.56513691763286,Cumaru do Norte
3523503,SP,0.3147286552281993,227,71.44340473680124,Itatinga
1703842,TO,0.5137316208383574,139,71.40869529653169,Campos Lindos
4200101,SC,0.3116464334778564,229,71.36703326642912,Abelardo Luz
2409803,RN,0.615134382803319,116,71.355588405185,Pedro Velho
2203701,PI,0.2117370506037168,337,71.35538605345256,Esperantina
3101102,MG,0.2900296301866153,246,71.34728902590737,Aimorés
3508009,SP,0.29564359748745506,241,71.25010699447667,Buri
1507409,PA,0.6194292731699985,115,71.23436641454983,São Francisco do Pará
4307500,RS,0.43971724569314213,162,71.23419380228903,Espumoso
2921609,BA,0.6415678425899335,111,71.21403052748262,Morpará
2920452,BA,0.6135679625297166,116,71.17388365344712,Mansidão
4301107,RS,0.5337647153886741,133,70.99070714669365,Arroio dos Ratos
2616001,PE,0.37551031878240937,189,70.97145024987537,Venturosa
5211800,GO,0.13798304465365663,514,70.92328495197951,Jaraguá
2933455,BA,0.47579115585963677,149,70.89288222308588,Wanderley
2931202,BA,0.5091851560728188,139,70.77673669412181,Taperoá
5107065,MT,0.1791473187857986,395,70.76319092039044,Querência
2903003,BA,0.620526271978068,114,70.73999500549975,Barra do Mendes
2411502,RN,0.5569286251194906,127,70.7299353901753,Santo Antônio
3302106,RJ,0.3211207709829482,220,70.64656961624861,Itaocara
2915007,BA,0.5156401922881999,137,70.64270634348338,Itaeté
2705606,AL,0.4870949621026671,145,70.62876950488673,Novo Lino
1100148,RO,0.2954267547588828,239,70.60699438737299,Nova Brasilândia D'Oeste
2701704,AL,0.46651412021329036,151,70.44363215220685,Capela
5210109,GO,0.23771659661564706,296,70.36411259823153,Ipameri
2924207,BA,0.6866005650007048,102,70.03325763007189,Pedro Alexandre
2414001,RN,0.5423430834406054,129,69.9622577638381,Tangará
3527603,SP,0.3907955908935006,179,69.9524107699366,Luís Antônio
2406106,RN,0.5062366545356689,138,69.8606583259223,Jucurutu
2512705,PB,0.4009987684117367,174,69.77378570364219,Remígio
3505203,SP,0.25077601528108795,278,69.71573224814244,Bariri
4321436,RS,0.4735690340158729,147,69.61464800033332,Terra de Areia
2806008,SE,0.5436838211664193,128,69.59152910930167,Ribeirópolis
5215702,GO,0.1888670633643739,368,69.50307931808959,Palmeiras de Goiás
2100709,MA,0.39856318988329936,174,69.3499950396941,Anajatuba
4201950,SC,0.37026815854544226,187,69.2401456479977,Balneário Arroio do Silva
2921302,BA,0.5670541085649228,122,69.18060124492058,Milagres
4322806,RS,0.39242428216538977,176,69.0666736611086,Veranópolis
3500501,SP,0.41350039750795825,167,69.05456638382903,Águas de Lindóia
2102358,MA,0.439601141396757,157,69.01737919929084,Buritirana
4217501,SC,0.2936277263381573,235,69.00251568946697,Seara
3511706,SP,0.3074663851564992,224,68.87247027505582,Charqueada
2615805,PE,0.2968078516375028,232,68.85942157990064,Tupanatinga
4204558,SC,0.3442594854184137,200,68.85189708368274,Correia Pinto
2920007,BA,0.637505335452958,108,68.85057622891946,Maiquinique
4101200,PR,0.29410629009342354,234,68.82087188186111,Antonina
4102901,PR,0.28154267592323406,244,68.69641292526912,Bituruna
3109006,MG,0.16632016528585503,413,68.69022826305813,Brumadinho
3200904,ES,0.16010008195070183,428,68.52283507490039,Barra de São Francisco
2500403,PB,0.25189871365661787,272,68.51645011460006,Alagoa Nova
4105201,PR,0.4076693748925228,168,68.48845498194383,Cerro Azul
4202057,SC,0.36229639330890245,189,68.47401833538257,Balneário Barra do Sul
2800704,SE,0.5610852107099167,122,68.45239570660983,Brejo Grande
4320206,RS,0.4359745373092922,157,68.44800235755888,Seberi
2925709,BA,0.6575627937783212,104,68.3865305529454,Presidente Jânio Quadros
2110658,MA,0.5340034222397272,128,68.35243804668508,São Domingos do Azeitão
4127601,PR,0.27433790502493643,249,68.31013835120918,Tijucas do Sul
1100080,RO,0.31334303188288437,218,68.30878095046879,Costa Marques
3132503,MG,0.17582908123982702,388,68.22168352105288,Itamarandiba
5007950,MS,0.372703358223867,183,68.20471455496767,Tacuru
2108801,MA,0.5087716972330651,134,68.17540742923073,Pirapemas
2413359,RN,0.6196921899610074,110,68.16614089571081,Serra do Mel
2512408,PB,0.2963638609455064,230,68.16368801746647,Puxinanã
3515186,SP,0.24781612783399593,275,68.14943515434888,Espírito Santo do Pinhal
2707206,AL,0.3959914893592624,172,68.11053616979314,Poço das Trincheiras
2929800,BA,0.7165246734443029,95,68.06984397720878,Saúde
2615300,PE,0.19223853339616984,354,68.05244082224412,Timbaúba
3142809,MG,0.3285435434640478,207,68.00851349705789,Monte Alegre de Minas
3302809,RJ,0.4046984004264492,168,67.98933127164347,Mendes
4211207,SC,0.2575292903054422,264,67.98773264063674,Morro da Fumaça
3163706,MG,0.17244544046140764,394,67.94350354179461,São Lourenço
4300877,RS,0.49178815604427456,138,67.86676553410989,Araricá
4211751,SC,0.2736373195806488,248,67.8620552560009,Otacílio Costa
2509107,PB,0.39226591944986783,173,67.86200406482713,Mari
2802403,SE,0.5746119854991378,118,67.80421428889827,Gararu
3126703,MG,0.45196457502077353,150,67.79468625311603,Francisco Sá
2406700,RN,0.5889374634209451,115,67.72780829340869,Lajes
2506905,PB,0.4154110331399491,163,67.7119984018117,Itabaiana
2301109,CE,0.08759482734779149,773,67.71080153984282,Aracati
2106409,MA,0.25532076120960273,265,67.66000172054473,Mata Roma
3204054,ES,0.20250736209986112,334,67.63745894135361,Pedro Canário
3202306,ES,0.2152525988362941,314,67.58931603459635,Guaçuí
2609501,PE,0.35015761730499895,193,67.5804201398648,Nazaré da Mata
4115606,PR,0.28507131064820956,237,67.56190062362566,Matelândia
2509057,PB,0.5153597219663906,131,67.51212357759717,Marcação
3553302,SP,0.3067324365851508,220,67.48113604873318,Tambaú
2601607,PE,0.4297790261021441,157,67.47530709803662,Belém do São Francisco
2918506,BA,0.5436844667801937,124,67.41687388074402,Jussara
1300839,AM,0.5964746819362575,113,67.4016390587971,Caapiranga
2906105,BA,0.6736700323215982,100,67.36700323215982,Canápolis
3157708,MG,0.3206064985712151,210,67.32736469995517,Santa Juliana
2208809,PI,0.3433002599481889,196,67.28685094984503,Regeneração
2903607,BA,0.6727985587696347,100,67.27985587696347,Biritinga
3139607,MG,0.30967238598171926,217,67.19890775803307,Mantena
1400027,RR,0.4901999864165539,137,67.15739813906788,Amajari
3501301,SP,0.2728766960521598,246,67.12766722883131,Álvares Machado
4311205,RS,0.5457433482062934,123,67.1264318293741,Júlio de Castilhos
2404705,RN,0.5450749467819489,123,67.04421845417971,Ipanguaçu
4106506,PR,0.2356947958373154,284,66.93732201779757,Coronel Vivida
3554300,SP,0.28222742011455054,237,66.88789856714848,Teodoro Sampaio
2505105,PB,0.3816553091979109,175,66.7896791096344,Cuité
1200054,AC,0.513438120615768,130,66.74695568004984,Assis Brasil
1302801,AM,0.38140750416525193,175,66.74631322891909,Maraã
3512407,SP,0.22690997831543705,294,66.7115336247385,Cordeirópolis
3118403,MG,0.3491462225155582,191,66.68692850047162,Conselheiro Pena
4106209,PR,0.24154139111276496,276,66.66542394712313,Contenda
4210001,SC,0.2988283892747918,223,66.63873080827857,Luiz Alves
4317905,RS,0.3895666476378462,171,66.6158967460717,Santo Cristo
3301108,RJ,0.3916177153587711,170,66.57501161099108,Cantagalo
4203709,SC,0.418437168162419,159,66.53150973782462,Canelinha
2507309,PB,0.4679731155648051,142,66.45218241020233,Jacaraú
4204251,SC,0.3336134577342451,199,66.38907808911478,Cocal do Sul
2111078,MA,0.3996981737855776,166,66.34989684840588,São João do Soter
2904001,BA,0.5296812054416951,125,66.21015068021188,Boninal
4301305,RS,0.5295603406382975,125,66.19504257978718,Arroio Grande
3543006,SP,0.2656906958929771,249,66.1569832773513,Ribeirão Branco
4209706,SC,0.3630476216434978,182,66.0746671391166,Lebon Régis
3134608,MG,0.2947965616784812,224,66.03442981597978,Jaboticatubas
2906899,BA,0.6161311371297626,107,65.9260316728846,Caraíbas
4102802,PR,0.36977555498546427,178,65.82004878741265,Bela Vista do Paraíso
2707602,AL,0.35382684468405995,186,65.81179311123515,Quebrangulo
2903276,BA,0.5719400437030632,115,65.77310502585226,Barrocas
2307502,CE,0.24066845240816248,273,65.70248750742836,Lavras da Mangabeira
2902203,BA,0.7213173687949951,91,65.63988056034455,Aramari
4302352,RS,0.4425613243511212,148,65.49907600396594,Bom Princípio
2409308,RN,0.6117042052084759,107,65.45234995730692,Patu
1100064,RO,0.3021985577917215,216,65.27488848301185,Colorado do Oeste
3147402,MG,0.26371477475409366,247,65.13754936426113,Paraopeba
4215455,SC,0.38079940051847544,171,65.1166974886593,Sangão
2603801,PE,0.3042760514932949,214,65.11507501956511,Capoeiras
2709301,AL,0.11244415729861855,579,65.10516707590014,União dos Palmares
2103554,MA,0.45166008569983035,144,65.03905234077557,Conceição do Lago-Açu
3502705,SP,0.22341454958030865,291,65.01363392786982,Apiaí
4302402,RS,0.4412682533185848,147,64.86643323783197,Bom Retiro do Sul
2702801,AL,0.4001634583015672,162,64.82648024485388,Flexeiras
3526100,SP,0.3576651662243131,181,64.73739508660067,Juquiá
5106372,MT,0.26091068390826677,248,64.70584960925017,Pedra Preta
3551603,SP,0.27872045103811177,232,64.66314464084194,Serra Negra
5004809,MS,0.4684994046375851,138,64.65291783998674,Japorã
5107305,MT,0.2646416151957272,244,64.57255410775744,São José do Rio Claro
3146305,MG,0.3469493263859009,186,64.53257470777757,Padre Paraíso
2608008,PE,0.4779829660917511,135,64.5277004223864,Jataúba
1300904,AM,0.39830599998360294,162,64.52557199734368,Canutama
2708956,AL,0.3705357969880226,174,64.47322867591593,Senador Rui Palmeira
4116901,PR,0.25162962893316987,256,64.41718500689149,Nova Esperança
2805109,SE,0.6852339802840206,94,64.41199414669794,Pedrinhas
2917334,BA,0.6850529078885674,94,64.39497334152534,Iuiu
3168002,MG,0.1503980252899976,428,64.37035482411898,Taiobeiras
2511905,PB,0.3740630357537564,172,64.3388421496461,Pitimbu
1722107,TO,0.4530610906133735,142,64.33467486709904,Xambioá
3556305,SP,0.2363935332619152,272,64.29904104724093,Valparaíso
4213401,SC,0.34943969846014633,184,64.29690451666693,Ponte Serrada
3553401,SP,0.27713924805358137,232,64.29630554843088,Tanabi
3116605,MG,0.1842136530661664,349,64.29056492009208,Cláudio
2210003,PI,0.2565950677372444,250,64.1487669343111,São João do Piauí
2205805,PI,0.2966134776112611,216,64.0685111640324,Luzilândia
3510005,SP,0.26354219801847395,243,64.04075411848918,Cândido Mota
3162906,MG,0.2890144070634104,221,63.8721839610137,São João Nepomuceno
3124302,MG,0.24650128990933906,259,63.84383408651882,Espinosa
2930766,BA,0.559772874490657,114,63.81410769193491,Sítio do Quinto
3545001,SP,0.3206722667446531,199,63.81378108218596,Salesópolis
3535606,SP,0.31745942870938093,201,63.809345170585566,Paraibuna
2933174,BA,0.6016996934717975,106,63.780167508010535,Varzedo
3111200,MG,0.14168595692916272,450,63.75868061812322,Campo Belo
2100550,MA,0.4941771582865769,129,63.748853418968416,Amapá do Maranhão
3530102,SP,0.3579330001631962,178,63.71207402904892,Mirandópolis
2926707,BA,0.5137162732920083,124,63.70081788820902,Rio de Contas
2705507,AL,0.2269633982639503,280,63.54975151390608,Murici
4316006,RS,0.3715662054982038,171,63.53782114019285,Rolante
4319406,RS,0.46010752898175383,138,63.49483899948203,São Pedro do Sul
3100906,MG,0.29367927990343534,216,63.43472445914203,Águas Formosas
2311306,CE,0.08131093393598146,780,63.422528470065544,Quixadá
2922805,BA,0.6149620698066538,103,63.34109319008534,Nova Itarana
2901809,BA,0.6797374989698022,93,63.2155874041916,Antônio Gonçalves
2305803,CE,0.14140154119111203,447,63.206488912427076,Ipu
3135803,MG,0.3273491917032424,193,63.17839399872578,Jequitinhonha
5002001,MS,0.3357716659900639,188,63.125073206132015,Batayporã
3123601,MG,0.29207920997793074,216,63.08910935523304,Elói Mendes
4105409,PR,0.2593172751245274,243,63.01409785526016,Chopinzinho
3301504,RJ,0.3518489499424587,179,62.9809620397001,Cordeiro
3538907,SP,0.38828296816635244,162,62.90184084294909,Pirajuí
2412559,RN,0.6105105987503926,103,62.88259167129044,São Miguel do Gostoso
3500105,SP,0.2697170037087377,233,62.84406186413589,Adamantina
3507902,SP,0.28662073334633925,219,62.7699406028483,Brotas
2929701,BA,0.6536832876724353,96,62.75359561655379,Sátiro Dias
2307601,CE,0.10386575628213397,604,62.73491679440892,Limoeiro do Norte
2920809,BA,0.7203541635546216,87,62.67081222925208,Marcionílio Souza
2311801,CE,0.07840027707735428,799,62.641821384806065,Russas
4101101,PR,0.2980669648418983,210,62.59406261679865,Andirá
3203403,ES,0.25539689634403795,245,62.572239604289294,Mimoso do Sul
3159803,MG,0.2831298029989436,221,62.571686462766536,Santa Vitória
2600401,PE,0.33081607243394445,189,62.524237690015504,Água Preta
1501600,PA,0.6187210702332371,101,62.49082809355694,Bonito
3304110,RJ,0.3042175676695332,205,62.3646013722543,Porto Real
5007935,MS,0.3009851420940815,207,62.303924413474874,Sonora
2401701,RN,0.5145101605557363,121,62.25572942724409,Bom Jesus
3205036,ES,0.25583713832287147,243,62.16842461245777,Vargem Alta
2401800,RN,0.5049966491755674,123,62.114587848594795,Brejinho
2101905,MA,0.4343305791424545,143,62.10927281737099,Bequimão
2912301,BA,0.47394400650429724,131,62.08666485206294,Ibicuí
5214002,GO,0.3181775165101244,195,62.04461571947425,Mozarlândia
4128005,PR,0.22395586390403016,277,62.03577430141635,Ubiratã
2402709,RN,0.520901567211569,119,61.98728649817671,Cerro Corá
4114401,PR,0.2882242563773946,215,61.96821512113984,Mangueirinha
2903300,BA,0.638710345695205,97,61.954903532434884,Barro Preto
3110608,MG,0.20646266834253585,300,61.938800502760756,Cambuí
3517505,SP,0.30646281098772404,202,61.90548781952026,Guapiaçu
4101002,PR,0.2833762159668046,218,61.77601508076341,Ampére
2605103,PE,0.15597240391621997,396,61.765071950823106,Custódia
2922052,BA,0.6712267172239461,92,61.75285798460304,Mulungu do Morro
2918308,BA,0.6236449542082981,99,61.74085046662151,Jitaúna
3114204,MG,0.2550251615144493,242,61.71608908649673,Carmo do Cajuru
4313953,RS,0.5227583102495019,118,61.68548060944123,Pantano Grande
2922409,BA,0.47052986710588235,131,61.639412590870585,Mutuípe
1101500,RO,0.32769610863873444,188,61.60686842408207,Seringueiras
4321402,RS,0.39914850088183407,154,61.46886913580245,Tenente Portela
2514503,PB,0.3914213298182176,157,61.45314878146016,São José de Piranhas
2101772,MA,0.2953347833211732,208,61.42963493080402,Bela Vista do Maranhão
5003454,MS,0.30959483292811213,198,61.2997769197662,Deodápolis
5210208,GO,0.17264361948120358,355,61.28848491582727,Iporá
2802304,SE,0.5571046631274773,110,61.28151294402251,Frei Paulo
2600302,PE,0.2846933364306498,215,61.209067332589704,Agrestina
2608107,PE,0.2538295531131358,241,61.17292230026573,João Alfredo
4122305,PR,0.16182581405465582,378,61.1701577126599,Rio Negro
3134905,MG,0.2346799475948689,260,61.01678637466591,Jacutinga
2600203,PE,0.34789161793740014,175,60.88103313904502,Afrânio
4312500,RS,0.5071693582458301,120,60.86032298949961,Mostardas
4212205,SC,0.28134182791505274,216,60.769834829651394,Papanduva
1502608,PA,0.6012639237322712,101,60.727656296959395,Colares
2208304,PI,0.17807211675193485,341,60.72259181240978,Piracuruca
2903953,BA,0.6744757824716072,90,60.702820422444645,Bom Jesus da Serra
1703800,TO,0.4362807935364059,139,60.64303030156042,Buriti do Tocantins
2929370,BA,0.6811115887481252,89,60.61893139858314,São José do Jacuípe
2905107,BA,0.6116313238432445,99,60.5515010604812,Caém
3129509,MG,0.24999581895250855,242,60.49898818650707,Ibiá
4113502,PR,0.2519427547420737,240,60.46626113809769,Loanda
4111902,PR,0.3181854236410974,190,60.455230491808514,Jaguapitã
5210000,GO,0.11926111927115583,505,60.226865231933694,Inhumas
5006358,MS,0.3581089163419606,168,60.16229794544939,Paranhos
3169356,MG,0.18006735100537655,334,60.142495235795764,Três Marias
2806404,SE,0.668247194286702,90,60.14224748580318,Santana do São Francisco
3104205,MG,0.1531951492413514,392,60.05249850260976,Arcos
1700400,TO,0.4383319099613505,137,60.05147166470502,Almas
1100403,RO,0.3470318492776045,173,60.03650992502558,Alto Paraíso
2901601,BA,0.7060870093612704,85,60.01739579570798,Antas
2900405,BA,0.6179110532468649,97,59.9373721649459,Água Fria
1722081,TO,0.5030377755406229,119,59.86149528933413,Wanderlândia
2614709,PE,0.5028338536175446,119,59.83722858048781,Tacaimbó
3301207,RJ,0.4335632219777399,138,59.83172463292811,Carmo
4128500,PR,0.2520338902589014,237,59.73203199135963,Wenceslau Braz
2608255,PE,0.3776318946331295,158,59.66583935203446,Jucati
4103453,PR,0.21831545394897753,273,59.60011892807086,Cafelândia
2410108,RN,0.633802463762038,94,59.57743159363157,Poço Branco
4112108,PR,0.26820763285725624,222,59.54209449431089,Jandaia do Sul
1600154,AP,0.39675590280956363,150,59.51338542143454,Pedra Branca do Amapari
1501725,PA,0.2701774052715837,220,59.43902915974841,Brasil Novo
4125704,PR,0.21456724789790346,277,59.43512766771926,São Miguel do Iguaçu
3119302,MG,0.20552803196158664,289,59.39760123689854,Coromandel
2611705,PE,0.2969718760586318,200,59.394375211726356,Riacho das Almas
3523305,SP,0.30920532443199195,192,59.36742229094246,Itariri
2312908,CE,0.023517644852850666,2524,59.358535608595076,Sobral
2302008,CE,0.3137822562177635,189,59.3048464251573,Barro
2701209,AL,0.41380998003562663,143,59.17482714509461,Cacimbinhas
3112703,MG,0.32146939150218407,184,59.150368036401865,Capitão Enéas
3505302,SP,0.28840752920671725,205,59.12354348737704,Barra Bonita
3149150,MG,0.43776615228778765,135,59.098430558851334,Pedras de Maria da Cruz
3131208,MG,0.28408381153228324,208,59.08943279871491,Ipanema
2606101,PE,0.27326404926456493,216,59.02503464114602,Glória do Goitá
5106232,MT,0.26205044370037134,225,58.96134983258355,Nova Olímpia
2108058,MA,0.2820210847987465,209,58.94240672293802,Paulino Neves
2501500,PB,0.4063327202400772,145,58.91824443481119,Bananeiras
4206900,SC,0.25275807289684443,233,58.89263098496475,Ibirama
4308904,RS,0.40041142554374115,147,58.860479554929945,Getúlio Vargas
2804003,SE,0.6123368407767492,96,58.78433671456792,Maruim
2403509,RN,0.5706739677910827,103,58.77941868248152,Espírito Santo
4211504,SC,0.3538312655046182,166,58.735990073766615,Nova Trento
4304358,RS,0.5931675725111445,99,58.723589678603304,Candiota
3151404,MG,0.2147244953106268,273,58.61978721980111,Pitangui
2921054,BA,0.5688000537899194,103,58.586405540361696,Matina
3201407,ES,0.1753536607257111,334,58.56812268238751,Castelo
3204104,ES,0.16259167967271984,360,58.53300468217915,Pinheiros
2107209,MA,0.4500239227639154,130,58.503109959309,Nina Rodrigues
4300109,RS,0.4431225914018786,132,58.49218206504798,Agudo
1700707,TO,0.43942192575168026,133,58.44311612497348,Alvorada
2926905,BA,0.7125377004206258,82,58.428091434491314,Rio do Pires
5104609,MT,0.29654451796277315,197,58.41927003866631,Itiquira
2917359,BA,0.5215803693212305,112,58.41700136397782,Jaborandi
3546009,SP,0.4225486214348707,138,58.31170975801216,Santa Branca
3541505,SP,0.23777549964846187,245,58.254997413873156,Presidente Venceslau
4212254,SC,0.30170672307218244,193,58.22939755293121,Passo de Torres
3108552,MG,0.26582384358562583,219,58.21542174525206,Brasilândia de Minas
4124400,PR,0.21798296602828868,267,58.20145192955308,Santo Antônio do Sudoeste
1707405,TO,0.4849267257835672,120,58.191207094028066,Esperantina
2708709,AL,0.38224311503046077,152,58.10095348463004,São Miguel dos Milagres
1200351,AC,0.36980027993600295,157,58.05864394995246,Marechal Thaumaturgo
2923506,BA,0.6041499103270853,96,57.99839139140019,Palmeiras
3111606,MG,0.22981107571692505,252,57.91239108066511,Campos Gerais
4121208,PR,0.2334959351257771,248,57.90699191119272,Quitandinha
4217402,SC,0.21656978895961865,267,57.82413365221818,Schroeder
2108009,MA,0.28333312165299457,204,57.79995681721089,Pastos Bons
3137809,MG,0.27261765072183597,212,57.79494195302923,Lambari
2915403,BA,0.7133600126346793,81,57.782161023409024,Itaju do Colônia
1717909,TO,0.5832779212434592,99,57.74451420310247,Ponte Alta do Tocantins
2408805,RN,0.6014717905901453,96,57.74129189665395,Parazinho
3528007,SP,0.2857498147739296,202,57.72146258433377,Macatuba
2706109,AL,0.40068642878652266,144,57.69884574525926,Ouro Branco
4122156,PR,0.26807145992586345,215,57.63536388406064,Rio Bonito do Iguaçu
4126801,PR,0.31825741656875933,181,57.60459239894544,Tapejara
4209003,SC,0.27671715139079056,208,57.55716748928443,Joaçaba
1303007,AM,0.3661507357908047,157,57.48566551915634,Nhamundá
2603504,PE,0.31069059023764867,185,57.47775919396501,Camocim de São Félix
2902054,BA,0.5916505339532933,97,57.39010179346944,Araçás
2104602,MA,0.4413311413055776,130,57.37304836972509,Governador Eugênio Barros
4127502,PR,0.21002120970558238,273,57.33579024962399,Tibagi
2805901,SE,0.6032736505867723,95,57.310996805743365,Riachuelo
2919405,BA,0.41522318610385256,138,57.30079968233165,Licínio de Almeida
2608404,PE,0.3736647189790314,153,57.1707020037918,Jurema
4207205,SC,0.4426037953677597,129,57.095889602441,Imaruí
2928505,BA,0.6716318468413995,85,57.08870698151896,Santa Terezinha
4312708,RS,0.4494824327637805,127,57.08426896100013,Nonoai
3534609,SP,0.29727641492185736,192,57.077071664996616,Osvaldo Cruz
2400505,RN,0.4561254099595939,125,57.01567624494923,Alexandria
2919108,BA,0.7397816616552796,77,56.96318794745653,Lamarão
1200393,AC,0.48135977745129543,118,56.80045373925286,Porto Walter
5005152,MS,0.394217625345498,144,56.76733804975171,Juti
1100700,RO,0.3096494800486618,183,56.665854848905106,Campo Novo de Rondônia
2303204,CE,0.16034453441690416,353,56.60162064916717,Caririaçu
4320701,RS,0.4127100181304656,137,56.54127248387378,Sobradinho
2208205,PI,0.29141140408701444,194,56.5338123928808,Pio IX
2409100,RN,0.5537045402272127,102,56.4778631031757,Passa e Fica
3536208,SP,0.27950064920945245,202,56.459131140309395,Pariquera-Açu
2100204,MA,0.371359469421502,152,56.4466393520683,Alcântara
3501152,SP,0.364160883342584,155,56.444936918100524,Alumínio
3132107,MG,0.2723064501681485,207,56.36743518480673,Itacarambi
1400282,RR,0.5215710581538591,108,56.32967428061678,Iracema
2511509,PB,0.40523461236439856,139,56.3276111186514,Pilar
2502805,PB,0.4298069287415397,131,56.3047076651417,Brejo do Cruz
2913408,BA,0.5625974025664674,100,56.25974025664674,Igaporã
1101401,RO,0.3267204749133748,172,56.195921685100465,Monte Negro
2921807,BA,0.4424274439675986,127,56.188285383885024,Mortugaba
4301057,RS,0.47213111000107844,119,56.18360209012833,Arroio do Sal
2914307,BA,0.6456084047740313,87,56.16793121534072,Iramaia
2805307,SE,0.5726720718134869,98,56.12186303772172,Pirambu
2407500,RN,0.5493015481213904,102,56.02875790838182,Maxaranguape
4104501,PR,0.22028014620125821,254,55.95115713511959,Capanema
2313351,CE,0.2377890837774519,235,55.8804346877012,Tejuçuoca
2610509,PE,0.2548262077213702,219,55.80693949098008,Passira
3540002,SP,0.2967471242075754,188,55.78845935102417,Pompéia
4217808,SC,0.26433184978996604,211,55.77402030568284,Taió
1713304,TO,0.4069014035642039,137,55.745492288295935,Miranorte
3117504,MG,0.2055527795988232,271,55.70480327128109,Conceição do Mato Dentro
5006408,MS,0.42487916498622286,131,55.659170613195194,Pedro Gomes
2800407,SE,0.6619053234823876,84,55.60004717252056,Arauá
2502508,PB,0.43434360058684374,128,55.595980875116,Boqueirão
3517703,SP,0.2920574533571785,190,55.49091613786391,Guará
2500809,PB,0.4222556588819162,131,55.31549131353102,Araçagi
2930907,BA,0.5643935349785995,98,55.31056642790274,Tabocas do Brejo Velho
3113701,MG,0.3231482882923151,171,55.25835729798588,Carlos Chagas
4209904,SC,0.3069636769774595,180,55.25346185594272,Lontras
1702901,TO,0.49760287853881074,111,55.23391951780799,Axixá do Tocantins
1304302,AM,0.30856778246555755,179,55.2336330613348,Urucará
3147204,MG,0.2707101303618349,204,55.22486659381432,Paraguaçu
3304128,RJ,0.4280754031275587,129,55.22172700345507,Quatis
3143203,MG,0.2966331657483288,186,55.173768829189164,Monte Santo de Minas
3141405,MG,0.26114585463256845,211,55.10177532747194,Medina
2923050,BA,0.5988130809906669,92,55.090803451141355,Novo Triunfo
2507903,PB,0.4438032624130439,124,55.03160453921745,Juripiranga
3304102,RJ,0.4546778588728788,121,55.016020923618335,Porciúncula
4105706,PR,0.2619602366194174,210,55.01164969007766,Clevelândia
2101509,MA,0.44321500798442587,124,54.95866099006881,Barão de Grajaú
4219002,SC,0.2690409971618101,204,54.88436342100926,Urussanga
3139508,MG,0.2828567155755568,194,54.874202821658024,Manhumirim
3537008,SP,0.2964341170532642,185,54.840311654853885,Pedregulho
2913804,BA,0.5766018490710519,95,54.777175661749936,Ipecaetá
3529203,SP,0.29553178467934954,185,54.67338016567966,Martinópolis
2613305,PE,0.2126529297368712,257,54.651802942375895,São Joaquim do Monte
3157906,MG,0.3331361018260043,164,54.6343206994647,Santa Margarida
4107009,PR,0.2871735983432967,190,54.56298368522638,Curiúva
2413102,RN,0.6268075522521447,87,54.53225704593659,Senador Elói de Souza
3204302,ES,0.2722171941185973,200,54.44343882371946,Presidente Kennedy
1400605,RR,0.4993123482513282,109,54.42504595939477,São Luiz do Anauá
4102109,PR,0.23050977955899868,236,54.40030797592369,Astorga
2704807,AL,0.4493650749340473,121,54.373174067019725,Maribondo
5214606,GO,0.18063112754908134,301,54.36996939227348,Niquelândia
2806107,SE,0.5382196239543713,101,54.3601820193915,Rosário do Catete
2400109,RN,0.532688592980109,102,54.33423648397112,Acari
1702000,TO,0.6033622931538707,90,54.302606383848364,Araguaçu
3162005,MG,0.22800625646502662,238,54.265489038676336,São Gonçalo do Sapucaí
5213087,GO,0.18493843633244847,293,54.1869618454074,Minaçu
3549953,SP,0.37601647812012085,144,54.1463728492974,São Lourenço da Serra
5217104,GO,0.24257641375921277,223,54.09454026830445,Piracanjuba
3520442,SP,0.31250555374929195,173,54.06346079862751,Ilha Solteira
2402501,RN,0.4863094008153766,111,53.980343490506804,Carnaubais
2926806,BA,0.5340145722820306,101,53.9354718004851,Rio do Antônio
2410306,RN,0.573754113308202,94,53.93288665097099,Serra Caiada
3145604,MG,0.17282194060879386,312,53.92044546994369,Oliveira
2902302,BA,0.5183137868808841,104,53.904633835611946,Aratuípe
2202505,PI,0.3904599462370158,138,53.88347258070818,Caracol
2106102,MA,0.3876336456903432,139,53.8810767509577,Loreto
2111029,MA,0.28321133765558393,190,53.81015415456095,São João do Carú
3513603,SP,0.3586639286564221,150,53.79958929846332,Cunha
4308102,RS,0.4373198477999002,123,53.790341279387725,Feliz
5101258,MT,0.2653753260912565,202,53.60581587043382,Araputanga
2931707,BA,0.6783436681148226,79,53.58914978107099,Terra Nova
3154309,MG,0.33486980750036527,160,53.579169200058445,Resplendor
3531506,SP,0.3243943022837642,165,53.525059876821096,Monte Azul Paulista
2405108,RN,0.5632745083960065,95,53.511078297620614,Jandaíra
4305801,RS,0.4458547740480921,120,53.50257288577105,Constantina
2916302,BA,0.6445667756380637,83,53.49904237795929,Itapebi
3557303,SP,0.4178674143335168,128,53.48702903469015,Estiva Gerbi
2900900,BA,0.6600457715811887,81,53.46370749807629,Almadina
5201801,GO,0.3125061505832832,171,53.43855174974143,Aragoiânia
4121505,PR,0.23723446610353424,225,53.3777548732952,Rebouças
2516300,PB,0.375801495192213,142,53.36381231729425,Sumé
2204659,PI,0.40417515629069767,132,53.351120630372094,Ilha Grande
4106001,PR,0.3977720256532275,134,53.301451437532485,Congonhinhas
2918456,BA,0.5543947234572336,96,53.221893451894424,Jucuruçu
2513406,PB,0.3492528857032776,152,53.0864386268982,Santa Luzia
2414100,RN,0.5006532914762611,106,53.069248896483685,Tenente Ananias
3532009,SP,0.3872844166603584,137,53.0579650824691,Morungaba
2305357,CE,0.19498212370403195,272,53.03513764749669,Icapuí
2918753,BA,0.5702202626432661,93,53.030484425823744,Lagoa Real
4104709,PR,0.28956701450255135,183,52.990763653966894,Carlópolis
3113206,MG,0.21627880033814334,245,52.98830608284512,Carandaí
3552700,SP,0.2940849246225865,180,52.93528643206557,Tabatinga
1400704,RR,0.4855740252369475,109,52.92756875082728,Uiramutã
2807204,SE,0.5445755158476421,97,52.82382503722128,Siriri
4112702,PR,0.3236277981283069,163,52.75133109491402,Jataizinho
2707909,AL,0.5021408268225989,105,52.72478681637288,Santa Luzia do Norte
3557204,SP,0.40555683021519956,130,52.722387927975944,Chavantes
4305207,RS,0.458402570470653,115,52.7162956041251,Cerro Largo
4108502,PR,0.3232405367943539,163,52.68820749747968,General Carneiro
2111003,MA,0.4425951902548035,119,52.66882764032162,São João Batista
2902252,BA,0.7115833158854823,74,52.65716537552569,Arataca
2919306,BA,0.6122637412039629,86,52.654681743540806,Lençóis
4102307,PR,0.24821112909140164,212,52.62075936737715,Balsa Nova
2102507,MA,0.5911911161339448,89,52.61600933592109,Cajari
3128303,MG,0.24770156904999419,212,52.51273263859877,Guaranésia
2929008,BA,0.6732359561560126,78,52.51240458016898,São Félix
2931806,BA,0.5000926953302832,105,52.50973300967974,Tremedal
3203700,ES,0.1868353090400741,281,52.500721840260816,Muniz Freire
1400506,RR,0.4645898253007833,113,52.49865025898851,São João da Baliza
2929354,BA,0.6558578912031459,80,52.46863129625167,São José da Vitória
3122009,MG,0.27902864610477335,188,52.45738546769739,Divino
4105904,PR,0.2268936342893709,231,52.412429520844675,Colorado
4212304,SC,0.3881255779311927,135,52.39695302071101,Paulo Lopes
4109302,PR,0.27517452791563324,190,52.28316030397032,Guaraniaçu
2611804,PE,0.293501556916324,178,52.24327713110568,Ribeirão
3170909,MG,0.2584417795382462,202,52.205239466725736,Varzelândia
4100608,PR,0.2932601542664778,178,52.20030745943304,Alto Paraná
2313807,CE,0.19401227885454786,269,52.18930301187338,Uruburetama
1713601,TO,0.5667402294214344,92,52.140101106771965,Monte do Carmo
1506104,PA,0.4073243307552948,128,52.13751433667773,Primavera
4309001,RS,0.4008822735103629,130,52.11469555634717,Giruá
3110905,MG,0.3097390991058193,168,52.03616864977764,Campanha
4104600,PR,0.22997567272258548,226,51.97450203530432,Capitão Leônidas Marques
2405603,RN,0.514576377052202,101,51.97221408227241,Jardim de Piranhas
3535309,SP,0.3204975460356518,162,51.92060245777559,Palmital
5002308,MS,0.36789597955434455,141,51.87333311716258,Brasilândia
2612554,PE,0.37578386064481933,138,51.85817276898507,Santa Filomena
2506400,PB,0.5033267818208101,103,51.84265852754345,Gurinhém
3506706,SP,0.33209961024462015,156,51.80753919816074,Boa Esperança do Sul
2206100,PI,0.3405365186155967,152,51.761550829570695,Matias Olímpio
4212106,SC,0.2858715662380097,181,51.74275348907975,Palmitos
4106605,PR,0.24744002775879992,209,51.71496580158918,Cruzeiro do Oeste
2504900,PB,0.41031549613475865,126,51.69975251297959,Cruz do Espírito Santo
2111904,MA,0.38539844892477015,134,51.6433921559192,Sucupira do Norte
3155504,MG,0.3054109542446146,169,51.614451267339874,Rio Paranaíba
3141801,MG,0.21279526748871921,242,51.49645473227005,Minas Novas
3518206,SP,0.24056717231099334,214,51.48137487455257,Guararapes
2110856,MA,0.40531100816415344,127,51.474498036847486,São Francisco do Brejão
3171006,MG,0.2974652974784286,173,51.46149646376815,Vazante
1707702,TO,0.6049453469897915,85,51.420354494132276,Filadélfia
2924058,BA,0.6116012718913151,84,51.37450683887047,Pé de Serra
4126504,PR,0.32298843477143924,159,51.355161128658835,Sertanópolis
5106828,MT,0.3377846710914676,152,51.34327000590307,Porto Esperidião
3205069,ES,0.1782276501799758,288,51.32956325183303,Venda Nova do Imigrante
3551900,SP,0.3420560144030226,150,51.30840216045338,Severínia
5201702,GO,0.2501217555518248,205,51.27495988812409,Aragarças
3121258,MG,0.36872962329169073,139,51.25341763754501,Delta
2202703,PI,0.15148312647102127,338,51.20129674720519,Cocal
4217006,SC,0.2693515806878881,190,51.17680033069874,São Ludgero
2102556,MA,0.3411554117252724,150,51.17331175879086,Campestre do Maranhão
3144003,MG,0.23205764258949169,220,51.05268136968817,Mutum
5107107,MT,0.23310729798436214,219,51.05049825857531,São José dos Quatro Marcos
3143401,MG,0.2453293047063789,208,51.02849537892681,Monte Sião
2913002,BA,0.573060211600575,89,51.00235883245117,Ibitiara
5107859,MT,0.4507074823056168,113,50.9299455005347,São Félix do Araguaia
4305173,RS,0.5358407114457402,95,50.904867587345315,Cerro Grande do Sul
1501006,PA,0.4504086087851547,113,50.89617279272248,Aveiro
5107701,MT,0.2762582432970761,184,50.831516766662006,Rosário Oeste
2107357,MA,0.35035757602119516,145,50.801848523073296,Nova Olinda do Maranhão
3537404,SP,0.25022471585535266,203,50.795617318636594,Pereira Barreto
2901957,BA,0.5700466019998963,89,50.73414757799077,Apuarema
2400802,RN,0.4370261257364062,116,50.69503058542312,Angicos
1505007,PA,0.51666845834419,98,50.633508917730616,Nova Timboteua
2111409,MA,0.3350118719123052,151,50.586792658758085,São Luís Gonzaga do Maranhão
2802007,SE,0.665518298180323,76,50.57939066170455,Divina Pastora
2413904,RN,0.5618499825057393,90,50.56649842551653,Taipu
4205001,SC,0.28713059402051866,176,50.53498454761128,Dionísio Cerqueira
4321667,RS,0.4318376876426619,117,50.52500945419144,Três Cachoeiras
2100154,MA,0.3729350192220148,135,50.34622759497199,Água Doce do Maranhão
2614808,PE,0.24902058237031904,202,50.302157638804445,Tacaratu
3160405,MG,0.18542309444055716,271,50.24965859339099,Santo Antônio do Monte
3203502,ES,0.20018411477007098,251,50.24621280728781,Montanha
4317806,RS,0.38650122741982473,130,50.245159564577214,Santo Augusto
1101302,RO,0.33039627762464713,152,50.220234198946365,Mirante da Serra
2109304,MA,0.4564418727777705,110,50.208606005554756,Presidente Vargas
2302404,CE,0.10406115797934458,482,50.157478146044085,Boa Viagem
3517604,SP,0.2779901735487034,180,50.03823123876662,Guapiara
2501104,PB,0.21382525728272397,234,50.03511020415741,Areia
2304954,CE,0.16916070118990353,295,49.902406851021546,Guaiúba
5108501,MT,0.2865671023942355,174,49.862675816596976,Vera
2313500,CE,0.05226788929776613,952,49.75903061147336,Trairi
4309050,RS,0.5237239572644363,95,49.75377594012145,Glorinha
3300936,RJ,0.376656066666565,132,49.718600799986575,Carapebus
2105351,MA,0.27921795828368634,178,49.70079657449617,Itaipava do Grajaú
1720804,TO,0.46863882213152086,106,49.67571514594121,Sítio Novo do Tocantins
3551405,SP,0.45481431835344277,109,49.57476070052526,Serra Azul
2500502,PB,0.40920895412803227,121,49.514283449491906,Alagoinha
1200328,AC,0.5752613432120738,86,49.47247551623835,Jordão
2606507,PE,0.23669519415961973,209,49.46929557936053,Iati
3522901,SP,0.38340261167230705,129,49.45893690572761,Itapuí
3133600,MG,0.2960968864372961,167,49.44818003502845,Itapeva
3142908,MG,0.25465982923597547,194,49.40400687177924,Monte Azul
4126306,PR,0.21275186932968013,232,49.35843368448579,Sengés
3139003,MG,0.1410163657520736,350,49.355728013225765,Machado
3508801,SP,0.2834008707493641,174,49.31175151038936,Cafelândia
2707503,AL,0.3119220838405183,158,49.28368924680189,Porto Real do Colégio
2917409,BA,0.4926582241348499,100,49.26582241348499,Jacaraci
4209607,SC,0.2797504730496075,176,49.236083256730915,Lauro Müller
3200201,ES,0.1523809038955173,323,49.219031958252096,Alegre
5108006,MT,0.22883801146363658,215,49.20017246468186,Tapurah
2501401,PB,0.4065089527556584,121,49.18758328343467,Baía da Traição
2510907,PB,0.40977154169326396,120,49.17258500319168,Paulista
3524600,SP,0.3015410271274297,163,49.15118742177104,Jacupiranga
2111052,MA,0.43874039400078263,112,49.13892412808765,São João do Paraíso
2927903,BA,0.5172422126516744,95,49.13801020190906,Santa Inês
3540804,SP,0.3107508178648757,158,49.09862922265036,Potirendaba
2302107,CE,0.13256289995478265,370,49.048272983269584,Baturité
2904209,BA,0.5053018543726906,97,49.014279874150986,Botuporã
3132305,MG,0.33797716343935735,145,49.00668869870682,Itaipé
2400307,RN,0.556239905344206,88,48.94911167029012,Afonso Bezerra
3131158,MG,0.2194706210291763,223,48.941948489506316,Ipaba
1200435,AC,0.5820486137982847,84,48.89208355905591,Santa Rosa do Purus
2933406,BA,0.5036783279032264,97,48.85679780661296,Wagner
2409902,RN,0.5195407620535177,94,48.83683163303066,Pendências
2918555,BA,0.6256194266882968,78,48.79831528168715,Jussari
2707800,AL,0.3958055867076755,123,48.68408716504409,Roteiro
1100379,RO,0.2914175226662081,167,48.66672628525675,Alto Alegre dos Parecis
2926657,BA,0.47623089181982337,102,48.575550965621986,Ribeirão do Largo
3542404,SP,0.2698371179457782,180,48.570681230240076,Regente Feijó
3520905,SP,0.3369479661131284,144,48.52050712029049,Ipaussu
3204609,ES,0.19881657096765412,244,48.5112433161076,Santa Teresa
3118809,MG,0.22219912501055855,218,48.439409252301765,Coração de Jesus
2912509,BA,0.5322519916264004,91,48.434931238002434,Ibipitanga
2607802,PE,0.38428854345741276,126,48.42035647563401,Itaquitinga
1507961,PA,0.5095638232873776,95,48.408563212300876,Terra Alta
2110906,MA,0.29316625656878764,165,48.372432333849964,São Francisco do Maranhão
5102603,MT,0.3664419159917936,132,48.37033291091676,Campinápolis
2703304,AL,0.2070924561114237,233,48.25254227396172,Inhapi
2931103,BA,0.6783051669270939,71,48.159666851823665,Tanquinho
2100501,MA,0.37588082916391374,128,48.11274613298096,Alto Parnaíba
4107900,PR,0.25713937710934553,187,48.085063519447615,Floresta
4208401,SC,0.2046060254086463,235,48.082415971031885,Itapiranga
3547601,SP,0.2344089018125747,205,48.05382487157782,Santa Rosa de Viterbo
2202406,PI,0.30590632532258555,157,48.02729307564593,Capitão de Campos
3531407,SP,0.2944327484261849,163,47.99253799346814,Monte Aprazível
1703073,TO,0.6227624860347643,77,47.95271142467685,Barra do Ouro
5100409,MT,0.2887242930650828,166,47.92823264880374,Alto Garças
2501906,PB,0.4270290500306323,112,47.82725360343082,Belém
3520004,SP,0.23791404439312605,201,47.82072292301834,Igaraçu do Tietê
3513207,SP,0.3645368089400872,131,47.75432197115143,Cristais Paulista
2904407,BA,0.5968058181076914,80,47.744465448615315,Brejolândia
3305703,RJ,0.29648736042346074,161,47.73446502817718,Sumidouro
5107941,MT,0.2857353686822092,167,47.71780656992894,Tabaporã
4107603,PR,0.24432775448876937,195,47.643912125310024,Faxinal
4203303,SC,0.30342658542293616,157,47.63797391140098,Campo Alegre
2929602,BA,0.4035688408031442,118,47.62112321477102,Sapeaçu
2500700,PB,0.3216666973810918,148,47.606671212401594,São João do Rio do Peixe
2507101,PB,0.2937988491038202,162,47.595413554818876,Itapororoca
2503555,PB,0.35774395396304626,133,47.57994587708515,Cacimbas
4121000,PR,0.34226637835812485,139,47.575026591779356,Querência do Norte
1302108,AM,0.31711304001157886,150,47.56695600173683,Japurá
3520202,SP,0.3348787442862244,142,47.55278168864386,Igaratá
3145307,MG,0.20669938297930274,230,47.54085808523963,Novo Cruzeiro
3146008,MG,0.17100297295778738,278,47.538826482264895,Ouro Fino
2407005,RN,0.4898318092328113,97,47.51368549558269,Luís Gomes
4124020,PR,0.24732720303477151,192,47.48682298267613,Santa Tereza do Oeste
2923035,BA,0.4239593089989184,112,47.483442607878864,Novo Horizonte
4309654,RS,0.585990443637098,81,47.46522593460493,Hulha Negra
3200409,ES,0.13065954357125018,363,47.42941431636382,Anchieta
2112001,MA,0.3734136692875983,127,47.42353599952498,Tasso Fragoso
2609006,PE,0.1851543315151641,256,47.39950886788201,Macaparana
3512308,SP,0.33115418564687077,143,47.35504854750252,Conchas
1500131,PA,0.46833087018218084,101,47.301417888400266,Abel Figueiredo
2916203,BA,0.5974806541392855,79,47.20097167700356,Itapé
2911303,BA,0.49108535418322363,96,47.14419400158947,Gentio do Ouro
4127403,PR,0.22993019902445574,205,47.13569080001343,Terra Roxa
2301703,CE,0.2332522664832996,202,47.11695782962652,Aurora
2605608,PE,0.23066377860267717,204,47.055410834946144,Flores
2412302,RN,0.5169275204002034,91,47.040404356418506,São José do Campestre
3107901,MG,0.2992102471479588,157,46.97600880222953,Bom Repouso
5106778,MT,0.3505384980614849,134,46.972158740238974,Porto Alegre do Norte
5204904,GO,0.19815047780359568,237,46.96166323945218,Campos Belos
5102686,MT,0.25938649159926047,181,46.948954979466144,Campos de Júlio
3140159,MG,0.2547975033676606,184,46.88274061964955,Mário Campos
2609808,PE,0.4030379098637875,116,46.752397544199354,Orocó
3508702,SP,0.27140266268099833,172,46.681257981131715,Caconde
4211058,SC,0.3430883420166079,136,46.66001451425867,Monte Carlo
1100924,RO,0.2878128716602183,162,46.62568520895536,Chupinguaia
5106216,MT,0.23076287950569233,202,46.61410166014985,Nova Canaã do Norte
5001508,MS,0.3883003689754897,120,46.596044277058766,Bandeirantes
3100203,MG,0.21652609673593648,215,46.55311079822634,Abaeté
4111209,PR,0.24500563607324846,190,46.55107085391721,Itapejara d'Oeste
1714203,TO,0.4700478282073074,99,46.53473499252343,Natividade
4321006,RS,0.41160395526594046,113,46.51124694505127,Tapera
2922607,BA,0.5466683657284537,85,46.46681108691856,Nilo Peçanha
2111789,MA,0.3226099082515512,144,46.455826788223376,Serrano do Maranhão
4126603,PR,0.17798433019943635,261,46.45391018205289,Siqueira Campos
5217401,GO,0.18613323636166618,249,46.347175854054875,Pires do Rio
4210605,SC,0.22068069419059475,210,46.3429457800249,Massaranduba
3111507,MG,0.3088819810830878,150,46.33229716246317,Campos Altos
2605004,PE,0.15219910788812382,304,46.26852879798964,Cupira
2515500,PB,0.4579970967318702,101,46.25770676991889,Serra Branca
5007703,MS,0.33764515287554386,137,46.25738594394951,Sete Quedas
3508108,SP,0.2890830562866995,160,46.25328900587192,Buritama
3149804,MG,0.21020558286388735,220,46.24522823005522,Perdizes
4301909,RS,0.5925060147129141,78,46.2154691476073,Barra do Ribeiro
2916609,BA,0.6507479218267201,71,46.20310244969713,Itapitanga
5107354,MT,0.36091507178991433,128,46.197129189109035,São José do Xingu
2516607,PB,0.372527920367675,124,46.1934621255917,Tavares
3537206,SP,0.401443725662562,115,46.16602845119463,Pedro de Toledo
2301851,CE,0.21355430358520996,216,46.12772957440535,Banabuiú
2104404,MA,0.3872657998460142,119,46.08463018167569,Gonçalves Dias
2915908,BA,0.6678515118507983,69,46.081754317705084,Itanagra
4103909,PR,0.2372385191508338,194,46.02427271526176,Campina da Lagoa
5200134,GO,0.20088986521055896,229,46.003779133218,Acreúna
2402105,RN,0.511114351537572,90,46.000291638381476,Campo Redondo
2414605,RN,0.5541481700231227,83,45.994298111919186,Upanema
5001243,MS,0.267152043633682,172,45.95015150499331,Aral Moreira
5004403,MS,0.37649283139332546,122,45.9321254299857,Inocência
2207504,PI,0.37035891002818744,124,45.92450484349524,Palmeirais
3151602,MG,0.3165713280957666,145,45.902842573886154,Planura
2104008,MA,0.2294344148005885,200,45.886882960117696,Esperantinópolis
3203346,ES,0.174440165391553,263,45.877763497978435,Marechal Floriano
4318622,RS,0.5662271257528125,81,45.864397185977815,São José dos Ausentes
1101104,RO,0.3160116696813708,145,45.82169210379877,Itapuã do Oeste
2210508,PI,0.23496602540644237,195,45.818374954256264,São Pedro do Piauí
1716208,TO,0.3630211264125319,126,45.74066192797902,Paranã
2306306,CE,0.10513214546377876,435,45.732483276743764,Itapajé
2919900,BA,0.7022968317342029,65,45.649294062723186,Macururé
5108055,MT,0.28350045431389387,161,45.643573144536916,Terra Nova do Norte
5002159,MS,0.42248610805839504,108,45.62849967030667,Bodoquena
3155801,MG,0.2412427169151277,189,45.59487349695913,Rio Pomba
4204509,SC,0.21196837033024934,215,45.57319962100361,Corupá
2404408,RN,0.44634588555220744,102,45.52728032632516,Grossos
3169000,MG,0.2610982490680268,174,45.431095337836666,Tocantins
3526001,SP,0.21216081564338585,214,45.40241454768457,Junqueirópolis
3523602,SP,0.25071585412658554,181,45.379569596911985,Itirapina
2505238,PB,0.5527793882639851,82,45.32790983764678,Cuité de Mamanguape
5003751,MS,0.30825056791876937,147,45.3128334840591,Eldorado
4316709,RS,0.4869925379116844,93,45.29030602578665,Santa Bárbara do Sul
2921906,BA,0.5658374675019789,80,45.26699740015832,Mucugê
2304285,CE,0.045799186364562844,988,45.24959612818809,Eusébio
3162807,MG,0.2693310972026879,168,45.247624330051565,São João Evangelista
2929750,BA,0.5238360112292982,86,45.04989696571965,Saubara
2608206,PE,0.38490274703741917,117,45.03362140337804,Joaquim Nabuco
2111607,MA,0.21012019502489943,214,44.96572173532848,São Raimundo das Mangabeiras
3536307,SP,0.27922750577803035,161,44.955628430262884,Patrocínio Paulista
5004106,MS,0.3539499891076223,127,44.95164861666804,Guia Lopes da Laguna
2302701,CE,0.1687286646229094,266,44.8818247896939,Campos Sales
3551801,SP,0.3369894171711917,133,44.819592483768496,Sete Barras
4118006,PR,0.29289893134283757,153,44.81353649545415,Paraíso do Norte
5105580,MT,0.2369528988619959,189,44.78409788491722,Marcelândia
3533007,SP,0.2602245652378533,172,44.75862522091077,Nova Granada
5106158,MT,0.2317468084973643,193,44.727134039991306,Nova Bandeirantes
4123006,PR,0.2493981997285844,179,44.64227775141661,Salto do Lontra
3522802,SP,0.3276407259844094,136,44.55913873387968,Itaporanga
3147303,MG,0.20843970452767382,213,44.39765706439452,Paraisópolis
3140852,MG,0.45692705201883765,97,44.32192404582725,Matias Cardoso
2201150,PI,0.193515672894706,229,44.315089092887675,Baixa Grande do Ribeiro
4314704,RS,0.39917260387627795,111,44.30815903026685,Planalto
4211108,SC,0.3329963940655662,133,44.2885204107203,Monte Castelo
4304689,RS,0.48120204318529225,92,44.27058797304689,Capela de Santana
2412906,RN,0.514446493878779,86,44.242398473575,São Tomé
2405009,RN,0.5144388242890596,86,44.24173888885913,Jaçanã
1718758,TO,0.5978320974519067,74,44.23957521144109,Rio Sono
2105906,MA,0.32514967746328177,136,44.22035613500632,Lago Verde
2921450,BA,0.513905983265773,86,44.19591456085647,Mirante
4100509,PR,0.23255723630334052,190,44.1858748976347,Altônia
2906857,BA,0.566228570861732,78,44.16582852721509,Capela do Alto Alegre
2916708,BA,0.5888263586518234,75,44.161976898886756,Itaquara
3136009,MG,0.3064299568779922,144,44.12591379043087,Joaíma
3142700,MG,0.2672151064807944,165,44.090492569331076,Montalvânia
2401404,RN,0.5800190388435308,76,44.08144695210834,Baía Formosa
2909000,BA,0.43212303419321424,102,44.07654948770785,Cordeiros
3114402,MG,0.27180090214502745,162,44.031746147494445,Carmo do Rio Claro
2414506,RN,0.5864662322429188,75,43.984967418218915,Umarizal
4110201,PR,0.2696473800260484,163,43.952522944245885,Inácio Martins
2927804,BA,0.592928075901676,74,43.876677616724024,Santa Cruz da Vitória
3142007,MG,0.3111813036575254,141,43.87656381571108,Mirabela
2107456,MA,0.35948434849228106,122,43.85709051605829,Olinda Nova do Maranhão
2206803,PI,0.3064570324843606,143,43.82335564526357,Nossa Senhora dos Remédios
3140902,MG,0.18183062914389042,241,43.82118162367759,Matipó
3114303,MG,0.16046337872518507,273,43.80650239197552,Carmo do Paranaíba
2110039,MA,0.17511136142704478,250,43.777840356761196,Santa Luzia do Paruá
1716604,TO,0.4592170823517673,95,43.62562282341789,Peixe
2915304,BA,0.6709019477737931,65,43.60862660529655,Itagimirim
3204351,ES,0.19077329015041833,228,43.49631015429538,Rio Bananal
3144607,MG,0.2277017021614373,191,43.49102511283453,Nepomuceno
2206407,PI,0.3291577020754356,132,43.4488166739575,Monsenhor Gil
2305266,CE,0.28379138876414217,153,43.420082480913756,Ibaretama
2600906,PE,0.3239092971183562,134,43.40384581385973,Amaraji
1703008,TO,0.6028140618146447,72,43.402612450654416,Babaçulândia
1710706,TO,0.6289420734110054,69,43.39700306535937,Itaguatins
2404853,RN,0.5633821023331064,77,43.38042187964919,Itajá
3205176,ES,0.19534332929584486,222,43.36621910367756,Vila Valério
2204709,PI,0.2575372923759853,168,43.26626511916554,Inhuma
2509305,PB,0.2772307693160366,156,43.248000013301706,Mataraca
3115508,MG,0.24562179201079626,176,43.22943539390014,Caxambu
3304409,RJ,0.3298053167533223,131,43.20449649468522,Rio Claro
1101708,RO,0.30860094849171094,140,43.20413278883953,Urupá
2405306,RN,0.6542114174537456,66,43.177953551947205,Januário Cicco
3139805,MG,0.24521012106494047,176,43.156981307429525,Mar de Espanha
1701903,TO,0.4670318438076745,92,42.966929630306055,Araguacema
2706422,AL,0.4290648295039887,100,42.906482950398875,Pariconha
3149705,MG,0.2408841487350525,178,42.87737847483935,Perdigão
5103379,MT,0.2877532194059044,149,42.87522969147976,Cotriguaçu
2403004,RN,0.4329307510878129,99,42.86014435769348,Cruzeta
2103752,MA,0.2379169239860415,180,42.82504631748747,Davinópolis
1101757,RO,0.43661047377747675,98,42.78782643019272,Vale do Anari
3511300,SP,0.3096732398326195,138,42.734907096901495,Cedral
1703909,TO,0.5771862834305175,74,42.71178497385829,Caseara
1706506,TO,0.4691170660631844,91,42.689653011749776,Darcinópolis
1715705,TO,0.5927826923069648,72,42.68035384610147,Palmeirante
3145000,MG,0.21649503184158742,197,42.64952127279272,Nova Ponte
2304202,CE,0.03502263058152833,1217,42.62254141771998,Crato
5212204,GO,0.18690188051281859,228,42.61362875692264,Jussara
2402402,RN,0.5605552110065087,76,42.60219603649466,Carnaúba dos Dantas
5203500,GO,0.17455616151871614,244,42.59170341056674,Bom Jesus de Goiás
3144102,MG,0.23267556585282695,183,42.57962855106733,Muzambinho
2313757,CE,0.19174785076977544,222,42.56802287089015,Umirim
3153905,MG,0.27459394334829673,155,42.562061218985995,Raposos
3539400,SP,0.3516220539038002,121,42.546268522359824,Piratininga
2607752,PE,0.1557632975610097,273,42.52338023415565,Itapissuma
2705408,AL,0.46200989534460607,92,42.50491037170376,Monteirópolis
2706000,AL,0.22361690756101507,190,42.48721243659286,Olivença
2106805,MA,0.30560455577443346,139,42.47903325264625,Mirinzal
1300086,AM,0.40824375054759837,104,42.45735005695023,Anamã
3300225,RJ,0.32656716532004015,130,42.45373149160522,Areal
2505709,PB,0.3215878271280657,132,42.44959318090468,Dona Inês
1301951,AM,0.27381707632270197,155,42.441646830018804,Itamarati
2908309,BA,0.5891654153292,72,42.4199099037024,Conceição do Almeida
1600253,AP,0.42798305628776345,99,42.37032257248858,Itaubal
2306900,CE,0.106457291275243,398,42.37000192754672,Jaguaribe
5000906,MS,0.34439378375742047,123,42.360435402162715,Antônio João
3138609,MG,0.27867293513706715,152,42.35828614083421,Lima Duarte
4202602,SC,0.4193103747993293,101,42.35034785473226,Bom Retiro
3137502,MG,0.1924888416988335,220,42.34754517374337,Lagoa Formosa
5106240,MT,0.2390075257759563,177,42.304332062344265,Nova Ubiratã
2407401,RN,0.49080874634896754,86,42.20955218601121,Martins
2112852,MA,0.2688468345134314,157,42.20895301860873,Vila Nova dos Martírios
2504405,PB,0.24377974730392005,173,42.173896283578166,Conceição
2111706,MA,0.27927851958573935,151,42.17105645744664,São Vicente Ferrer
3169703,MG,0.20362532804650738,207,42.150442905627024,Turmalina
3556800,SP,0.2615387921602846,161,42.10774553780582,Viradouro
2112704,MA,0.07510301250484744,560,42.057687002714566,Vargem Grande
3145109,MG,0.19081019011695544,220,41.978241825730194,Nova Resende
4121406,PR,0.2152363246504045,195,41.971083306828874,Realeza
2406205,RN,0.5595949502394173,75,41.9696212679563,Lagoa d'Anta
3114501,MG,0.19241728066034475,218,41.94696718395515,Carmópolis de Minas
2516904,PB,0.3061194796613285,137,41.93836871360201,Uiraúna
3166808,MG,0.23936643983432565,175,41.88912697100699,Serra do Salitre
4300802,RS,0.445511049659739,94,41.87803866801546,Antônio Prado
2806800,SE,0.615721083591008,68,41.869033684188544,São Domingos
3545605,SP,0.3100320095006536,135,41.85432128258824,Santa Adélia
2605806,PE,0.34872052942866055,120,41.84646353143927,Frei Miguelinho
3553955,SP,0.22844419093482965,183,41.805286941073824,Tarumã
2924652,BA,0.4860995882256244,86,41.804564587403696,Pintadas
2922854,BA,0.6427041911630299,65,41.77577242559694,Nova Redenção
2911006,BA,0.5690122554639322,73,41.53789464886705,Floresta Azul
2206605,PI,0.2579677725971309,161,41.53281138813807,Monte Alegre do Piauí
4205308,SC,0.26966684207528696,154,41.52869367959419,Faxinal dos Guedes
2804102,SE,0.500155863998535,83,41.5129367118784,Moita Bonita
2911659,BA,0.5844777892849152,71,41.49792303922898,Guajeru
3540903,SP,0.2543178822614689,163,41.45381480861943,Pradópolis
3116159,MG,0.269108512152204,154,41.44271087143942,Chapada Gaúcha
5104526,MT,0.2541328620088471,163,41.423656507442075,Ipiranga do Norte
3153400,MG,0.2300310499137644,180,41.405588984477596,Presidente Olegário
4302907,RS,0.5303039106269356,78,41.363705028900974,Cacequi
1101609,RO,0.338965305674503,122,41.35376729228937,Theobroma
4125100,PR,0.23087652589153113,179,41.32689813458407,São João do Triunfo
3111408,MG,0.36249832370028606,114,41.32480890183261,Campo Florido
5101308,MT,0.26487368432482095,156,41.32029475467207,Arenápolis
3519055,SP,0.26645821474686043,155,41.301023285763364,Holambra
4105607,PR,0.28079782693263233,147,41.27728055909695,Cidade Gaúcha
5209952,GO,0.1937494696055165,213,41.26863702597502,Indiara
3130507,MG,0.26613140985067835,155,41.25036852685514,Ilicínea
2302602,CE,0.05235831197320158,786,41.15363321093644,Camocim
3144706,MG,0.2402795869684552,171,41.087809371605836,Nova Era
2509800,PB,0.4323025044200671,95,41.068737919906376,Mulungu
2202604,PI,0.17150282690651905,239,40.98917563065805,Castelo do Piauí
2928307,BA,0.7060187266988067,58,40.94908614853079,Santanópolis
4110078,PR,0.2728437203710974,150,40.92655805566461,Imbaú
5208400,GO,0.23910952385276618,171,40.887728578823015,Goianápolis
4306205,RS,0.5379944975500869,76,40.887581813806605,Cruzeiro do Sul
3303104,RJ,0.38926579338102524,105,40.87290830500765,Natividade
4122602,PR,0.34636817976708756,118,40.871445212516335,Rondon
1600212,AP,0.38894506980953153,105,40.83923233000081,Cutias
4212650,SC,0.36787435056270096,111,40.8340529124598,Pescaria Brava
2108900,MA,0.30701846702289215,133,40.83345611404466,Poção de Pedras
2605152,PE,0.2125363945572171,192,40.806987754985684,Dormentes
4316105,RS,0.4293575650027862,95,40.78896867526469,Ronda Alta
5007554,MS,0.3573614318194594,114,40.73920322741837,Santa Rita do Pardo
2914109,BA,0.41972322333855044,97,40.713152663839395,Ipupiara
5000856,MS,0.20860065089477292,195,40.67712692448072,Angélica
1600550,AP,0.501945334048983,81,40.65757205796762,Pracuúba
2608057,PE,0.2589451586961279,157,40.65438991529208,Jatobá
4218251,SC,0.4064827387844445,100,40.64827387844445,Timbó Grande
2306553,CE,0.08240620599958214,493,40.62625955779399,Itarema
2109205,MA,0.39779503964759283,102,40.57509404405447,Presidente Juscelino
2612455,PE,0.2797005847139463,145,40.55658478352222,Santa Cruz
2703403,AL,0.37872796001369197,107,40.52389172146504,Jacaré dos Homens
2906402,BA,0.6849874120371834,59,40.41425731019382,Candeal
1506401,PA,0.4299354015914515,94,40.41392774959644,Santa Cruz do Arari
3155603,MG,0.1541249538430411,262,40.38073790687677,Rio Pardo de Minas
2609709,PE,0.20082061408551322,201,40.36494343118816,Orobó
4203501,SC,0.32275402004526665,125,40.34425250565833,Campo Erê
3525508,SP,0.3200325816272296,126,40.324105285030925,Joanópolis
2509206,PB,0.42439568028299646,95,40.31758962688466,Massaranduba
2102374,MA,0.3732867093707268,108,40.314964612038494,Cachoeira Grande
3517208,SP,0.30760574363249016,131,40.29635241585621,Guaiçara
3119104,MG,0.1692678185378922,238,40.28574081201834,Corinto
2105609,MA,0.3073734927972998,131,40.26592755644627,Joselândia
3501004,SP,0.268263683162768,150,40.2395524744152,Altinópolis
3162708,MG,0.18434225697404122,218,40.18661202034099,São João do Paraíso
3302056,RJ,0.3550864893967604,113,40.124773301833926,Italva
4306007,RS,0.36462761951809086,110,40.109038146989995,Crissiumal
3134004,MG,0.34248312396889946,117,40.070525504361235,Itinga
2604700,PE,0.2599445228403738,154,40.03145651741756,Correntes
4201208,SC,0.2163584760774533,185,40.026318074328856,Antônio Carlos
5103056,MT,0.2470683104988336,162,40.02506630081104,Cláudia
3553005,SP,0.2632533262921637,152,40.01450559640888,Taguaí
4201257,SC,0.28162496300036916,142,39.99074474605242,Apiúna
4111407,PR,0.1957420529001196,204,39.9313787916244,Ivaí
3105103,MG,0.24941059307893942,160,39.90569489263031,Bambuí
4114005,PR,0.23151193262582193,172,39.82005241164137,Mamborê
4312906,RS,0.4326831133308947,92,39.80684642644231,Nova Bassano
2504801,PB,0.3235937893830194,123,39.802036094111386,Coremas
2909505,BA,0.5848576937583185,68,39.77032317556566,Cravolândia
4314506,RS,0.47884669283141684,83,39.7442755050076,Pinheiro Machado
2610301,PE,0.24653974105882623,161,39.69289831047102,Paranatama
3537107,SP,0.10832390359057663,366,39.646548714151045,Pedreira
3520426,SP,0.27509230432001436,144,39.61329182208207,Ilha Comprida
3527405,SP,0.2414663547968828,164,39.60048218668878,Lucélia
2512309,PB,0.17722996342257646,223,39.52228184323455,Princesa Isabel
4306056,RS,0.48690232352594043,81,39.43908820560117,Cristal
5212709,GO,0.2737067303720075,144,39.41376917356908,Mambaí
4117800,PR,0.2793625013069016,141,39.39011268427313,Palmital
5220405,GO,0.1823344627703298,216,39.38424395839124,São Simão
2600807,PE,0.3100966841484637,127,39.38227888685489,Altinho
2410900,RN,0.6245530498502707,63,39.346842140567055,Riachuelo
2107605,MA,0.41772690380228994,94,39.266328957415254,Palmeirândia
3556008,SP,0.28450809179178305,138,39.26211666726606,Urupês
4300646,RS,0.4174025625299242,94,39.235840877812876,Ametista do Sul
3101003,MG,0.2646483468559596,148,39.16795533468202,Águas Vermelhas
4206207,SC,0.28588930057857226,137,39.1668341792644,Gravatal
5100607,MT,0.2478747268205559,158,39.16420683764783,Alto Taquari
3117801,MG,0.2797352290709762,140,39.162932069936666,Conceição dos Ouros
1701101,TO,0.46063874353559964,85,39.15429320052597,Aparecida do Rio Negro
2900603,BA,0.6988788486673119,56,39.13721552536946,Aiquara
3170057,MG,0.2508652418328077,156,39.134977725918,Ubaporanga
5004908,MS,0.44957965639042397,87,39.113430105966884,Jaraguari
2409704,RN,0.5750192060591941,68,39.1013060120252,Pedro Avelino
4103057,PR,0.2983506128514287,131,39.083930283537164,Boa Vista da Aparecida
2508505,PB,0.41562620699135355,94,39.068863457187234,Livramento
1505494,PA,0.5206966849803526,75,39.052251373526445,Palestina do Pará
4308805,RS,0.6193036390724816,63,39.01612926156634,General Câmara
3106903,MG,0.3046844176193344,128,38.9996054552748,Bicas
3545407,SP,0.344864915525418,113,38.969735454372234,Salto Grande
3150570,MG,0.3164030549451859,123,38.91757575825786,Pintópolis
5103700,MT,0.25263168368718014,154,38.90527928782574,Feliz Natal
4312252,RS,0.418231476539352,93,38.895527318159736,Minas do Leão
2105153,MA,0.24616231930584248,158,38.89364645032311,Igarapé do Meio
4305306,RS,0.4857238565804355,80,38.85790852643484,Chapada
2405702,RN,0.44597008054332266,87,38.79939700726907,Jardim do Seridó
4305702,RS,0.4308687350428892,90,38.77818615386003,Condor
4209151,SC,0.3837909869602493,101,38.76288968298518,José Boiteux
2106300,MA,0.2240071484595492,173,38.75323668350201,Magalhães de Almeida
2910909,BA,0.6903023893286129,56,38.65693380240232,Firmino Alves
4127304,PR,0.22191952968425327,174,38.61399816506007,Terra Rica
1300060,AM,0.33271851782862266,116,38.59534806812023,Amaturá
2110104,MA,0.15352636125042415,251,38.535116673856464,Santa Quitéria do Maranhão
1718907,TO,0.5426685015404878,71,38.52946360937464,Santa Rosa do Tocantins
4118808,PR,0.24077508416034088,160,38.52401346565454,Peabiru
3154002,MG,0.18971460051780986,203,38.512063905115404,Raul Soares
3529807,SP,0.3812121645697515,101,38.5024286215449,Mineiros do Tietê
2517001,PB,0.3234291641609284,119,38.48807053515048,Umbuzeiro
3518503,SP,0.2710275150124121,142,38.485907131762524,Guareí
2924108,BA,0.7118786297814368,54,38.44144600819759,Pedrão
2503506,PB,0.2743426002825739,140,38.40796403956035,Cacimba de Dentro
4218806,SC,0.25432757373546483,151,38.403463634055186,Turvo
3203353,ES,0.2415025571635154,159,38.39890658899895,Marilândia
2606309,PE,0.2660365710934469,144,38.309266237456356,Granito
2608453,PE,0.29242686062699264,131,38.30791874213604,Lagoa do Carro
5100300,MT,0.2518683000420544,152,38.28398160639227,Alto Araguaia
4127965,PR,0.16712866101749893,229,38.272463373007255,Turvo
4118907,PR,0.2751947331425327,139,38.252067906812044,Pérola
2308302,CE,0.1912277284063743,200,38.24554568127486,Milagres
2923308,BA,0.5097534202573776,75,38.231506519303316,Ouriçangas
1101807,RO,0.4197077056834276,91,38.19340121719191,Vale do Paraíso
4320677,RS,0.5616398220948997,68,38.19150790245318,Sinimbu
2401602,RN,0.5784315887051885,66,38.176484854542444,Bento Fernandes
4301206,RS,0.35961560165947165,106,38.11925377590399,Arroio do Tigre
4115408,PR,0.18771645649439384,203,38.10644066836195,Marmeleiro
2207603,PI,0.3197229558110024,119,38.04703174150929,Parnaguá
3509908,SP,0.27367088218682,139,38.04025262396798,Cananéia
1701309,TO,0.5210062068098105,73,38.033453097116166,Aragominas
3125705,MG,0.26041504463656995,146,38.020596516939214,Felixlândia
1100072,RO,0.2967346452123247,128,37.98203458717756,Corumbiara
3551108,SP,0.3616146977737806,105,37.96954326624696,Sarapuí
3547502,SP,0.27890959775124985,136,37.93170529416998,Santa Rita do Passa Quatro
3108909,MG,0.24766504042092785,153,37.89275118440196,Brazópolis
4119103,PR,0.1950923965242808,194,37.84792492571047,Piên
3504909,SP,0.41132678817081886,92,37.842064511715336,Bananal
3108255,MG,0.429447582841269,88,37.79138729003167,Bonito de Minas
5200803,GO,0.28846073886246815,131,37.78835679098333,Alvorada do Norte
2612307,PE,0.21686408387588701,174,37.73435059440434,Saloá
4115101,PR,0.3280056165135425,115,37.72064589905739,Mariluz
2922201,BA,0.5713786982789594,66,37.71099408641132,Muniz Ferreira
5105200,MT,0.23864843817847825,158,37.706453232199564,Juscimeira
2804706,SE,0.48332964657616945,78,37.69971243294122,Nossa Senhora de Lourdes
4317707,RS,0.4540335801647948,83,37.684787153677966,Santo Antônio das Missões
2510105,PB,0.31124732587494347,121,37.66092643086816,Nova Floresta
2414159,RN,0.49540582709568826,76,37.65084285927231,Tenente Laurentino Cruz
2204501,PI,0.255541821369506,147,37.56464774131738,Guadalupe
5008404,MS,0.32344729948836654,116,37.51988674065052,Vicentina
1711951,TO,0.5349069932785201,70,37.443489529496404,Lagoa do Tocantins
2916906,BA,0.6237113187089721,60,37.42267912253833,Itiruçu
2405405,RN,0.5753042675732603,65,37.394777392261915,Japi
4214201,SC,0.25598293223263097,146,37.37350810596412,Quilombo
1703305,TO,0.5494080711925888,68,37.35974884109604,Bom Jesus do Tocantins
2205409,PI,0.18039050300839052,207,37.34083412273684,Joaquim Pires
4117107,PR,0.23627255575557454,158,37.33106380938078,Nova Londrina
4104451,PR,0.24081525692450942,155,37.32636482329896,Cantagalo
2302800,CE,0.043253195371145144,862,37.284254409927115,Canindé
2605905,PE,0.23736150052072652,157,37.265755581754064,Gameleira
4100103,PR,0.3416523956041869,109,37.240111120856376,Abatiá
2411403,RN,0.4836302964843839,77,37.23953282929756,Santana do Matos
5210901,GO,0.1692102148957868,220,37.2262472770731,Itapaci
3159902,MG,0.218851797023059,170,37.204805493920034,Santo Antônio do Amparo
3111002,MG,0.2158697990374359,172,37.12960543443897,Campestre
5101837,MT,0.33740481101659364,110,37.1145292118253,Boa Esperança do Norte
3110301,MG,0.26116356193236495,142,37.085225794395825,Caldas
1712504,TO,0.5532848724228031,67,37.07008645232781,Marianópolis do Tocantins
2910776,BA,0.5356604546100672,69,36.960571368094634,Feira da Mata
2401859,RN,0.6058497445989365,61,36.956834420535124,Caiçara do Norte
2404309,RN,0.4736095113044155,78,36.941541881744406,Governador Dix-Sept Rosado
4126678,PR,0.2833799492605659,130,36.83939340387357,Tamarana
2406304,RN,0.6243182192206717,59,36.83477493401963,Lagoa de Pedras
1707108,TO,0.3715251147231093,99,36.78098635758782,Divinópolis do Tocantins
3115102,MG,0.21130622973088736,174,36.7672839731744,Cássia
2924702,BA,0.4595848181249741,80,36.766785449997926,Piripá
2918209,BA,0.5568274599719857,66,36.75061235815105,Jiquiriçá
5100508,MT,0.327762049258113,112,36.70934951690865,Alto Paraguai
4301875,RS,0.5920224116286524,62,36.70538952097645,Barra do Quaraí
2614303,PE,0.42185366510999517,87,36.70126886456958,Moreilândia
2704609,AL,0.2156880111290357,170,36.66696189193607,Maravilha
2205557,PI,0.29569998813045395,124,36.66679852817629,Lagoa Alegre
4105003,PR,0.32727134324284807,112,36.654390443198984,Catanduvas
3127008,MG,0.22901361429513756,160,36.64217828722201,Fronteira
2401305,RN,0.5159075562055576,71,36.62943649059459,Campo Grande
4117222,PR,0.2508653741100899,146,36.62634462007313,Nova Santa Rosa
3162559,MG,0.2440607277770523,150,36.60910916655784,São João do Manhuaçu
2911501,BA,0.5154773183851584,71,36.59888960534625,Gongogi
4216008,SC,0.24727671806951856,148,36.59695427428875,São Carlos
4215109,SC,0.28362943079337116,129,36.58819657234488,Rodeio
3164605,MG,0.25038969490358765,146,36.556895455923794,São Sebastião do Oeste
4306932,RS,0.5003826390163512,73,36.527932648193634,Entre-Ijuís
3133709,MG,0.19845892876988278,184,36.51644289365843,Itatiaiuçu
1700301,TO,0.4553695166454076,80,36.429561331632605,Aguiarnópolis
4117255,PR,0.22626895184061735,161,36.42930124633939,Nova Prata do Iguaçu
1703891,TO,0.5517296043861869,66,36.41415388948833,Carrasco Bonito
4106308,PR,0.1657646350435556,219,36.30245507453868,Corbélia
3301603,RJ,0.34870876625052094,104,36.265711690054175,Duas Barras
2109403,MA,0.3517582877115884,103,36.2311036342936,Primeira Cruz
2204907,PI,0.3932863401655595,92,36.182343295231476,Isaías Coelho
3111101,MG,0.24599844604605325,147,36.16177156876983,Campina Verde
2102150,MA,0.40160715874220093,90,36.14464428679808,Brejo de Areia
4110508,PR,0.1752630423604703,206,36.104186726256884,Ipiranga
3514809,SP,0.3111870579830299,116,36.097698726031474,Eldorado
3201001,ES,0.15687881283803695,230,36.082126952748496,Boa Esperança
4203402,SC,0.39210057979619783,92,36.0732533412502,Campo Belo do Sul
2804300,SE,0.6676540624893653,54,36.053319374425726,Muribeca
3544905,SP,0.3676152018752517,98,36.026289783774665,Sales Oliveira
2930006,BA,0.46740008062177407,77,35.989806207876605,Sebastião Laranjeiras
2611200,PE,0.312606843624633,115,35.94978701683279,Poção
2300408,CE,0.217827336705542,165,35.94151055641443,Aiuaba
4110953,PR,0.1973398164617877,182,35.91584659604536,Itaipulândia
2912004,BA,0.44339050630961874,81,35.914631011079116,Ibiassucê
3112604,MG,0.2378037528795846,151,35.908366684817274,Capinópolis
2110302,MA,0.2474375416070029,145,35.87844353301542,Santo Antônio dos Lopes
2501609,PB,0.43174790840728927,83,35.83507639780501,Barra de Santa Rosa
4215653,SC,0.25965622314887293,138,35.83255879454446,Santa Rosa do Sul
3544301,SP,0.296058862709112,121,35.823122387802556,Roseira
3105905,MG,0.18079526709518573,198,35.79746288484677,Barroso
4316758,RS,0.4066044803783615,88,35.78119427329581,Santa Clara do Sul
4207809,SC,0.27500332400932387,130,35.7504321212121,Irani
2105450,MA,0.30030786766619283,119,35.736636252276945,Jatobá
3200102,ES,0.10895306276321177,328,35.73660458633346,Afonso Cláudio
2109551,MA,0.4350470296989969,82,35.673856435317745,Ribamar Fiquene
2406601,RN,0.4692195250618335,76,35.66068390469935,Lagoa Salgada
1720655,TO,0.45674406068859696,78,35.62603673371056,Silvanópolis
5105176,MT,0.24904578356246362,143,35.6135470494323,Juruena
3149903,MG,0.19031778277196018,187,35.58942537835655,Perdões
2102754,MA,0.2915187891472332,122,35.565292275962456,Capinzal do Norte
4211009,SC,0.28663604924205255,124,35.54287010601452,Mondaí
1600238,AP,0.2837119107967374,125,35.46398884959218,Ferreira Gomes
3300951,RJ,0.3578500350326825,99,35.427153468235566,Comendador Levy Gasparian
2107001,MA,0.3054047818456191,116,35.42695469409181,Montes Altos
4315909,RS,0.38926913177877936,91,35.423490991868924,Rodeio Bonito
4218905,SC,0.2409192866876467,147,35.415135143084065,Urubici
2516508,PB,0.2724010099063072,130,35.41213128781994,Taperoá
2103901,MA,0.27653387603367424,128,35.3963361323103,Duque Bacelar
2301208,CE,0.11521404276390759,307,35.37071112851963,Aracoiaba
4216404,SC,0.2389455150306961,148,35.363936224543025,São João do Sul
2314003,CE,0.10017265215346384,353,35.360946210172735,Várzea Alegre
2103257,MA,0.20922849498718768,169,35.35961565283472,Cidelândia
3202652,ES,0.2041371034149726,173,35.31571889079026,Irupi
2206720,PI,0.27364307450839565,129,35.299956611583035,Nazária
3130705,MG,0.33932122646177176,104,35.289407552024265,Indianópolis
2918605,BA,0.6079257466230754,58,35.25969330413837,Jussiape
2509404,PB,0.2543809849304067,138,35.10457592039612,Mogeiro
2515401,PB,0.3508874249163619,100,35.08874249163619,São Vicente do Seridó
4123402,PR,0.30241833701428905,116,35.08052709365753,Santa Fé
4116703,PR,0.24148011235284916,145,35.01461629116313,Nova Aurora
2802205,SE,0.647805150994167,54,34.98147815368502,Feira Nova
2104073,MA,0.27533136423927906,127,34.96708325838844,Feira Nova do Maranhão
3521705,SP,0.22971947143611637,152,34.91735965828969,Itaberá
2701001,AL,0.14535603387420182,240,34.88544812980844,Boca da Mata
2929404,BA,0.5906126955663462,59,34.846149038414424,São Miguel das Matas
3125952,MG,0.2617515910096237,133,34.81296160427995,Fervedouro
4319802,RS,0.45792788211476126,76,34.802519040721855,São Vicente do Sul
5005251,MS,0.2503274178821689,139,34.79551108562148,Laguna Carapã
1714302,TO,0.5507603476627144,63,34.697901902751006,Nazaré
2915700,BA,0.6085587705477088,57,34.6878499212194,Itamari
4127205,PR,0.14885295036994742,233,34.68273743619775,Terra Boa
3538105,SP,0.3180367802898307,109,34.666009051591544,Pindorama
2310308,CE,0.10508285752457405,329,34.57226012558486,Parambu
3154903,MG,0.27003869322898205,128,34.5649527333097,Rio Casca
4127858,PR,0.2519163338376159,137,34.512537735753384,Três Barras do Paraná
2803708,SE,0.6161627754958133,56,34.505115427765546,Macambira
3203106,ES,0.20908099076848313,165,34.49836347679972,Jerônimo Monteiro
2901502,BA,0.4858602105305642,71,34.49607494767006,Anguera
3202603,ES,0.21424491562214584,161,34.49343141516548,Iconha
2313104,CE,0.1377613180078821,250,34.440329501970524,Tabuleiro do Norte
3204807,ES,0.2667117780423193,129,34.405819367459195,São José do Calçado
2210409,PI,0.31845563663286286,108,34.39320875634919,São Miguel do Tapuio
2601003,PE,0.28183201626477183,122,34.38350598430216,Angelim
5106299,MT,0.20224561574987088,170,34.38175467747805,Paranaíta
4315107,RS,0.40920294918393757,84,34.373047731450754,Porto Xavier
4105102,PR,0.2623831698624074,131,34.37219525197537,Centenário do Sul
4320354,RS,0.5540071155486948,62,34.34844116401907,Sentinela do Sul
2201960,PI,0.33987356575559546,101,34.32723014131514,Brasileira
4311759,RS,0.5278298775745057,65,34.30894204234287,Manoel Viana
4320859,RS,0.6126082737073002,56,34.30606332760881,Tabaí
4114500,PR,0.26380346579006364,130,34.29445055270828,Manoel Ribas
5007802,MS,0.35297368730391904,97,34.23844766848015,Selvíria
2605509,PE,0.43279074263525685,79,34.19046866818529,Ferreiros
3114105,MG,0.2097189095089331,163,34.184182249956095,Carmo de Minas
1718865,TO,0.5512768557268491,62,34.179165055064644,Santa Fé do Araguaia
3152402,MG,0.27996824747337806,122,34.15612619175212,Poté
3514502,SP,0.28227856051035155,121,34.15570582175254,Duartina
2413508,RN,0.5165042932294994,66,34.08928335314696,Serrinha
2706604,AL,0.410708501856957,83,34.088805654127434,Paulo Jacinto
4211603,SC,0.21284840712607278,160,34.055745140171645,Nova Veneza
3506300,SP,0.318078227615945,107,34.034370354906116,Bernardino de Campos
2507200,PB,0.43040646699169177,79,34.00211089234365,Itatuba
2615201,PE,0.28557476091509126,119,33.98339654889586,Terra Nova
3139201,MG,0.22202852443952628,153,33.97036423924752,Malacacheta
2933109,BA,0.6172036398075151,55,33.94620018941333,Várzea do Poço
1505551,PA,0.48485805630702544,70,33.94006394149178,Pau D'Arco
5219803,GO,0.2924822877959674,116,33.92794538433222,São Domingos
5107776,MT,0.33209290694860494,102,33.873476508757705,Santa Terezinha
2514909,PB,0.4230726327926499,80,33.84581062341199,São Mamede
2504033,PB,0.38016641680839847,89,33.834811095947465,Capim
3537503,SP,0.3019268629510701,112,33.81580865051985,Pereiras
3120805,MG,0.21128837539686174,160,33.80614006349788,Cruzília
5203906,GO,0.274675652335748,123,33.785105237297,Buriti Alegre
3506904,SP,0.31249477426841915,108,33.74943562098927,Bofete
1720101,TO,0.4380497993407833,77,33.729834549240316,São Bento do Tocantins
2506707,PB,0.3512718266005506,96,33.72209535365286,Imaculada
2508208,PB,0.4111931138513222,82,33.71783533580842,Lagoa de Dentro
4313805,RS,0.3338304151291078,101,33.71687192803989,Palmitinho
2500536,PB,0.37457082886853427,90,33.711374598168085,Alcantil
4200200,SC,0.2093741057726375,161,33.70923102939464,Agrolândia
4304903,RS,0.4105544569982739,82,33.66546547385846,Casca
2604403,PE,0.26683853012732345,126,33.621654796042755,Chã de Alegria
1712405,TO,0.5691069676927056,59,33.57731109386963,Lizarda
1101005,RO,0.2915625865565729,115,33.529697454005884,Governador Jorge Teixeira
2109759,MA,0.5487851875945197,61,33.4758964432657,Santa Filomena do Maranhão
2105476,MA,0.3069414121258634,109,33.45661392171911,Jenipapo dos Vieiras
1507466,PA,0.6079394515574335,55,33.43666983565884,São João da Ponta
3129707,MG,0.22276133210637122,150,33.41419981595568,Ibiraci
3113008,MG,0.258898537421754,129,33.39791132740627,Caraí
4316451,RS,0.43349557775308445,77,33.379159486987504,Salto do Jacuí
3139904,MG,0.2020291485626127,165,33.33480951283109,Maria da Fé
4119806,PR,0.21645169045545887,154,33.33356033014066,Planalto
3300902,RJ,0.28712650366776127,116,33.30667442546031,Cambuci
1706001,TO,0.4381163656217824,76,33.29684378725546,Couto Magalhães
2303402,CE,0.12538439855826392,265,33.226865617939936,Carnaubal
3107802,MG,0.2185448831678208,152,33.21882224150876,Bom Jesus do Galho
3202553,ES,0.18426639219883958,180,33.167950595791126,Ibitirama
3133006,MG,0.20561507209471913,161,33.10402660724978,Itamonte
3511904,SP,0.3558030043582454,93,33.08967940531682,Clementina
5203203,GO,0.18584639348876836,178,33.08065804100077,Barro Alto
4128708,PR,0.2803038250596572,118,33.07585135703955,Vitorino
2705309,AL,0.4408959764788344,75,33.06719823591258,Minador do Negrão
3201159,ES,0.1406627660002234,235,33.0557500100525,Brejetuba
4101705,PR,0.2309914940557764,143,33.03178364997603,Araruna
2106631,MA,0.3436448749109869,96,32.98990799145474,Matões do Norte
3167103,MG,0.25566284930238725,129,32.98050756000796,Serro
2311900,CE,0.18316206861748047,180,32.96917235114648,Saboeiro
3556107,SP,0.24241186080411403,136,32.96801306935951,Valentim Gentil
2101731,MA,0.2817380489853512,117,32.96335173128609,Belágua
2403806,RN,0.47087578225569887,70,32.96130475789892,Florânia
2101806,MA,0.406842523746794,81,32.954244423490316,Benedito Leite
2305233,CE,0.03383230818816806,974,32.95266817527569,Horizonte
4216800,SC,0.2914262635504509,113,32.931167781200955,São José do Cerrito
4311106,RS,0.47029176635604925,70,32.920423644923446,Jaguari
2204402,PI,0.31934082510184575,103,32.892104985490114,Gilbués
2913457,BA,0.576997526403429,57,32.88885900499545,Igrapiúna
2309458,CE,0.12403924013673683,265,32.87039863623526,Ocara
4202206,SC,0.2857528561383497,115,32.86157845591022,Benedito Novo
4207908,SC,0.20535483515892605,160,32.85677362542817,Irineópolis
2205201,PI,0.2831080220371527,116,32.84053055630971,Jaicós
3111309,MG,0.24867027754282237,132,32.82447663565255,Campo do Meio
1716703,TO,0.39530428745635016,83,32.81025585887706,Colméia
4301404,RS,0.3769235400010914,87,32.79234798009495,Arvorezinha
5108956,MT,0.1974837387052828,166,32.78230062507694,Nova Monte Verde
3165578,MG,0.30070427077313633,109,32.77676551427186,Senador Amaral
4113254,PR,0.390051016819433,84,32.76428541283237,Laranjal
2506103,PB,0.39905022475881513,82,32.72211843022284,Fagundes
2806503,SE,0.6172123700166781,53,32.712255610883936,Santa Rosa de Lima
4128534,PR,0.22102538747223147,148,32.711757345890256,Ventania
1715101,TO,0.5029095183510095,65,32.68911869281562,Novo Acordo
2203354,PI,0.4587564918604787,71,32.571710922093985,Dirceu Arcoverde
3137007,MG,0.37768507008764785,86,32.48091602753772,Ladainha
2103125,MA,0.26173758627447763,124,32.455460698035225,Central do Maranhão
4217600,SC,0.30579538194489125,106,32.41431048615847,Siderópolis
2509396,PB,0.32736713373484033,99,32.40934623974919,Maturéia
3150158,MG,0.25110256733976366,129,32.39223118682951,Piedade de Caratinga
2105658,MA,0.27206131801513483,119,32.375296843801046,Junco do Maranhão
2500106,PB,0.37146753365641816,87,32.31767542810838,Água Branca
3538204,SP,0.23583875423378806,137,32.309909330028965,Pinhalzinho
1719004,TO,0.5666037960687306,57,32.296416375917644,Santa Tereza do Tocantins
5207907,GO,0.2668632977288597,121,32.29045902519202,Flores de Goiás
3160306,MG,0.3227671993139565,100,32.27671993139565,Santo Antônio do Jacinto
2407302,RN,0.5974810055774351,54,32.2639743011815,Marcelino Vieira
4125001,PR,0.2560431981481523,126,32.26144296666719,São João do Ivaí
2112274,MA,0.5195093925260865,62,32.209582336617366,Tufilândia
3151701,MG,0.24541509780907228,131,32.14937781298847,Poço Fundo
4218400,SC,0.27928607023833957,115,32.11789807740905,Treze de Maio
2615508,PE,0.26515921401063736,121,32.08426489528712,Tracunhaém
1702406,TO,0.44538224352242867,72,32.067521533614865,Arraias
1713809,TO,0.4714908175579952,68,32.06137559394367,Palmeiras do Tocantins
4110607,PR,0.2811604368779171,114,32.05228980408255,Iporã
3507407,SP,0.22209776541976478,144,31.98207822044613,Borborema
5101605,MT,0.35535518960827817,90,31.981967064745035,Barão de Melgaço
3136504,MG,0.3015086608810356,106,31.959918053389778,Jordânia
1710508,TO,0.40967251774896185,78,31.954456384419025,Itacajá
5204706,GO,0.18246925582364815,175,31.932119769138424,Campinorte
2603306,PE,0.4692299262889821,68,31.90763498765078,Calçado
5200100,GO,0.1742520763150808,183,31.888129965659786,Abadiânia
4311627,RS,0.45530969517335745,70,31.87167866213502,Lindolfo Collor
5205513,GO,0.1058642578216533,301,31.865141604317643,Cocalzinho de Goiás
2310605,CE,0.28703963024834894,111,31.861398957566735,Penaforte
3109907,MG,0.23582097497529494,135,31.835831621664816,Caetanópolis
4100707,PR,0.27421600221495146,116,31.80905625693437,Alto Piquiri
3141009,MG,0.24786639676975394,128,31.726898786528505,Mato Verde
5200605,GO,0.24213605167612276,131,31.719822769572083,Alto Paraíso de Goiás
5103858,MT,0.27792200191270894,114,31.68310821804882,Gaúcha do Norte
2924678,BA,0.5759143361014178,55,31.67528848557798,Piraí do Norte
3515202,SP,0.34043740335265593,93,31.660678511797002,Estrela d'Oeste
3552007,SP,0.380533806068784,83,31.584305903709073,Silveiras
4308300,RS,0.43238106531113274,73,31.563817767712692,Fontoura Xavier
2703700,AL,0.43834124462093843,72,31.560569612707567,Jaramataia
3171030,MG,0.3943846594718192,80,31.550772757745538,Verdelândia
4216701,SC,0.18222583004577636,173,31.52506859791931,São José do Cedro
4214409,SC,0.37042876283644277,85,31.486444841097637,Rio das Antas
3515400,SP,0.2215215140588284,142,31.456054996353632,Fartura
2310852,CE,0.12576903908532888,250,31.442259771332218,Pindoretama
2210706,PI,0.14890573794192588,211,31.419110705746363,Simões
2612901,PE,0.39249463945701935,80,31.399571156561546,São Benedito do Sul
2604304,PE,0.4073099401926171,77,31.36286539483152,Cedro
4310538,RS,0.5700717324724827,55,31.353945285986548,Itaara
3157252,MG,0.2876257282824664,109,31.351204382788836,Santa Bárbara do Leste
2503308,PB,0.4478564241822604,70,31.34994969275823,Cachoeira dos Índios
5007505,MS,0.37700900991162745,83,31.291747822665076,Rochedo
2413201,RN,0.5794094410097278,54,31.288109814525303,Senador Georgino Avelino
2701357,AL,0.38136461762271157,82,31.271898645062347,Campestre
4107256,PR,0.30353774109524734,103,31.264387332810475,Douradina
2511301,PB,0.40072036905291664,78,31.2561887861275,Piancó
3201100,ES,0.29452810610831603,106,31.2199792474815,Bom Jesus do Norte
1712009,TO,0.5197277737863749,60,31.183666427182498,Lajeado
3521903,SP,0.21787722388819925,143,31.156443016012492,Itajobi
4110805,PR,0.2062664360064027,151,31.14623183696681,Iretama
2511806,PB,0.4577614268221762,68,31.12777702390798,Pirpirituba
2312601,CE,0.27772330330624384,112,31.10500997029931,São Luís do Curu
5209903,GO,0.2634953202496727,118,31.09244778946138,Iaciara
1707652,TO,0.3834264600021974,81,31.057543260177987,Figueirópolis
4311700,RS,0.437200624884548,71,31.041244366802907,Machadinho
4210407,SC,0.30679778910414546,101,30.986576699518693,Maracajá
3540507,SP,0.2950169208212666,105,30.976776686232995,Porangaba
2403400,RN,0.4764808671203259,65,30.971256362821183,Equador
3123700,MG,0.31916572679798755,97,30.95907549940479,Engenheiro Caldas
2709004,AL,0.3868480140386935,80,30.94784112309548,Tanque d'Arca
1718808,TO,0.45481376299383036,68,30.927335883580465,Sampaio
3524501,SP,0.28633183813501106,108,30.923838518581196,Jaci
3506805,SP,0.40680675666063637,76,30.917313506208362,Bocaina
2104107,MA,0.23227107124548715,133,30.89205247564979,Fortaleza dos Nogueiras
2203255,PI,0.37670919307816286,82,30.890153832409354,Curralinhos
4204004,SC,0.23215413402991347,133,30.87649982597849,Catanduvas
3505401,SP,0.4343484506664816,71,30.838739997320193,Barra do Turvo
3102308,MG,0.21565164504529488,143,30.83818524147717,Alvinópolis
4201703,SC,0.2881721087700349,107,30.834415638393736,Ascurra
4115754,PR,0.22021736829176589,140,30.830431560847224,Mauá da Serra
3133501,MG,0.18114105373609626,170,30.793979135136365,Itapecerica
5108907,MT,0.27244373534397964,113,30.7861420938697,Nova Maringá
3150802,MG,0.2544189045751857,121,30.784687453597467,Piranga
2412708,RN,0.5915852934839921,52,30.76243526116759,São Pedro
2931400,BA,0.6679338764263819,46,30.72495831561357,Teodoro Sampaio
5106109,MT,0.20751090104221318,148,30.71161335424755,Nossa Senhora do Livramento
5004007,MS,0.2692254189602944,114,30.69169776147356,Glória de Dourados
3535408,SP,0.19300781555050137,159,30.688242672529718,Panorama
3556354,SP,0.30670995611831026,100,30.670995611831025,Vargem
2903102,BA,0.5376763860844976,57,30.647554006816364,Barra do Rocha
2300903,CE,0.21276995602234122,144,30.638873667217137,Apuiarés
4204707,SC,0.2236332513732212,137,30.637755438131304,Cunha Porã
3122454,MG,0.3031916767003209,101,30.62235934673241,Divisópolis
1702307,TO,0.3558418588379658,86,30.60239986006506,Arapoema
3502309,SP,0.40264467862163006,76,30.600995575243886,Anhembi
3538501,SP,0.2941576684122522,104,30.592397514874232,Piquete
2104909,MA,0.20379501352328244,150,30.569252028492365,Guimarães
2701902,AL,0.3678968162376027,83,30.535435747721024,Chã Preta
3104700,MG,0.3246597263732728,94,30.51801427908764,Ataléia
5202155,GO,0.28469035143201094,107,30.461867603225173,Araguapaz
4127908,PR,0.26488200547762547,115,30.46143062992693,Tuneiras do Oeste
3136900,MG,0.20692652796741492,147,30.418199611209992,Juruaia
3532827,SP,0.28670349102550724,106,30.39057004870377,Nova Campina
2608503,PE,0.21245325858780936,143,30.380815978056738,Lagoa de Itaenga
2511608,PB,0.3704357105829623,82,30.37572826780291,Pilões
1100502,RO,0.2892876629405597,105,30.375204608758764,Novo Horizonte do Oeste
2502409,PB,0.34501836711383455,88,30.36161630601744,Bonito de Santa Fé
2516706,PB,0.22656895754150946,134,30.36024031056227,Teixeira
3549508,SP,0.3571792943347445,85,30.360240018453283,São José da Bela Vista
2204352,PI,0.34091672245678345,89,30.34158829865373,Geminiano
2202778,PI,0.31593840410130747,96,30.330086793725517,Colônia do Piauí
4108320,PR,0.21973530092858562,138,30.323471528144815,Francisco Alves
2601805,PE,0.20751990800964204,146,30.297906569407736,Betânia
3134707,MG,0.3563504861878927,85,30.28979132597088,Jacinto
4214706,SC,0.27004306863248834,112,30.244823686838696,Rio dos Cedros
4106803,PR,0.17563151709237107,172,30.208620939887822,Cruz Machado
4312476,RS,0.4576504595453439,66,30.204930329992695,Morro Reuter
4101903,PR,0.21886002747503971,138,30.20268379155548,Assaí
3518859,SP,0.3773731102529377,80,30.189848820235014,Guatapará
4122701,PR,0.2322222667861577,130,30.1888946822005,Sabáudia
1505601,PA,0.32090434678423285,94,30.165008597717886,Peixe-Boi
1715754,TO,0.29536398429304156,102,30.127126397890237,Palmeirópolis
2511707,PB,0.35005540195098145,86,30.104764567784404,Pilõezinhos
4208708,SC,0.2736573670999593,110,30.102310380995526,Jacinto Machado
2509008,PB,0.3380116361052904,89,30.083035613370846,Manaíra
3153608,MG,0.2613657429703371,115,30.057060441588764,Prudente de Morais
3544251,SP,0.24039110059335084,125,30.048887574168855,Rosana
3117108,MG,0.2293730686497083,131,30.047871993111787,Conceição da Aparecida
3204005,ES,0.15808158362887034,190,30.035500889485363,Pancas
1101484,RO,0.3794760958241586,79,29.978611570108527,São Felipe D'Oeste
2907558,BA,0.5443755822922791,55,29.940657026075353,Caturama
5211206,GO,0.13732237185941723,218,29.936277065352957,Itapuranga
2202083,PI,0.21533121483496956,139,29.93103886206077,Cajueiro da Praia
3128600,MG,0.3022923928710637,99,29.926946894235307,Guarda-Mor
3108305,MG,0.2107100831262754,142,29.920831803931108,Borda da Mata
2507408,PB,0.5157906616575821,58,29.915858376139763,Jericó
4314209,RS,0.5747420005654306,52,29.88658402940239,Pedro Osório
2516805,PB,0.3830288324168708,78,29.876248928515924,Triunfo
3138658,MG,0.24485573019725482,122,29.872399084065087,Lontra
3512902,SP,0.30173286924445564,99,29.87155405520111,Cosmorama
3130903,MG,0.16760298861798328,178,29.833331974001027,Inhapim
2615706,PE,0.20673657425767727,144,29.770066693105527,Triunfo
2100956,MA,0.2272286715958826,131,29.76695597906062,Arame
3542107,SP,0.21564682997681164,138,29.759262536800005,Rafard
1706100,TO,0.40730119558073963,73,29.732987277393992,Cristalândia
2803807,SE,0.5404185895297458,55,29.723022424136015,Malhada dos Bois
4302204,RS,0.353690008519765,84,29.70996071566026,Boa Vista do Buricá
3555604,SP,0.29911977734455053,99,29.612857957110503,Uchoa
4218509,SC,0.23125541211099954,128,29.60069275020794,Treze Tílias
3162948,MG,0.24662986034466744,120,29.595583241360092,São José da Barra
2609204,PE,0.3048280707761885,97,29.568322865290288,Maraial
3151107,MG,0.2869433410765178,103,29.555164130881337,Pirapetinga
2404903,RN,0.4840605453533464,61,29.52769326655413,Itaú
2201606,PI,0.26562056446801935,111,29.48388265595015,Beneditinos
3143005,MG,0.22495022668202289,131,29.468479695345,Monte Belo
2302503,CE,0.05436778353256153,542,29.46733867464835,Brejo Santo
3100609,MG,0.23356214244190387,126,29.428829947679887,Água Boa
2708204,AL,0.27997189271827166,105,29.397048735418522,São Brás
1708304,TO,0.4817809181550755,61,29.388636007459606,Goianorte
2701506,AL,0.5140794683036827,57,29.302529693309914,Campo Grande
4217253,SC,0.31806154099811645,92,29.261661771826713,São Pedro de Alcântara
4123303,PR,0.28390753259422546,103,29.242475857205225,Santa Cruz de Monte Castelo
2933257,BA,0.5615647600407594,52,29.201367522119487,Vereda
2611903,PE,0.13446023976589294,217,29.17787202919877,Rio Formoso
4100806,PR,0.28049641687176186,104,29.171627354663233,Alvorada do Sul
4311775,RS,0.5607200358985936,52,29.15744186672687,Maquiné
4321956,RS,0.4695308263317675,62,29.110911232569585,Trindade do Sul
1507755,PA,0.30315991922609165,96,29.103352245704798,Sapucaia
3142205,MG,0.23082721203822215,126,29.084228716815993,Miraí
3158201,MG,0.20768723793984017,140,29.076213311577625,Santa Maria do Suaçuí
3503109,SP,0.3304017388138444,88,29.075353015618305,Arandu
3145877,MG,0.26644828447037644,109,29.04286300727103,Orizânia
2410256,RN,0.4606370957308385,63,29.020137031042825,Porto do Mangue
3117702,MG,0.1959685965446052,148,29.00335228860157,Conceição do Rio Verde
2606705,PE,0.3762605892735525,77,28.972065374063543,Ibirajuba
3504206,SP,0.24141417055774925,120,28.96970046692991,Auriflama
3171808,MG,0.260668856709587,111,28.934243094764156,Virginópolis
3114550,MG,0.2922083989484703,99,28.928631495898557,Carneirinho
5207402,GO,0.22737678403663927,127,28.876851572653187,Edéia
4322541,RS,0.4978404147721212,58,28.87474405678303,Vale Real
3503604,SP,0.22891038974471423,126,28.842709107833993,Areiópolis
5000807,MS,0.2596084580377587,111,28.81653884219122,Anaurilândia
5206404,GO,0.1881245746736451,153,28.7830599250677,Crixás
5214838,GO,0.19039040780613023,151,28.748951578725666,Nova Crixás
3102803,MG,0.3024413794580019,95,28.731931048510184,Andrelândia
3203809,ES,0.20812011734410554,138,28.720576193486565,Muqui
4214607,SC,0.2899984775895738,99,28.709849281367806,Rio do Oeste
3541703,SP,0.2682970313164622,107,28.707782350861457,Quatá
2411056,RN,0.5741451558134902,50,28.707257790674515,Tibau
3542701,SP,0.26827925806368713,107,28.70588061281452,Restinga
2502151,PB,0.3679306293704467,78,28.698589090894842,Boa Vista
4322301,RS,0.4700486495884863,61,28.672967624897666,Tuparendi
4120507,PR,0.333234523268347,86,28.658169001077844,Primeiro de Maio
2205854,PI,0.2754059859068278,104,28.64222253431009,Madeiro
2702207,AL,0.34095658779641486,84,28.640353374898847,Coqueiro Seco
3130200,MG,0.23094513177703738,124,28.637196340352634,Igaratinga
3154804,MG,0.25751695032153954,111,28.58438148569089,Rio Acima
3143500,MG,0.25744765580912543,111,28.576689794812925,Morada Nova de Minas
2410207,RN,0.47596920040315216,60,28.55815202418913,Portalegre
3104908,MG,0.22296169110861397,128,28.539096461902588,Baependi
3145356,MG,0.25241783997832173,113,28.523215917550356,Novo Oriente de Minas
3531209,SP,0.31339322816750853,91,28.518783763243274,Monte Alegre do Sul
3543709,SP,0.30006386291262144,95,28.506066976699035,Rincão
4304101,RS,0.5278180182060379,54,28.502172983126048,Campos Borges
4113908,PR,0.15149405076752576,188,28.480881544294842,Mallet
3155702,MG,0.18845684212140612,151,28.456983160332324,Rio Piracicaba
1101435,RO,0.3229732506718536,88,28.421646059123116,Nova União
4116109,PR,0.23463471164582353,121,28.390800109144646,Moreira Sales
3304508,RJ,0.3543088854336553,80,28.344710834692425,Rio das Flores
3534757,SP,0.26207561962684156,108,28.304166919698886,Ouroeste
3519907,SP,0.32519001807563086,87,28.291531572579885,Iepê
2300200,CE,0.03376048341989089,838,28.29128510586856,Acaraú
2703759,AL,0.18457618286995015,153,28.240155979102372,Jequiá da Praia
4123857,PR,0.2822510375675137,100,28.225103756751366,Santa Maria do Oeste
4121901,PR,0.19061226056770275,148,28.21061456402001,Ribeirão do Pinhal
3149952,MG,0.3862211758346438,73,28.194145835929,Periquito
2928950,BA,0.5317200863574744,53,28.18116457694614,São Domingos
3548054,SP,0.2874090950658692,98,28.16609131645518,Santo Antônio do Aracanguá
2405207,RN,0.5632849590341921,50,28.1642479517096,Janduís
2509909,PB,0.380314298212875,74,28.14325806775275,Natuba
4201505,SC,0.20094557765676813,140,28.13238087194754,Armazém
3200706,ES,0.20371917977210002,138,28.113246808549803,Atílio Vivácqua
2611533,PE,0.17525181489961178,160,28.040290383937883,Quixaba
3532306,SP,0.39454083352367364,71,28.01239918018083,Natividade da Serra
3112505,MG,0.21881643349794258,128,28.00850348773665,Capim Branco
3124005,MG,0.1972346155020884,142,28.00731540129655,Ervália
4217303,SC,0.187950898926909,149,28.00468394010944,Saudades
3137536,MG,0.22036465908505462,127,27.986311703801938,Lagoa Grande
3102001,MG,0.16341474521598595,171,27.9439214319336,Alterosa
2402808,RN,0.5269189311757693,53,27.926703352315773,Coronel Ezequiel
1707306,TO,0.40441470918958844,69,27.904614934081604,Dueré
4112801,PR,0.18467074784931634,151,27.885282925246766,Joaquim Távora
4213807,SC,0.25343287406811466,110,27.877616147492613,Praia Grande
3121209,MG,0.273196510791336,102,27.866044100716273,Delfinópolis
3147600,MG,0.20484631354843114,136,27.859098642586634,Passa Quatro
3521309,SP,0.22102155145245175,126,27.84871548300892,Ipuã
3532900,SP,0.29937438245637443,93,27.84181756844282,Nova Europa
4216057,SC,0.35240791943994837,79,27.84022563575592,São Cristóvão do Sul
4315800,RS,0.4416193217405402,63,27.822017269654033,Roca Sales
5213756,GO,0.18178051381849752,153,27.812418614230122,Montividiu
3542909,SP,0.2923492229256671,95,27.773176177938378,Ribeirão Bonito
1703107,TO,0.402303087626266,69,27.758913046212353,Barrolândia
4122503,PR,0.23706062341555037,117,27.736092939619393,Roncador
2206670,PI,0.33001595489257596,84,27.721340210976383,Morro do Chapéu do Piauí
3158003,MG,0.2410451788985064,115,27.720195573328237,Santa Maria de Itabira
3162450,MG,0.47790434968760687,58,27.7184522818812,São João das Missões
3148608,MG,0.2771121404183381,100,27.71121404183381,Peçanha
2415008,RN,0.5319645957009352,52,27.662158976448634,Vila Flor
2300150,CE,0.17394508592579597,159,27.65726866220156,Acarape
3556909,SP,0.26838072371443034,103,27.643214542586325,Vista Alegre do Alto
3117876,MG,0.2878979825417014,96,27.638206324003335,Confins
4203105,SC,0.33288345998484503,83,27.629327178742138,Caibi
2604809,PE,0.2630473391477709,105,27.619970610515942,Cortês
2514453,PB,0.48453877470908335,57,27.618710158417752,São José dos Ramos
4121802,PR,0.19431135097856658,142,27.592211838956455,Ribeirão Claro
4315404,RS,0.37283160246959934,74,27.58953858275035,Redentora
1716307,TO,0.49211378660419197,56,27.55837204983475,Pau D'Arco
1703701,TO,0.4112039432382769,67,27.550664196964554,Brejinho de Nazaré
4100202,PR,0.2961102489050525,93,27.538253148169883,Adrianópolis
4210803,SC,0.35761198416788,77,27.536122780926757,Meleiro
4310405,RS,0.4047889305092981,68,27.52564727463227,Independência
4103503,PR,0.2595795297759438,106,27.51543015625004,Califórnia
3203130,ES,0.21648886579080467,127,27.494085955432194,João Neiva
2108405,MA,0.4290606019439471,64,27.459878524412613,Peri Mirim
2510204,PB,0.45753100794027823,60,27.451860476416694,Nova Olinda
4301750,RS,0.6236801614303458,44,27.441927102935214,Barão do Triunfo
3543808,SP,0.2827490325317769,97,27.42665615558236,Rinópolis
2603900,PE,0.11143150803500144,246,27.412150976610356,Carnaíba
3158904,MG,0.2191831578126972,125,27.39789472658715,Santana do Manhuaçu
4127882,PR,0.23613510980352356,116,27.391672737208733,Tunas do Paraná
3500550,SP,0.3259281194126349,84,27.37796203066133,Águas de Santa Bárbara
2804458,SE,0.47194021283136406,58,27.372532344219117,Nossa Senhora Aparecida
5221197,GO,0.23801794523401335,115,27.372063701911536,Terezópolis de Goiás
4301503,RS,0.5068858867038458,54,27.371837882007675,Augusto Pestana
4100301,PR,0.18004342972546974,152,27.3666013182714,Agudos do Sul
4321857,RS,0.4144768667299821,66,27.355473204178818,Três Palmeiras
2205581,PI,0.3598078202909174,76,27.34539434210972,Lagoa do Piauí
5000252,MS,0.2555356258763065,107,27.342311968764797,Alcinópolis
2512804,PB,0.3845282271623791,71,27.301504128528915,Riacho dos Cavalos
2301406,CE,0.1760469208417379,155,27.287272730469375,Aratuba
4304002,RS,0.44700598913718276,61,27.267365337368147,Campo Novo
1702158,TO,0.5041656234807563,54,27.224943667960844,Araguanã
1718303,TO,0.5116837495685921,53,27.11923872713538,Praia Norte
4319208,RS,0.5316679982316166,51,27.115067909812446,São Nicolau
4207700,SC,0.28540837710139655,95,27.113795824632675,Ipumirim
2706208,AL,0.4106816559007592,66,27.10498928945011,Palestina
4302006,RS,0.49274566949494897,55,27.101011822222194,Barros Cassal
5100805,MT,0.2117005927380078,128,27.097675870464997,Apiacás
2802601,SE,0.588930212663755,46,27.09078978253273,Graccho Cardoso
3168408,MG,0.21160817633551607,128,27.085846570946057,Tarumirim
3101904,MG,0.2004957795256306,135,27.066930235960132,Alpinópolis
3138625,MG,0.2941550064767606,92,27.06226059586198,Limeira do Oeste
3140506,MG,0.17764346969710265,152,27.001807393959602,Martinho Campos
3154101,MG,0.3029211897596054,89,26.959985888604884,Recreio
5107180,MT,0.2471649887853435,109,26.94098377760244,Ribeirão Cascalheira
3165552,MG,0.25413953280541846,106,26.938790477374358,Setubinha
2104305,MA,0.14631485104329317,184,26.92193259196594,Godofredo Viana
2504157,PB,0.33233713953877997,81,26.919308302641177,Casserengue
3204401,ES,0.22059681322319705,122,26.91281121323004,Rio Novo do Sul
5003108,MS,0.37367872630330723,72,26.90486829383812,Corguinho
4123808,PR,0.19496186971801846,138,26.904738021086548,Santa Izabel do Oeste
3545159,SP,0.2637702388167244,102,26.90456435930589,Saltinho
2505279,PB,0.38432888072331267,70,26.903021650631885,Curral de Cima
2103109,MA,0.29550961847957763,91,26.891375281641565,Cedral
3200169,ES,0.19190404026529737,140,26.86656563714163,Água Doce do Norte
4311981,RS,0.6548796553261806,41,26.850065868373406,Mariana Pimentel
3516002,SP,0.26849112678854137,100,26.849112678854137,Flórida Paulista
4312302,RS,0.4474702558804421,60,26.848215352826525,Miraguaí
5104906,MT,0.30155279055873485,89,26.838198359727404,Jangada
3133105,MG,0.1986878981163712,135,26.82286624571011,Itanhandu
2410504,RN,0.5572945804014016,48,26.750139859267275,Rafael Fernandes
1720499,TO,0.38193316783358966,70,26.735321748351275,São Valério
2201929,PI,0.35117722786148153,76,26.689469317472597,Bonfim do Piauí
2409506,RN,0.5129826872655723,52,26.67509973780976,Pedra Grande
4218608,SC,0.2639403788145416,101,26.6579782602687,Trombudo Central
2805208,SE,0.6198375847280286,43,26.653016143305233,Pinhão
5006259,MS,0.320515147455428,83,26.60275723880052,Novo Horizonte do Sul
4314001,RS,0.43606234155688905,61,26.599802834970234,Paraí
2203750,PI,0.2955054201511001,90,26.595487813599007,Fartura do Piauí
2111573,MA,0.38530752073509256,69,26.586218930721387,São Pedro dos Crentes
3517000,SP,0.3281033580791091,81,26.576372004407837,Getulina
3170503,MG,0.24832691587013908,107,26.57097999810488,Urucânia
3157336,MG,0.3199874804182935,83,26.55896087471836,Santa Cruz de Minas
2405504,RN,0.5644920460687752,47,26.531126165232436,Jardim de Angicos
4104402,PR,0.1880398406429494,141,26.513617530655864,Cândido de Abreu
2913309,BA,0.5752264265531241,46,26.46041562144371,Ichu
1717008,TO,0.5511658354469782,48,26.455960101454952,Pindorama do Tocantins
4112504,PR,0.2222846045044594,119,26.451867936030666,Jardim Alegre
2510006,PB,0.38885896804048325,68,26.44240982675286,Nazarezinho
2311405,CE,0.027979702194317523,945,26.440818573630057,Quixeramobim
3109709,MG,0.23392778034285444,113,26.433839178742552,Cachoeira de Minas
2501575,PB,0.36660038856814814,72,26.395227976906668,Barra de Santana
3126901,MG,0.29986140747022627,88,26.38780385737991,Frei Inocêncio
4108957,PR,0.2510441352460462,105,26.35963420083485,Guamiranga
3552304,SP,0.3712082044990951,71,26.355782519435753,Sud Mennucci
2307007,CE,0.10495748527105199,251,26.34432880303405,Jaguaruana
5106182,MT,0.23517716895916382,112,26.33984292342635,Nova Lacerda
4102604,PR,0.2508291880509036,105,26.33706474534488,Barracão
3129301,MG,0.2712994048063645,97,26.316042266217355,Iapu
4303400,RS,0.4531086267876777,58,26.28030035368531,Caiçara
3108404,MG,0.16508687241800782,159,26.248812714463245,Botelhos
3553500,SP,0.3240077568296542,81,26.244628303201992,Tapiraí
3519105,SP,0.2547910267476008,103,26.24347575500288,Iacanga
4109906,PR,0.3014164142956014,87,26.223228043717324,Icaraíma
3528809,SP,0.2219813813531632,118,26.193802999673256,Maracaí
2202059,PI,0.3150574650385962,83,26.149769598203488,Cabeceiras do Piauí
4300505,RS,0.368217597054386,71,26.143449390861406,Alpestre
4305009,RS,0.362879120672442,72,26.12729668841582,Catuípe
2701100,AL,0.22124294104588527,118,26.10666704341446,Branquinha
3145059,MG,0.37809311064545714,69,26.088424634536544,Nova Porteirinha
2506251,PB,0.241553276493381,108,26.087753861285147,Gado Bravo
2920304,BA,0.3572511293521156,73,26.07933244270444,Malhada de Pedras
3131505,MG,0.27147130184648777,96,26.061244977262824,Ipuiúna
3152170,MG,0.26584203514880445,98,26.052519444582835,Ponto dos Volantes
2111722,MA,0.31324545071678295,83,25.999372409492985,Satubinha
1703057,TO,0.4899961701369697,53,25.969797017259395,Bandeirantes do Tocantins
3509957,SP,0.3649206383194131,71,25.909365320678333,Canas
1703883,TO,0.4980008036096102,52,25.89604178769973,Carmolândia
5205455,GO,0.26974128774152617,96,25.895163623186512,Cezarina
3554706,SP,0.2725027146687341,95,25.88775789352974,Torrinha
3156007,MG,0.3081615995677393,84,25.885574363690104,Rio Vermelho
4314159,RS,0.4313145921352728,60,25.878875528116367,Paverama
2110237,MA,0.3043220169923079,85,25.86737144434617,Santana do Maranhão
3522653,SP,0.4381158062528911,59,25.848832568920574,Itapirapuã Paulista
2919058,BA,0.49685704452118257,52,25.836566315101493,Lajedo do Tabocal
4321352,RS,0.5377852076443904,48,25.813689966930742,Tavares
2108108,MA,0.10121894506120895,255,25.81083099060828,Paulo Ramos
5215009,GO,0.21150853025761795,122,25.80404069142939,Nova Veneza
3108008,MG,0.17420219687912655,148,25.78192513811073,Bom Sucesso
2313302,CE,0.052294107837265597,493,25.78099516377194,Tauá
3135357,MG,0.24057684300775095,107,25.74172220182935,Japonvar
4304671,RS,0.5146091430024814,50,25.730457150124067,Capivari do Sul
2702504,AL,0.32564839154946756,79,25.72622293240794,Dois Riachos
3526605,SP,0.38394153797886155,67,25.724083044583725,Lavrinhas
2208650,PI,0.2177729419641618,118,25.697207151771092,Queimada Nova
2413003,RN,0.49404153204013024,52,25.69015966608677,São Vicente
4128609,PR,0.26474468270003837,97,25.68023422190372,Verê
4316303,RS,0.41375497186725596,62,25.65280825576987,Roque Gonzales
3156601,MG,0.29476279558500795,87,25.64436321589569,Rubim
3113503,MG,0.29452982189697396,87,25.624094505036734,Carbonita
2200707,PI,0.2614448431396518,98,25.621594627685873,Anísio de Abreu
3109501,MG,0.18152886658193534,141,25.595570188052882,Cabo Verde
3504404,SP,0.2412109694366704,106,25.568362760287062,Avanhandava
3539004,SP,0.25291185813819084,101,25.544097671957275,Pirangi
3120151,MG,0.3359553864049031,76,25.532609366772633,Crisólita
2413706,RN,0.42549446033301624,60,25.529667619980973,Sítio Novo
1705607,TO,0.4639761640546294,55,25.518689023004615,Conceição do Tocantins
3550001,SP,0.28338047783434556,90,25.504243005091098,São Luiz do Paraitinga
3535002,SP,0.24058581712722316,106,25.502096615485655,Palestina
4313490,RS,0.47215446400348654,54,25.496341056188275,Novo Barreiro
3543253,SP,0.28620663005545327,89,25.47239007493534,Ribeirão Grande
2925931,BA,0.39786304868317834,64,25.463235115723414,Quixabeira
3170008,MG,0.27377762793065946,93,25.46131939755133,Ubaí
3302452,RJ,0.27975813930681115,91,25.457990676919813,Macuco
2101970,MA,0.22706588042119133,112,25.43137860717343,Boa Vista do Gurupi
5104542,MT,0.20665004361635825,123,25.417955364812066,Itanhangá
3514601,SP,0.28215933414549693,90,25.394340073094725,Dumont
4217907,SC,0.23953080560466558,106,25.390265394094552,Tangará
3519402,SP,0.261651634682258,97,25.380208564179025,Ibirá
4106456,PR,0.2984998945555581,85,25.37249103722244,Coronel Domingos Soares
2411700,RN,0.5509616420076933,46,25.344235532353892,São Bento do Trairí
3107505,MG,0.3208054590295004,79,25.343631263330533,Bom Jardim de Minas
2914208,BA,0.48690327211541157,52,25.3189701500014,Irajuba
2612703,PE,0.23225578532899974,109,25.31588060086097,Santa Maria do Cambucá
3304607,RJ,0.3563858593821632,71,25.30339601613359,Santa Maria Madalena
3202256,ES,0.21965604249429732,115,25.26044488684419,Governador Lindenberg
1506906,PA,0.3657179262838671,69,25.234536913586833,Santarém Novo
4303806,RS,0.35039746647059405,72,25.228617585882773,Campinas do Sul
2616506,PE,0.15736522759363744,160,25.17843641498199,Xexéu
3135506,MG,0.19666813954142143,128,25.173521861301943,Jequeri
2513158,PB,0.39888466194499816,63,25.129733702534885,Santa Cecília
3200508,ES,0.3221633634795811,78,25.128742351407325,Apiacá
4105300,PR,0.18452959149780218,136,25.096024443701097,Céu Azul
3170529,MG,0.2533031504004884,99,25.07701188964835,Urucuia
4118857,PR,0.2849180459064411,88,25.072788039766817,Perobal
2413607,RN,0.44767890002880445,56,25.070018401613048,Severiano Melo
3510708,SP,0.2341764900091173,107,25.05688443097555,Cardoso
2504504,PB,0.36294647808898606,69,25.04330698814004,Condado
5003504,MS,0.3629108920512419,69,25.040851551535688,Douradina
4300901,RS,0.5109282453195294,49,25.03548402065694,Aratiba
2500908,PB,0.36816542167342386,68,25.03524867379282,Arara
4312617,RS,0.4722560566660467,53,25.029571003300475,Muitos Capões
2305001,CE,0.03442206209820949,727,25.0248391453983,Guaraciaba do Norte
2210805,PI,0.23161518204785503,108,25.014439661168343,Simplício Mendes
3168507,MG,0.24506646941058755,102,24.99677987987993,Teixeiras
1712801,TO,0.5425297881295819,46,24.956370253960767,Maurilândia do Tocantins
4307559,RS,0.4087329573521552,61,24.93271039848147,Estação
4103206,PR,0.2831475365020686,88,24.916983212182036,Bom Sucesso
3140803,MG,0.21273600612948057,117,24.890112717149226,Matias Barbosa
3555505,SP,0.32308076255337215,77,24.877218716609654,Ubirajara
3535101,SP,0.21073769749279597,118,24.867048304149925,Palmares Paulista
4206108,SC,0.2641032140675002,94,24.825702122345017,Grão-Pará
3102100,MG,0.22773681879094212,109,24.823313248212692,Alto Rio Doce
2501708,PB,0.22970446273806747,108,24.808081975711286,Barra de São Miguel
3156809,MG,0.2156918185509098,115,24.804559133354626,Sabinópolis
4207684,SC,0.22332597705423304,111,24.789183453019866,Ipuaçu
4309902,RS,0.41965591995451307,59,24.759699277316273,Ibiraiaras
2104099,MA,0.15376859879967766,161,24.756744406748105,Formosa da Serra Negra
3553856,SP,0.33437497163308105,74,24.743747900848,Taquarivaí
3161809,MG,0.2009900212984713,123,24.72177261971197,São Gonçalo do Pará
2307403,CE,0.08612627101509111,287,24.71823978133115,Jucás
2505402,PB,0.3634539832018202,68,24.714870857723774,Desterro
3102902,MG,0.242283938341939,102,24.712961710877778,Antônio Carlos
3202108,ES,0.1143554782036298,216,24.700783291984038,Ecoporanga
2605400,PE,0.11624414765150912,212,24.643759302119932,Feira Nova
3553609,SP,0.24160190540852336,102,24.643394351669382,Tapiratiba
5105002,MT,0.2237866131598998,110,24.61652744758898,Jauru
4121752,PR,0.22775412175785825,108,24.597445149848692,Reserva do Iguaçu
3513900,SP,0.28253905075504887,87,24.58089741568925,Divinolândia
4318606,RS,0.5012005764232388,49,24.5588282447387,São José do Ouro
3131802,MG,0.20130080983949428,122,24.558698800418302,Itabirinha
2205953,PI,0.14880647763483631,165,24.55306880974799,Marcolândia
2507606,PB,0.4463021829177454,55,24.546620060476,Juarez Távora
3132206,MG,0.14954951573160635,164,24.52612057998344,Itaguara
4208005,SC,0.2754000946361036,89,24.51060842261322,Itá
4124707,PR,0.2550279637667127,96,24.482684521604423,São Jerônimo da Serra
5213707,GO,0.22665229509472742,108,24.47844787023056,Montes Claros de Goiás
3300159,RJ,0.28784684603284993,85,24.466981912792246,Aperibé
3517901,SP,0.23281361789584787,105,24.445429879064026,Guaraci
4117057,PR,0.25729277069580225,95,24.442813216101214,Nova Laranjeiras
2608602,PE,0.23492601345872968,104,24.432305399707886,Lagoa do Ouro
3128105,MG,0.21223802523213176,115,24.40737290169515,Guapé
2703007,AL,0.2871167134509368,85,24.40492064332963,Ibateguara
3521150,SP,0.32962998273079436,74,24.392618722078783,Ipiguá
3110707,MG,0.2102063995453899,116,24.383942347265226,Cambuquira
3138807,MG,0.1765705987586707,138,24.366742628696556,Luz
1717503,TO,0.5072862364255469,48,24.349739348426255,Pium
3547700,SP,0.20118573862753095,121,24.343474373931244,Santo Anastácio
3122355,MG,0.2617044165155935,93,24.338510735950194,Divisa Alegre
2111672,MA,0.4590667023224299,53,24.330535223088784,São Roberto
4312807,RS,0.39849051604233876,61,24.307921478582664,Nova Araçá
4302659,RS,0.4190622620053029,58,24.305611196307567,Brochier
3305307,RJ,0.36796476132333156,66,24.285674247339884,São Sebastião do Alto
4124806,PR,0.1958356649525758,124,24.2836224541194,São João
5100102,MT,0.28888633310251804,84,24.266451980611514,Acorizal
2310704,CE,0.059619785656118626,407,24.26525276204028,Pentecoste
2301950,CE,0.08309114682102639,292,24.262614871739707,Barreira
5106265,MT,0.24261317620560546,100,24.261317620560547,Novo Mundo
3536000,SP,0.2496559927310688,97,24.216631294913675,Parapuã
3140555,MG,0.2690558714011418,90,24.21502842610276,Mata Verde
4219853,SC,0.2988563141050016,81,24.20736144250513,Zortéa
1501253,PA,0.4652452966816478,52,24.192755427445686,Bannach
2413300,RN,0.493439059793047,49,24.178513929859303,Serra de São Bento
4207650,SC,0.18732303322397822,129,24.164671285893192,Iporã do Oeste
2514305,PB,0.35533647651950706,68,24.16288040332648,São José de Caiana
2801108,SE,0.43128749909674724,56,24.152099949417845,Canhoba
2403301,RN,0.38331830433061453,63,24.149053172828715,Encanto
2409332,RN,0.5748764044850649,42,24.144808988372727,Santa Maria
5216403,GO,0.2343779440883525,103,24.14092824110031,Paraúna
1501758,PA,0.36574611769331455,66,24.13924376775876,Brejo Grande do Araguaia
3509452,SP,0.31347219308776775,77,24.137358867758117,Campina do Monte Alegre
5002803,MS,0.32171193343523763,75,24.128395007642823,Caracol
2505600,PB,0.335006467249533,72,24.120465641966376,Diamante
2907400,BA,0.7093187362415527,34,24.116837032212793,Catolândia
3111804,MG,0.21526765410640808,112,24.109977259917706,Canápolis
2206696,PI,0.26202752178547,92,24.10653200426324,Murici dos Portelas
4123709,PR,0.2510538165256159,96,24.101166386459127,Santa Isabel do Ivaí
2102408,MA,0.3813524775298257,63,24.02520608437902,Cajapió
2612802,PE,0.1947189411797671,123,23.950429765111352,Santa Terezinha
2610202,PE,0.07849632914206149,305,23.941380388328753,Panelas
4104105,PR,0.22563328994223053,106,23.917128733876435,Campo do Tenente
3137403,MG,0.16607285550303277,144,23.91449119243672,Lagoa Dourada
3553104,SP,0.41231115775860694,58,23.914047149999202,Taiaçu
2111250,MA,0.37947492039226505,63,23.906919984712697,São José dos Basílios
4113007,PR,0.26526538478757966,90,23.87388463088217,Jussara
2411007,RN,0.4766294496555599,50,23.831472482777997,Rodolfo Fernandes
3133402,MG,0.21664249285849968,110,23.830674214434964,Itapagipe
5211008,GO,0.2677395319448259,89,23.82881834308951,Itapirapuã
4300307,RS,0.46701614948394055,51,23.81782362368097,Alecrim
5212105,GO,0.25871578953545876,92,23.801852637262208,Joviânia
1504109,PA,0.417554765550706,57,23.80062163639024,Magalhães Barata
2904803,BA,0.4664577162167237,51,23.78934352705291,Caatiba
3301801,RJ,0.3716742633426491,64,23.78715285392954,Engenheiro Paulo de Frontin
1100601,RO,0.3446685050039706,69,23.78212684527397,Cacaulândia
4128807,PR,0.27929971004258697,85,23.740475353619892,Xambrê
2310209,CE,0.03969795176910223,598,23.73937515792313,Paracuru
4310439,RS,0.4158573210170315,57,23.703867297970795,Ipê
3171709,MG,0.288453655431147,82,23.65319974535405,Virgínia
3202702,ES,0.15559086326165428,152,23.64981121577145,Itaguaçu
2401909,RN,0.5138685777840815,46,23.637954578067745,Caiçara do Rio do Vento
3124401,MG,0.25416689102957724,93,23.637520865750684,Espírito Santo do Dourado
3138104,MG,0.29526734690907935,80,23.62138775272635,Lassance
3127800,MG,0.1686618608336741,140,23.612660516714374,Grão Mogol
2513927,PB,0.3464417991769425,68,23.558042344032092,São Bentinho
5218904,GO,0.12264309289433628,192,23.547473835712566,Rubiataba
2110807,MA,0.5232554733439693,45,23.54649630047862,São Félix de Balsas
3515350,SP,0.32254832388921384,73,23.54602764391261,Euclides da Cunha Paulista
3521101,SP,0.2705547501038104,87,23.538263259031506,Ipeúna
2308377,CE,0.1452073379613882,162,23.52358874974489,Miraíma
2308500,CE,0.05134587185513919,458,23.51640930965375,Mombaça
3130051,MG,0.22822508400423827,103,23.50718365243654,Icaraí de Minas
5108352,MT,0.4273890665185642,55,23.50639865852103,Vale de São Domingos
2702108,AL,0.2582617024970464,91,23.50181492723122,Colônia Leopoldina
1703867,TO,0.40485313691034974,58,23.481481940800286,Cariri do Tocantins
3114006,MG,0.2005995275039575,117,23.470144717963027,Carmo da Mata
3106002,MG,0.24960168506775474,94,23.462558396368944,Bela Vista de Minas
2501203,PB,0.257614100992309,91,23.44288319030012,Areial
3126208,MG,0.20195086313860797,116,23.426300124078523,Formoso
4201000,SC,0.21892297786859585,107,23.424758631939756,Anita Garibaldi
3548609,SP,0.27872904251376723,84,23.41323957115645,São Bento do Sapucaí
2101103,MA,0.288869896677039,81,23.39846163084016,Axixá
4124004,PR,0.2956485305994019,79,23.35623391735275,Santana do Itararé
2209203,PI,0.2653539765307752,88,23.351149934708218,Santa Filomena
3534906,SP,0.3111628990549751,75,23.33721742912313,Pacaembu
3305901,RJ,0.2844888277224525,82,23.328083873241106,Trajano de Moraes
2103158,MA,0.16781954964282608,139,23.326917400352826,Centro do Guilherme
3155405,MG,0.2987638499462606,78,23.303580295808327,Rio Novo
1718550,TO,0.38838553800102693,60,23.303132280061615,Riachinho
3530201,SP,0.21575688952498398,108,23.30174406869827,Mirante do Paranapanema
1101203,RO,0.2876201364355886,81,23.297231051282676,Ministro Andreazza
5100359,MT,0.27733125601762976,84,23.2958255054809,Alto Boa Vista
4126272,PR,0.21152642160990345,110,23.26790637708938,Saudade do Iguaçu
5217203,GO,0.23479162628071146,99,23.244371001790434,Piranhas
4202701,SC,0.26396777911132313,88,23.229164561796434,Botuverá
3541901,SP,0.27979425081702736,83,23.22292281781327,Queluz
5220504,GO,0.2637237911934466,88,23.2076936250233,Serranópolis
3532801,SP,0.28644386473404826,81,23.20195304345791,Nova Aliança
5102850,MT,0.269727288014504,86,23.196546769247345,Castanheira
3135605,MG,0.26645914288072126,87,23.18194543062275,Jequitaí
3202504,ES,0.21256622675788872,109,23.16971871660987,Ibiraçu
4107751,PR,0.2433699519976119,95,23.120145439773133,Figueira
4305900,RS,0.4446123881693968,52,23.119844184808635,Coronel Bicaco
3142601,MG,0.20982303824847082,110,23.08053420733179,Monsenhor Paulo
2512754,PB,0.3844435489126448,60,23.066612934758687,Riachão do Bacamarte
4301859,RS,0.5125177712107303,45,23.063299704482862,Barra do Guarita
3556602,SP,0.29170290905608487,79,23.044529815430703,Vera Cruz
1707207,TO,0.4115026373147045,56,23.04414768962345,Dois Irmãos do Tocantins
3509304,SP,0.2838394751241593,81,22.9909974850569,Cajobi
2512762,PB,0.4098291471954275,56,22.95043224294394,Riachão do Poço
1707553,TO,0.3697546173270698,62,22.92478627427833,Fátima
3523800,SP,0.28652964983490803,80,22.92237198679264,Itobi
1100296,RO,0.24638270486136526,93,22.91359155210697,Santa Luzia D'Oeste
3103751,MG,0.24110778254370024,95,22.905239341651523,Araporã
5101852,MT,0.19235960868888025,119,22.89079343397675,Bom Jesus do Araguaia
2304103,CE,0.031813970649320164,719,22.874244896861196,Crateús
2414456,RN,0.6173390706042161,37,22.841545612355997,Triunfo Potiguar
3129608,MG,0.2258499380024433,101,22.810843738246774,Ibiaí
2302909,CE,0.13577061829601314,168,22.80946387373021,Capistrano
3118700,MG,0.21313607418161082,107,22.805559937432356,Coqueiral
3161007,MG,0.1701802855041111,134,22.80415825755089,São Domingos do Prata
5200555,GO,0.2171499741810141,105,22.80074728900648,Alto Horizonte
2200103,PI,0.25328220772417376,90,22.79539869517564,Agricolândia
1708254,TO,0.39300331527083815,58,22.79419228570861,Tabocão
3514304,SP,0.268162770849114,85,22.79383552217469,Dourado
2105989,MA,0.3078272808780801,74,22.779218784977928,Lajeado Novo
4308078,RS,0.4296164562876594,53,22.769672183245948,Fazenda Vilanova
3128808,MG,0.26782514887953135,85,22.765137654760164,Guidoval
4322103,RS,0.49431769493039207,46,22.738613966798034,Tucunduva
2413409,RN,0.5679097329138272,40,22.716389316553087,Serra Negra do Norte
5220207,GO,0.08942972413565874,254,22.71514993045732,São Miguel do Araguaia
3302304,RJ,0.41293887095702086,55,22.71163790263615,Laje do Muriaé
2508000,PB,0.3388565820347211,67,22.703390996326313,Juru
3112802,MG,0.19910893471729618,114,22.698418557771763,Capitólio
3205150,ES,0.28013247574128775,81,22.690730535044306,Vila Pavão
4108700,PR,0.30239700306512174,75,22.679775229884132,Grandes Rios
2406809,RN,0.4921288175463214,46,22.637925607130782,Lajes Pintadas
4206405,SC,0.18397218858680495,123,22.628579196177007,Guaraciaba
3146909,MG,0.16154900890747453,140,22.616861247046433,Papagaios
3136959,MG,0.3533291764200567,64,22.613067290883627,Juvenília
2104081,MA,0.31816104225164543,71,22.589433999866827,Fernando Falcão
3162609,MG,0.2351796082243511,96,22.577242389537705,São João do Oriente
2106003,MA,0.14752294807764418,153,22.57101105587956,Lima Campos
4115309,PR,0.2594365368627188,87,22.570978707056536,Mariópolis
4122008,PR,0.13196697061152943,171,22.566351974571532,Rio Azul
3124500,MG,0.19287194207568087,117,22.56601722285466,Estiva
3550803,SP,0.2718699590823449,83,22.565206603834625,São Sebastião da Grama
1703206,TO,0.38194512092127614,59,22.534762134355294,Bernardo Sayão
2200301,PI,0.1861703298886999,121,22.526609916532685,Alto Longá
2408508,RN,0.3815006190577701,59,22.508536524408438,Ouro Branco
4116059,PR,0.18746455994300212,120,22.495747193160256,Missal
4112959,PR,0.28471088112444515,79,22.492159608831166,Juranda
5201504,GO,0.26761452317804185,84,22.479619946955516,Aporé
4317004,RS,0.5482657075384412,41,22.47889400907609,Santana da Boa Vista
1721109,TO,0.4322578975182948,52,22.47741067095133,Tocantínia
2412401,RN,0.4577154564560681,49,22.428057366347335,São José do Seridó
2311603,CE,0.061937812573901074,362,22.42148815175219,Redenção
3144359,MG,0.2830638056351209,79,22.362040645174552,Naque
3548203,SP,0.25092689825722964,89,22.332493944893436,Santo Antônio do Pinhal
3131604,MG,0.24803843603268746,90,22.323459242941873,Iraí de Minas
2408607,RN,0.5579592972662126,40,22.318371890648507,Paraná
3516903,SP,0.25898173827676363,86,22.272429491801674,General Salgado
4314076,RS,0.3648805998460008,61,22.257716590606048,Passo do Sobrado
3133204,MG,0.1885110186819406,118,22.24430020446899,Itanhomi
3518107,SP,0.3222933225065121,69,22.238239252949334,Guarantã
2912608,BA,0.6945820103297169,32,22.22662433055094,Ibiquera
5007307,MS,0.31301848114686204,71,22.224312161427203,Rio Negro
4308003,RS,0.4443858436272537,50,22.219292181362686,Faxinal do Soturno
2412807,RN,0.6154940819893778,36,22.157786951617602,São Rafael
3534203,SP,0.3406583272066459,65,22.142791268431985,Orindiúva
2210938,PI,0.2912897906938273,76,22.138024092730877,Sussuapara
3112901,MG,0.20296255928648393,109,22.12291896222675,Caputira
2310258,CE,0.04608267035518008,480,22.119681770486437,Paraipaba
3146750,MG,0.2763747440291376,80,22.109979522331006,Palmópolis
4300034,RS,0.45087307583330866,49,22.092780715832124,Aceguá
4202438,SC,0.39450268750023454,56,22.092150500013133,Bocaina do Sul
2309508,CE,0.1018061216585083,217,22.0919283998963,Orós
4312153,RS,0.37436075019252635,59,22.087284261359056,Mato Leitão
2312304,CE,0.03988316502727625,553,22.055390260083765,São Benedito
4308409,RS,0.408421633312719,54,22.054768198886826,Formigueiro
2922730,BA,0.6485413896776543,34,22.050407249040244,Nova Fátima
2918704,BA,0.4408909759445197,50,22.044548797225985,Lafaiete Coutinho
3144656,MG,0.23662797388932688,93,22.0064015717074,Ninheira
3104304,MG,0.14965065997110064,147,21.998647015751793,Areado
2311355,CE,0.11109244286405395,198,21.996303687082683,Quixelô
4308706,RS,0.3488303500947214,63,21.976312055967448,Gaurama
3505104,SP,0.32307516049523144,68,21.96911091367574,Barbosa
3150703,MG,0.23854191562714722,92,21.945856237697544,Pirajuba
3536109,SP,0.30457943609263594,72,21.92971939866979,Pardinho
2905156,BA,0.5770394847486713,38,21.92750042044951,Caetanos
5106000,MT,0.26096104024398126,84,21.920727380494426,Nortelândia
2412104,RN,0.3223596033547138,68,21.92045302812054,São João do Sabugi
1101468,RO,0.37142183021845787,59,21.913887982889015,Pimenteiras do Oeste
2104651,MA,0.2768627208949822,79,21.872154950703592,Governador Newton Bello
3506409,SP,0.2601049725788741,84,21.848817696625424,Bilac
2502003,PB,0.4045383678347883,54,21.84507186307857,Belém do Brejo do Cruz
4319158,RS,0.44383233015609735,49,21.74778417764877,São Miguel das Missões
4312450,RS,0.4831982693562546,45,21.743922121031456,Morro Redondo
4205209,SC,0.297679471199195,73,21.730601397541236,Erval Velho
2515104,PB,0.3681148883042126,59,21.71877840994854,São Sebastião de Lagoa de Roça
4313037,RS,0.34472926122351655,63,21.717943457081542,Nova Esperança do Sul
3204252,ES,0.22851625690971075,95,21.70904440642252,Ponto Belo
4128633,PR,0.26793782141573663,81,21.702963534674666,Doutor Ulysses
4214508,SC,0.22136843366510103,98,21.694106499179902,Rio do Campo
3524907,SP,0.3335916499945974,65,21.683457249648832,Jambeiro
3164209,MG,0.22347741653796901,97,21.677309404182996,São Romão
3532702,SP,0.27090109316474453,80,21.672087453179564,Nipoã
3204500,ES,0.19872927905513343,109,21.661491417009543,Santa Leopoldina
3160454,MG,0.23265418741361713,93,21.63683942946639,Santo Antônio do Retiro
3148756,MG,0.20410181403346342,106,21.63479228754712,Pedra Bonita
2209872,PI,0.33802702799590123,64,21.63372979173768,São João da Fronteira
3153509,MG,0.24288699256266558,89,21.616942338077237,Alto Jequitibá
3527009,SP,0.27713834996685904,78,21.616791297415006,Lindóia
3132909,MG,0.20360802368352027,106,21.58245051045315,Itamogi
4200408,SC,0.27318714425502116,79,21.581784396146674,Água Doce
2105922,MA,0.1909621324038438,113,21.57872096163435,Lagoa do Mato
3164308,MG,0.2423766258037697,89,21.571519696535503,São Roque de Minas
2807303,SE,0.4901864649726744,44,21.568204458797673,Telha
3166709,MG,0.3315201062685684,65,21.54880690745695,Serra dos Aimorés
4314423,RS,0.3703710227475693,58,21.48151931935902,Picada Café
2403202,RN,0.44719146821415584,48,21.46519047427948,Doutor Severiano
2924900,BA,0.5501389749411532,39,21.455420022704974,Planaltino
4307203,RS,0.39725814956019767,54,21.451940076250676,Erval Grande
4103800,PR,0.22819812246823298,94,21.4506235120139,Cambira
2200202,PI,0.09930376235028342,216,21.449612667661217,Água Branca
3505351,SP,0.310770558832001,69,21.44316855940807,Barra do Chapéu
4309506,RS,0.40450993238683236,53,21.439026416502116,Guarani das Missões
3123908,MG,0.15980950499852542,134,21.414473669802405,Entre Rios de Minas
4323457,RS,0.45521101373403994,47,21.394917645499877,Vila Nova do Sul
4307302,RS,0.39583034363177527,54,21.374838556115865,Erval Seco
3124906,MG,0.31897166474710603,67,21.371101538056106,Eugenópolis
4200309,SC,0.27047647644430256,79,21.3676416390999,Agronômica
4319307,RS,0.4101640166576871,52,21.32852886619973,São Paulo das Missões
2919959,BA,0.4535841798936039,47,21.31845645499938,Maetinga
5207808,GO,0.2421761617706957,88,21.311502235821223,Firminópolis
3550506,SP,0.23672437945125924,90,21.30519415061333,São Pedro do Turvo
3527702,SP,0.31780892442067454,67,21.293197936185194,Luiziânia
2205003,PI,0.19877466906851607,107,21.26888959033122,Itainópolis
4320552,RS,0.4010244122004539,53,21.254293846624055,Sertão Santana
5215306,GO,0.17413735163424066,122,21.24475689937736,Orizona
3547908,SP,0.29500906918803516,72,21.24065298153853,Santo Antônio da Alegria
3544202,SP,0.2212216400955055,96,21.237277449168527,Riolândia
5105234,MT,0.26862595579977033,79,21.221450508181857,Lambari D'Oeste
2201051,PI,0.22573999805780512,94,21.21955981743368,Assunção do Piauí
3109451,MG,0.3116069583743441,68,21.189273169455397,Cabeceira Grande
2900504,BA,0.5570995297503657,38,21.169782130513898,Érico Cardoso
4311718,RS,0.503860060027141,42,21.162122521139924,Maçambará
2602407,PE,0.1973356459673864,107,21.114914118510345,Brejão
4216107,SC,0.19888031864978123,106,21.08131377687681,São Domingos
3514007,SP,0.21503952364596482,98,21.073873317304553,Dobrada
5006275,MS,0.20429304438606252,103,21.04218357176444,Paraíso das Águas
2403756,RN,0.4889949893728996,43,21.026784543034683,Fernando Pedroza
2504702,PB,0.39672974710735054,53,21.02667659668958,Congo
4309803,RS,0.42022953504375077,50,21.011476752187537,Ibiaçá
2700805,AL,0.3442563328719537,61,20.999636305189174,Belém
3512100,SP,0.26895633333658137,78,20.978594000253345,Colômbia
4301651,RS,0.4280452534715744,49,20.974217420107145,Barão
4202503,SC,0.4452879309150202,47,20.92853275300595,Bom Jardim da Serra
3202009,ES,0.1893156978083778,110,20.824726758921557,Dores do Rio Preto
4316501,RS,0.33585869656234096,62,20.82323918686514,Salvador do Sul
3201704,ES,0.1706583561643164,122,20.8203194520466,Conceição do Castelo
4303608,RS,0.48389777142024726,43,20.807604171070633,Cambará do Sul
4215679,SC,0.1974410094947992,105,20.731305996953918,Santa Terezinha
5222005,GO,0.11387349619490712,182,20.724976307473096,Vianópolis
4112405,PR,0.19732136063324976,105,20.718742866491226,Japurá
5205471,GO,0.10674069513378705,194,20.70769485595469,Chapadão do Céu
3113909,MG,0.19901914028598983,104,20.697990589742943,Carmo da Cachoeira
3120201,MG,0.15790959348624461,131,20.686156746698046,Cristais
2201101,PI,0.36286078632787677,57,20.683064820688976,Avelino Lopes
2413557,RN,0.44944650910807377,46,20.674539418971392,Serrinha dos Pintos
2513604,PB,0.38209729700850337,54,20.63325403845918,Santana dos Garrotes
2702009,AL,0.2217083631423684,93,20.61887777224026,Coité do Nóia
3541059,SP,0.3077277217085178,67,20.617757354470694,Pratânia
2209005,PI,0.3680442089538496,56,20.610475701415577,Rio Grande do Piauí
3534807,SP,0.22900058123841097,90,20.610052311456986,Ouro Verde
4118600,PR,0.26072341585913855,79,20.597149852871944,Paula Freitas
4204905,SC,0.24506055858108974,84,20.585086920811538,Descanso
3519501,SP,0.28186821163884834,73,20.57637944963593,Ibirarema
4109757,PR,0.2737237670828658,75,20.529282531214932,Ibema
2100873,MA,0.15534416313472071,132,20.505429533783133,Araguanã
2202554,PI,0.27338151694387186,75,20.50361377079039,Caridade do Piauí
4319109,RS,0.39428557610719905,52,20.50284995757435,São Martinho
5204805,GO,0.20707831876215443,99,20.50075355745329,Campo Alegre de Goiás
3157104,MG,0.3104732295647358,66,20.49123315127256,Salto da Divisa
3517802,SP,0.3350775165762495,61,20.43972851115122,Guaraçaí
4322533,RS,0.4645237242643799,44,20.439043867632716,Vale do Sol
2206704,PI,0.3346140754404423,61,20.41145860186698,Nazaré do Piauí
3154200,MG,0.21041894138710726,97,20.410637314549405,Resende Costa
3200300,ES,0.1607054935721146,127,20.409597683658557,Alfredo Chaves
4114708,PR,0.2997077202723506,68,20.38012497851984,Maria Helena
3531704,SP,0.3134954042250771,65,20.37720127463001,Monteiro Lobato
2202653,PI,0.3339443917345122,61,20.370607895805243,Caxingó
3100302,MG,0.181697287422228,112,20.350096191289534,Abre Campo
5204854,GO,0.14406631321630503,141,20.31335016349901,Campo Limpo de Goiás
2502102,PB,0.42292012882794183,48,20.300166183741208,Boa Ventura
3547007,SP,0.23299229369829869,87,20.270329551751985,Santa Maria da Serra
4107504,PR,0.19481911061534515,104,20.261187503995895,Engenheiro Beltrão
4103040,PR,0.3114428713242357,65,20.24378663607532,Boa Ventura de São Roque
3118205,MG,0.27717872508712504,73,20.23404693136013,Conquista
5222054,GO,0.16582759662092703,122,20.230966787753097,Vicentinópolis
2106201,MA,0.1769985036646534,114,20.177829417770486,Luís Domingues
2208106,PI,0.2922843738180727,69,20.167621793447015,Pimenteiras
4118105,PR,0.2121560353760468,95,20.154823360724446,Paranacity
2502607,PB,0.35330787965690047,57,20.138549140443327,Igaracy
3123528,MG,0.2580000756667657,78,20.124005902007724,Durandé
4125753,PR,0.22359943628278187,90,20.123949265450367,São Pedro do Iguaçu
3554409,SP,0.2545782849244235,79,20.11168450902946,Terra Roxa
5103452,MT,0.1897215482292071,106,20.11048411229595,Denise
3530904,SP,0.29545567047163557,68,20.09098559207122,Mombuca
3519253,SP,0.36497208225672073,55,20.07346452411964,Iaras
3109105,MG,0.1987131986958442,101,20.070033068280264,Bueno Brandão
3555109,SP,0.17449899748802838,115,20.067384711123264,Tupi Paulista
3166204,MG,0.20871844655697883,96,20.036970869469968,Senhora dos Remédios
2312205,CE,0.047797048291044336,419,20.026963233947576,Santa Quitéria
3550902,SP,0.2598855579102824,77,20.011187959091743,São Simão
4300851,RS,0.526348576068874,38,20.00124589061721,Arambaré
3504800,SP,0.2739738953881242,73,20.00009436333307,Bálsamo
1710904,TO,0.40807786835597615,49,19.99581554944283,Itapiratins
3171600,MG,0.194108010202297,103,19.993125050836593,Virgem da Lapa
3112109,MG,0.2595860978049134,77,19.98812953097833,Caparaó
4309555,RS,0.36340673673234425,55,19.987370520278933,Harmonia
2202174,PI,0.2658509692334406,75,19.938822692508044,Campo Largo do Piauí
4319356,RS,0.36246304560740994,55,19.935467508407548,São Pedro da Serra
5104203,MT,0.17953359506804834,111,19.928229052553366,Guiratinga
4311502,RS,0.5385675057589785,37,19.926997713082205,Lavras do Sul
3133758,MG,0.13646192158295498,146,19.923440551111426,Itaú de Minas
2204204,PI,0.3493808266622491,57,19.9147071197482,Francisco Santos
3129657,MG,0.3160343959256257,63,19.91016694331442,Ibiracatu
4209508,SC,0.28416204333377915,70,19.89134303336454,Laurentino
2210623,PI,0.3313072793743411,60,19.878436762460467,Sebastião Barros
4215307,SC,0.2422885485082855,82,19.86766097767941,Salete
3536802,SP,0.42230744191235814,47,19.848449769880833,Pedra Bela
4108007,PR,0.2961550017857193,67,19.842385119643193,Florestópolis
3528601,SP,0.264448445145313,75,19.833633385898477,Manduri
2201770,PI,0.3250092882411688,61,19.825566582711296,Boa Hora
2508802,PB,0.3045991706634651,65,19.79894609312523,Malta
2503605,PB,0.35314077239085456,56,19.775883253887855,Caiçara
3543600,SP,0.38738525699445303,51,19.756648106717105,Rifaina
4204400,SC,0.17149014379223598,115,19.721366536107137,Coronel Freitas
2616183,PE,0.17918217408504783,110,19.71003914935526,Vertente do Lério
2507804,PB,0.2557049380522799,77,19.689280230025552,Junco do Seridó
2111631,MA,0.3511972099373497,56,19.667043756491584,São Raimundo do Doca Bezerra
4304952,RS,0.4794025024199975,41,19.655502599219897,Caseiros
3128402,MG,0.22076779953182832,89,19.64833415833272,Guarani
4125209,PR,0.1853605392314037,106,19.64821715852879,São Jorge d'Oeste
4108205,PR,0.19835628517161796,99,19.637272231990178,Formosa do Oeste
4314456,RS,0.4671938583851424,42,19.62214205217598,Pinhal
1720309,TO,0.4174375288225185,47,19.61956385465837,São Sebastião do Tocantins
4313102,RS,0.43591276717234384,45,19.616074522755472,Nova Palma
4312203,RS,0.38458918776153794,51,19.614048575838435,Maximiliano de Almeida
3117900,MG,0.19999544303035866,98,19.599553416975148,Congonhal
3533601,SP,0.2647754665117736,74,19.593384521871243,Nuporanga
2104503,MA,0.20403257459636367,96,19.587127161250912,Governador Archer
2604155,PE,0.15519064813686448,126,19.554021665244925,Casinhas
2607703,PE,0.1576922014323912,124,19.55383297761651,Itapetim
2203800,PI,0.3310889284807016,59,19.534246780361393,Flores do Piauí
4102505,PR,0.23789644613809324,82,19.507508583323645,Barbosa Ferraz
4115358,PR,0.24375300682254056,80,19.500240545803244,Maripá
3542008,SP,0.2632501635246096,74,19.480512100821112,Quintana
2404002,RN,0.4634012345073833,42,19.4628518493101,Frutuoso Gomes
3120300,MG,0.2904800866702395,67,19.462165806906047,Cristália
3519808,SP,0.2738921753166087,71,19.446344447479216,Icém
3109204,MG,0.2128579610651191,91,19.37007445692584,Buenópolis
2516409,PB,0.3338105976750245,58,19.361014665151423,Tacima
2508554,PB,0.26517953015812445,73,19.358105701543085,Logradouro
3125002,MG,0.28886414392571935,67,19.353897643023195,Ewbank da Câmara
4316956,RS,0.386721100460978,50,19.3360550230489,Santa Maria do Herval
3553906,SP,0.2510325747854346,77,19.329508258478466,Tarabai
4203154,SC,0.2877766202393088,67,19.281033556033687,Calmon
2204105,PI,0.33234181295713844,58,19.27582515151403,Francisco Ayres
2900108,BA,0.5665115051655722,34,19.261391175629456,Abaíra
3149101,MG,0.1944034972593728,99,19.24594622867791,Pedralva
5102694,MT,0.22317664126777967,86,19.19319114902905,Canabrava do Norte
2403707,RN,0.4082670731766531,47,19.188552439302697,Felipe Guerra
2407252,RN,0.3687846075838861,52,19.176799594362077,Major Sales
3126604,MG,0.3141292013772014,61,19.161881284009286,Francisco Dumont
5204409,GO,0.1252363616994113,153,19.161163340009928,Caiapônia
3116100,MG,0.30901771921901683,62,19.159098591579042,Chapada do Norte
2406007,RN,0.47833223172572736,40,19.133289269029095,José da Penha
4210308,SC,0.23620817110740985,81,19.1328618597002,Major Vieira
4127007,PR,0.14929034597777147,128,19.109164285154748,Teixeira Soares
5205802,GO,0.18545914683832707,103,19.102292124347688,Corumbá de Goiás
4114906,PR,0.17851495165508433,107,19.10109982709402,Marilândia do Sul
4214904,SC,0.21952107346542468,87,19.09833339149195,Rio Fortuna
2615904,PE,0.1565162062278665,122,19.09497715979971,Tuparetama
5106653,MT,0.3182389020662785,60,19.094334123976708,Pontal do Araguaia
2310001,CE,0.2219408663237458,86,19.086914503842138,Palhano
2922755,BA,0.5021381833487445,38,19.08125096725229,Nova Ibiá
5220603,GO,0.10596081960636233,180,19.07294752914522,Silvânia
4320305,RS,0.38138139149451145,50,19.06906957472557,Selbach
4120705,PR,0.1831381556638405,104,19.046368189039413,Quatiguá
2609105,PE,0.1389822330428764,137,19.040565926874066,Machados
3164472,MG,0.22914713803199926,83,19.01921245665594,São Sebastião do Anta
5103106,MT,0.24382195701058818,78,19.018112646825877,Cocalinho
3554904,SP,0.23734520076246501,80,18.9876160609972,Três Fronteiras
4127957,PR,0.1977546183232234,96,18.98444335902945,Tupãssi
3534005,SP,0.3060818427905325,62,18.977074253013015,Onda Verde
2307205,CE,0.20384215549826987,93,18.957320461339098,Jati
2616100,PE,0.3008970826329406,63,18.95651620587526,Verdejante
3534104,SP,0.33246996539240503,57,18.950788027367086,Oriente
3546900,SP,0.27812753907148474,68,18.912672656860963,Santa Lúcia
3131109,MG,0.2424156541553301,78,18.908421024115746,Inimutaba
2410801,RN,0.5252170043132562,36,18.907812155277224,Riacho de Santana
2505204,PB,0.5107462717654669,37,18.897612055322277,Cuitegi
2411601,RN,0.49677361751813526,38,18.87739746568914,São Bento do Norte
3115904,MG,0.34313307737870324,55,18.87231925582868,Chácara
3507704,SP,0.2620951768593943,72,18.87085273387639,Braúna
2505352,PB,0.3560509268994393,53,18.87069912567028,Damião
4312377,RS,0.5548664949275178,34,18.865460827535607,Monte Alegre dos Campos
1718501,TO,0.43799266545498683,43,18.833684614564433,Recursolândia
3142403,MG,0.22412091536782824,84,18.826156890897572,Moema
1713957,TO,0.5226870605809997,36,18.816734180915986,Muricilândia
4204350,SC,0.2611196366014682,72,18.80061383530571,Cordilheira Alta
2100402,MA,0.25753378628428036,73,18.799966398752467,Altamira do Maranhão
3159357,MG,0.29371568752436017,64,18.79780400155905,Santa Rita de Minas
3104601,MG,0.13417096303090575,140,18.783934824326806,Astolfo Dutra
3127206,MG,0.3077747849798951,61,18.7742618837736,Funilândia
4110003,PR,0.31280602127596535,60,18.768361276557922,Iguaraçu
4307104,RS,0.45753762054264,41,18.75904244224824,Herval
4212700,SC,0.23740767583377068,79,18.755206390867883,Petrolândia
4126702,PR,0.30745631581880006,61,18.754835264946802,Tamboara
3127305,MG,0.29302767510090766,64,18.75377120645809,Galiléia
4123907,PR,0.19943272885660493,94,18.746676512520864,Santa Mariana
4310504,RS,0.4164214520552048,45,18.738965342484217,Iraí
3102852,MG,0.17511677348666269,107,18.737494763072906,Angelândia
3123809,MG,0.2400833389594551,78,18.726500438837498,Engenheiro Navarro
2313609,CE,0.041694969374055584,449,18.721041248950957,Ubajara
2607406,PE,0.3465620257850197,54,18.714349392391064,Itacuruba
3517307,SP,0.22011824732362698,85,18.710051022508292,Guaimbê
4200507,SC,0.2562921206380179,73,18.709324806575307,Águas de Chapecó
4107736,PR,0.2125966293798018,88,18.70850338542256,Fernandes Pinheiro
5106802,MT,0.23369390947002772,80,18.695512757602216,Porto dos Gaúchos
5205521,GO,0.26311267250510245,71,18.680999747862273,Colinas do Sul
3134806,MG,0.1924768498494298,97,18.670254435394693,Jacuí
4210704,SC,0.42423737400317746,44,18.666444456139807,Matos Costa
3102704,MG,0.2303706007807099,81,18.6600186632375,Cachoeira de Pajeú
5104559,MT,0.2169461762301541,86,18.657371155793253,Itaúba
2308005,CE,0.03860750675181552,483,18.647425761126897,Massapê
1705557,TO,0.3389165216683325,55,18.64040869175829,Combinado
2404101,RN,0.49034147647261234,38,18.63297610595927,Galinhos
2209971,PI,0.15012976345695855,124,18.61609066866286,São João do Arraial
4111555,PR,0.24453000388192275,76,18.58428029502613,Ivaté
3119500,MG,0.2509755992484183,74,18.572194344382954,Coronel Murta
3525409,SP,0.3375633394207608,55,18.565983668141843,Jeriquara
4218103,SC,0.22635665180245035,82,18.56124544780093,Timbé do Sul
4300638,RS,0.48825758846436607,38,18.55378836164591,Amaral Ferrador
4311601,RS,0.3784900503313995,49,18.546012466238576,Liberato Salzano
3151305,MG,0.1766235335117818,105,18.54547101873709,Piraúba
5217708,GO,0.11925965831380043,155,18.485247038639066,Pontalina
2602506,PE,0.16644637520752986,111,18.475547648035814,Brejinho
2805000,SE,0.4992210910773609,37,18.471180369862353,Pedra Mole
4304713,RS,0.3769481646019334,49,18.470460065494738,Caraá
5208905,GO,0.11611793623525166,159,18.462751861405014,Goiás
1718006,TO,0.48562580016225493,38,18.453780406165688,Porto Alegre do Tocantins
3144508,MG,0.18089698285932662,102,18.451492251651317,Nazareno
3507159,SP,0.3293740048399932,56,18.444944271039617,Bom Sucesso de Itararé
2514206,PB,0.26337928595348115,70,18.43655001674368,São José da Lagoa Tapada
2411429,RN,0.5119915194524041,36,18.431694700286545,Santana do Seridó
1100031,RO,0.30198565746129236,61,18.421125105138834,Cabixi
5204102,GO,0.1752892830514574,105,18.405374720403028,Cachoeira Alta
4213302,SC,0.3408347760374379,54,18.405077906021646,Ponte Alta
4318481,RS,0.3830576564361281,48,18.38676750893415,São José do Hortêncio
3156452,MG,0.25536243994390667,72,18.38609567596128,Rosário da Limeira
2400406,RN,0.4483036635273254,41,18.38045020462034,Água Nova
2606903,PE,0.1894612307543379,97,18.377739383170777,Iguaracy
3126802,MG,0.244904113354059,75,18.367808501554425,Frei Gaspar
5103601,MT,0.20113303006743213,91,18.303105736136324,Dom Aquino
3503505,SP,0.3891874513031589,47,18.291810211248468,Areias
4301800,RS,0.3808034342198623,48,18.27856484255339,Barracão
1718881,TO,0.43479751830869906,42,18.26149576896536,Santa Maria do Tocantins
3140530,MG,0.19217972059805347,95,18.25707345681508,Martins Soares
2311504,CE,0.09310283114970805,196,18.248154905342776,Quixeré
2601300,PE,0.14030938727813505,130,18.240220346157557,Barra de Guabiraba
3512605,SP,0.372242922778642,49,18.239903216153458,Coronel Macedo
3535705,SP,0.2529827900777982,72,18.21476088560147,Paraíso
4312609,RS,0.5056232362077475,36,18.20243650347891,Muçum
2205565,PI,0.2526602726203583,72,18.191539628665797,Lagoa do Barro do Piauí
1717800,TO,0.5050414294585,36,18.181491460506,Ponte Alta do Bom Jesus
3125606,MG,0.2669735704690974,68,18.154202791898626,Felisburgo
1711100,TO,0.5184475384563678,35,18.145663845972873,Itaporã do Tocantins
3523701,SP,0.2746968602431151,66,18.129992776045597,Itirapuã
4200606,SC,0.18687989970956298,97,18.12735027182761,Águas Mornas
4120002,PR,0.17258987025306688,105,18.121936376572023,Porecatu
3147709,MG,0.22640196225018508,80,18.112156980014806,Passa Tempo
3138906,MG,0.23827886860558617,76,18.10919401402455,Machacalis
3161908,MG,0.10462757503250526,173,18.10057048062341,São Gonçalo do Rio Abaixo
2204550,PI,0.22345303066029387,81,18.099695483483803,Guaribas
4109500,PR,0.3850613442310005,47,18.097883178857025,Guaraqueçaba
4108908,PR,0.215295416927087,84,18.084815021875308,Guairaçá
2801603,SE,0.475652087467339,38,18.074779323758882,Cedro de São João
2400604,RN,0.44055625379036684,41,18.06280640540504,Almino Afonso
4322525,RS,0.42987773736444124,42,18.054864969306532,Vale Verde
4126207,PR,0.20060538204132458,90,18.054484383719213,Sapopema
4128401,PR,0.27345652520221025,66,18.048130663345876,Uraí
2407609,RN,0.5819001669609779,31,18.038905175790315,Messias Targino
3168804,MG,0.26496480565133457,68,18.017606784290752,Tiradentes
4314027,RS,0.4285621598278939,42,17.999610712771545,Paraíso do Sul
2210656,PI,0.21948969856159178,82,17.998155282050526,Sigefredo Pacheco
3544806,SP,0.25699679347905424,70,17.989775543533796,Sales
2203305,PI,0.2219466476001849,81,17.977678455614978,Demerval Lobão
2209658,PI,0.33913692001637974,53,17.974256760868126,São Francisco de Assis do Piauí
3139250,MG,0.2942824605180695,61,17.95123009160224,Mamonas
3156304,MG,0.2110832434646999,85,17.94207569449949,Rodeiro
3115458,MG,0.26367298387223215,68,17.929762903311786,Catuji
3101805,MG,0.2938659845108982,61,17.92582505516479,Alpercata
3169109,MG,0.1614731891057195,111,17.923523990734864,Toledo
3131000,MG,0.23896629494501223,75,17.922472120875916,Inhaúma
3162203,MG,0.188647104233019,95,17.921474902136804,São João Batista do Glória
4124509,PR,0.22395149223937585,80,17.916119379150068,Santo Inácio
4315149,RS,0.38116287446933583,47,17.914655100058784,Presidente Lucena
2803104,SE,0.5966853889265629,30,17.900561667796886,Itabi
2209708,PI,0.24859385282077687,72,17.898757403095935,São Francisco do Piauí
2411908,RN,0.4064762434660434,44,17.88495471250591,São Francisco do Oeste
3536406,SP,0.1752246638687589,102,17.87291571461341,Paulicéia
4107306,PR,0.2790340028302824,64,17.858176181138074,Doutor Camargo
4200804,SC,0.2260517302924376,79,17.85808669310257,Anchieta
4311254,RS,0.35011505376625557,51,17.855867742079035,Lagoão
4106704,PR,0.24434594667877893,73,17.837254107550862,Cruzeiro do Sul
1100262,RO,0.2921073869546965,61,17.81855060423649,Rio Crespo
3548104,SP,0.2342141605835341,76,17.80027620434859,Santo Antônio do Jardim
3112406,MG,0.24004071126021373,74,17.763012633255816,Capetinga
4126108,PR,0.2536037491992461,70,17.752262443947227,São Tomé
2703908,AL,0.37737441040080355,47,17.736597288837768,Jundiá
2910305,BA,0.5718689195474858,31,17.727936505972057,Elísio Medrado
3532207,SP,0.2857988311495919,62,17.7195275312747,Narandiba
3532504,SP,0.22672203980271072,78,17.684319104611436,Neves Paulista
4201901,SC,0.23886198120841576,74,17.675786609422765,Aurora
3127602,MG,0.1460664857969778,121,17.674044781434315,Gouveia
3139706,MG,0.23235363079911306,76,17.658875940732592,Maravilhas
3158508,MG,0.2988809344730515,59,17.633975133910038,Santana de Pirapama
3543501,SP,0.2518763360196099,70,17.631343521372692,Riversul
3142254,MG,0.4298965099709427,41,17.62575690880865,Miravânia
4115002,PR,0.22292527153331468,79,17.61109645113186,Marilena
3545100,SP,0.2933878728447248,60,17.603272370683488,Salmourão
2509503,PB,0.20953407004143973,84,17.60086188348094,Montadas
5005103,MS,0.2931274788489876,60,17.587648730939257,Jateí
4314498,RS,0.3511047880850072,50,17.55523940425036,Pinheirinho do Vale
4316972,RS,0.5661880556029297,31,17.551829723690823,Santa Margarida do Sul
4121604,PR,0.20163645735169344,87,17.54237178959733,Renascença
3515194,SP,0.3188257095954329,55,17.535414027748807,Espírito Santo do Turvo
3151008,MG,0.16530470523151772,106,17.522298754540877,Piranguinho
3134103,MG,0.24001782173558764,73,17.5213009866979,Itueta
2515930,PB,0.32375110576377636,54,17.482559711243923,Sertãozinho
4314068,RS,0.3717293091983241,47,17.47127753232123,Passa Sete
3510153,SP,0.21830395570809524,80,17.46431645664762,Canitar
4313334,RS,0.5285778775206252,33,17.443069958180633,Nova Ramada
4103479,PR,0.28998251805102837,60,17.398951083061704,Cafezal do Sul
3500758,SP,0.30509767859887327,57,17.390567680135778,Alambari
4323101,RS,0.377962562907328,46,17.386277893737088,Vicente Dutra
2209302,PI,0.25923765598948223,67,17.36892295129531,Santa Luz
4320503,RS,0.42345719683397864,41,17.361745070193123,Sertão
2704906,AL,0.44493326142886286,39,17.35239719572565,Mar Vermelho
3127057,MG,0.29382511002958317,59,17.335681491745408,Fronteira dos Vales
5107248,MT,0.14686228631486886,118,17.329749785154526,Santa Carmem
3169505,MG,0.25857685078243475,67,17.32464900242313,Tumiritinga
5213004,GO,0.1302503411638117,133,17.323295374786955,Maurilândia
2503902,PB,0.29847403687937624,58,17.311494139003823,Camalaú
1718402,TO,0.3933226993022684,44,17.306198769299808,Presidente Kennedy
2904506,BA,0.4542389551070824,38,17.26108029406913,Brotas de Macaúbas
2208874,PI,0.278204707092707,62,17.248691839747835,Ribeira do Piauí
3166907,MG,0.20044273541121055,86,17.238075245364108,Serrania
2414704,RN,0.5384607766206322,32,17.23074485186023,Várzea
3503000,SP,0.2649638661490963,65,17.222651299691258,Aramina
2106375,MA,0.13774295078022847,125,17.217868847528557,Maranhãozinho
5203575,GO,0.2731058736053169,63,17.205670037134965,Bonópolis
1716653,TO,0.3909022284833249,44,17.199698053266296,Pequizeiro
4216354,SC,0.2526554419594288,68,17.18057005324116,São João do Itaperiú
3161304,MG,0.2352769382294977,73,17.175216490753332,São Francisco de Sales
4119202,PR,0.23193558439986034,74,17.163233245589666,Pinhalão
3529500,SP,0.22573622925263925,76,17.155953423200582,Mendonça
3168101,MG,0.27663812583576153,62,17.151563801817215,Tapira
3521507,SP,0.23157523820206347,74,17.136567626952697,Irapuã
2306009,CE,0.11736548588500072,146,17.135360939210106,Iracema
2502904,PB,0.3983905674752981,43,17.130794401437818,Brejo dos Santos
3129202,MG,0.28080760269985516,61,17.129263764691164,Heliodora
3140100,MG,0.29523698333315507,58,17.123745033322994,Marilac
2602704,PE,0.1316248892948601,130,17.111235608331814,Buenos Aires
4323408,RS,0.3637595322704955,47,17.09669801671329,Vila Maria
3170750,MG,0.1540227656557096,111,17.096526987783765,Varjão de Minas
1712702,TO,0.5698701432246703,30,17.09610429674011,Mateiros
3519204,SP,0.2549985226677164,67,17.084901018736996,Iacri
3165008,MG,0.1202750162867696,142,17.079052312721284,São Tiago
3544608,SP,0.32782743730832553,52,17.047026740032926,Sabino
4113452,PR,0.22360606639113403,76,16.994061045726188,Lindoeste
3154457,MG,0.25362845871384854,67,16.99310673382785,Riachinho
4124608,PR,0.22653700484226003,75,16.990275363169502,São Carlos do Ivaí
2708303,AL,0.098742270465758,172,16.983670520110376,São José da Laje
2610103,PE,0.332848847051835,51,16.975291199643586,Palmeirina
1715002,TO,0.3609335020449199,47,16.963874596111236,Nova Rosalândia
2107308,MA,0.31404263733366594,54,16.95830241601796,Nova Iorque
2200277,PI,0.269055448463537,63,16.950493253202833,Alegrete do Piauí
2513109,PB,0.3684436013173862,46,16.948405660599764,Salgado de São Félix
3107703,MG,0.1729006929586556,98,16.94426790994825,Bom Jesus do Amparo
4311908,RS,0.4130659494188882,41,16.935703926174416,Marcelino Ramos
3541208,SP,0.28704075729069584,59,16.935404680151056,Presidente Bernardes
2603405,PE,0.1759626694287303,96,16.892416265158108,Calumbi
2408706,RN,0.6030531828911313,28,16.885489120951675,Paraú
3125408,MG,0.20319867098288882,83,16.86548969157977,Felício dos Santos
2201739,PI,0.18132077593203927,93,16.862832161679652,Betânia do Piauí
3120839,MG,0.2807561789503505,60,16.845370737021028,Cuparaque
4306734,RS,0.3368124872428206,50,16.84062436214103,Doutor Maurício Cardoso
4315008,RS,0.42088483147187744,40,16.835393258875097,Porto Lucena
3168903,MG,0.18913855620429051,89,16.833331502181856,Tiros
2207959,PI,0.33664548221053264,50,16.832274110526633,Nova Santa Rita
3169802,MG,0.2586884223566712,65,16.814747453183628,Turvolândia
4308458,RS,0.3727864451508836,45,16.77539003178976,Fortaleza dos Valos
4311122,RS,0.5407139820977187,31,16.76213344502928,Jaquirana
3146206,MG,0.2121746361436617,79,16.761796255349275,Ouro Verde de Minas
2202802,PI,0.22051559333789,76,16.75918509367964,Conceição do Canindé
2209377,PI,0.2703002712488236,62,16.758616817427065,Santa Rosa do Piauí
4120655,PR,0.27927961868692375,60,16.756777121215425,Quarto Centenário
3200359,ES,0.16255085788609394,103,16.742738362267676,Alto Rio Novo
2304707,CE,0.0241942852941152,692,16.74244542352772,Granja
3203304,ES,0.09600051395062045,174,16.704089427407958,Mantenópolis
5219902,GO,0.24914798449812503,67,16.692914961374377,São Francisco de Goiás
3165107,MG,0.19157101956526934,87,16.666678702178434,São Tomás de Aquino
2505907,PB,0.3469755698438584,48,16.654827352505205,Emas
2910206,BA,0.4268692406839243,39,16.647900386673047,Dom Macedo Costa
4302378,RS,0.4893997786467858,34,16.639592473990717,Bom Progresso
5107206,MT,0.24096044527993174,69,16.62627072431529,Rio Branco
3540259,SP,0.3536872471941559,47,16.623300618125327,Pontalinda
4305975,RS,0.4490962186781258,37,16.616560091090655,Coxilha
4323309,RS,0.38643012294354656,43,16.6164952865725,Vila Flores
4315750,RS,0.3773247331453256,44,16.602288258394328,Riozinho
2607950,PE,0.19982681953409717,83,16.585626021330064,Jaqueira
1702703,TO,0.47366325089986594,35,16.578213781495307,Aurora do Tocantins
1700350,TO,0.2762808131147197,60,16.576848786883183,Aliança do Tocantins
4301701,RS,0.3011784583579499,55,16.564815209687243,Barão de Cotegipe
3516606,SP,0.2545562224306501,65,16.54615445799226,Gália
5205307,GO,0.16213402870257232,102,16.537670927662376,Cavalcante
2406908,RN,0.500922636225955,33,16.530446995456515,Lucrécia
4207403,SC,0.19671046525568836,84,16.523679081477823,Imbuia
2513505,PB,0.24982165736579437,66,16.48822938614243,Santana de Mangueira
4305124,RS,0.5495709592539241,30,16.487128777617723,Cerrito
2604908,PE,0.12391989398724892,133,16.481345900304106,Cumaru
3141504,MG,0.2746253126504106,60,16.477518759024637,Mendes Pimentel
3120508,MG,0.1961366272170132,84,16.475476686229108,Cristina
2409605,RN,0.4845099978982284,34,16.473339928539765,Pedra Preta
4215075,SC,0.24586271185458736,67,16.472801694257353,Riqueza
3555356,SP,0.2353242898778306,70,16.47270029144814,Ubarana
1101559,RO,0.2791326924014999,59,16.468828851688496,Teixeirópolis
1100908,RO,0.34270673665649176,48,16.449923359511605,Castanheiras
2611408,PE,0.21357109413299008,77,16.444974248240236,Primavera
3123007,MG,0.2160211863709484,76,16.417610164192077,Dores de Campos
4206603,SC,0.22761720173587394,72,16.388438524982924,Guarujá do Sul
2511103,PB,0.22756523640046022,72,16.384697020833137,Pedra Lavrada
2208601,PI,0.32073667529621697,51,16.357570440107065,Prata do Piauí
4305447,RS,0.4193903099712243,39,16.356222088877747,Chuvisca
4125407,PR,0.23031373067239502,71,16.352274877740047,São José da Boa Vista
2200459,PI,0.2918204920007332,56,16.34194755204106,Alvorada do Gurguéia
4322251,RS,0.3985444933814901,41,16.340324228641094,Tupandi
4316428,RS,0.4081986790356861,40,16.327947161427442,Sagrada Família
3154150,MG,0.19200648467507572,85,16.320551197381437,Reduto
3503406,SP,0.276612351278845,59,16.320128725451855,Arealva
2404804,RN,0.5825747957357067,28,16.312094280599787,Ipueira
3123858,MG,0.21740728496486375,75,16.30554637236478,Entre Folhas
1101450,RO,0.3126827496488961,52,16.259502981742596,Parecis
3512506,SP,0.2849347986413976,57,16.241283522559662,Coroados
2400901,RN,0.4638807483951228,35,16.235826193829297,Antônio Martins
3162575,MG,0.21631521246092325,75,16.223640934569243,São João do Manteninha
2202117,PI,0.3307664865906292,49,16.20755784294083,Campo Alegre do Fidalgo
4315156,RS,0.45007141535194894,36,16.20257095267016,Progresso
3142106,MG,0.2698926970343064,60,16.193561822058385,Miradouro
3525607,SP,0.27446263936705373,59,16.19329572265617,João Ramalho
5107768,MT,0.23099739180972217,70,16.169817426680552,Santa Rita do Trivelato
2203271,PI,0.2939777363147237,55,16.168775497309802,Curral Novo do Piauí
3154507,MG,0.23429953168340711,69,16.16666768615509,Riacho dos Machados
3552908,SP,0.23716126553867292,68,16.126966056629758,Taciba
3549607,SP,0.3492848626690179,46,16.067103682774825,São José do Barreiro
2210904,PI,0.40139063407494024,40,16.05562536299761,Socorro do Piauí
2410702,RN,0.5349390906684552,30,16.048172720053657,Riacho da Cruz
5106281,MT,0.14977831379539042,107,16.026279576106774,Novo São Joaquim
4117008,PR,0.21945934611278847,73,16.02053226623356,Nova Fátima
3128253,MG,0.25831223397851144,62,16.01535850666771,Guaraciama
2202539,PI,0.24587893705158256,65,15.982130908352866,Caraúbas do Piauí
3522000,SP,0.31334525143517833,51,15.980607823194095,Itaju
1712454,TO,0.4435500259360917,36,15.967800933699301,Luzinópolis
2504355,PB,0.33227407733756725,48,15.949155712203229,Caturité
4302238,RS,0.5695064989927416,28,15.946181971796765,Boa Vista do Incra
2405900,RN,0.5497595722579214,29,15.94302759547972,João Dias
2601508,PE,0.157832456093226,101,15.941078065415825,Belém de Maria
3120870,MG,0.2016847939538958,79,15.933098722357768,Curral de Dentro
2908804,BA,0.5688646399511446,28,15.928209918632048,Contendas do Sincorá
3204658,ES,0.1749459184977979,91,15.920078583299608,São Domingos do Norte
4300208,RS,0.3314722596166269,48,15.91066846159809,Ajuricaba
2305704,CE,0.11203556886580199,142,15.909050778943882,Ipaumirim
3121308,MG,0.2695240500630587,59,15.901918953720463,Descoberto
3511201,SP,0.23362032592523063,68,15.886182162915683,Catiguá
4306973,RS,0.4288451084926137,37,15.867269014226707,Erebango
4211801,SC,0.17820804857221145,89,15.86051632292682,Ouro
2304459,CE,0.06662769242639421,237,15.790763105055428,Fortim
3202900,ES,0.17935562618319487,88,15.783295104121148,Itarana
3165305,MG,0.21615120840708246,73,15.779038213717019,São Vicente de Minas
4323200,RS,0.42637928277214643,37,15.776033462569417,Victor Graeff
2211357,PI,0.3584611285579637,44,15.772289656550402,Várzea Branca
2511004,PB,0.3154101733558462,50,15.77050866779231,Pedra Branca
2109700,MA,0.2388108201980084,66,15.761514133068554,Sambaíba
4305504,RS,0.42593267489704856,37,15.759508971190797,Ciríaco
4300059,RS,0.4250398595514302,37,15.726474803402917,Água Santa
5212956,GO,0.2614265231784291,60,15.685591390705747,Matrinchã
2105963,MA,0.12751670771802948,123,15.684555049317627,Lagoa Grande do Maranhão
2802502,SE,0.602556463983335,26,15.66646806356671,General Maynard
3104809,MG,0.27972248645362985,56,15.664459241403272,Augusto de Lima
4113734,PR,0.17580933940338628,89,15.647031206901378,Luiziana
3526308,SP,0.3008969696525877,52,15.646642421934562,Lagoinha
2307809,CE,0.035630266784783184,439,15.641687118519819,Marco
4111704,PR,0.22343937383535217,70,15.640756168474653,Jaboti
4125803,PR,0.18840228459700753,83,15.637389621551625,São Pedro do Ivaí
3528106,SP,0.22020419905454514,71,15.634498132872704,Macaubal
4309704,RS,0.37154644065444264,42,15.60495050748659,Humaitá
3117836,MG,0.2690336448115811,58,15.603951399071704,Cônego Marinho
2209807,PI,0.2515093300794817,62,15.593578464927862,São Gonçalo do Piauí
3135456,MG,0.278310014237935,56,15.585360797324359,Jenipapo de Minas
4320263,RS,0.4325160983994347,36,15.57057954237965,Segredo
4115507,PR,0.26387704583381844,59,15.568745704195287,Marumbi
4315206,RS,0.3888087774446123,40,15.552351097784491,Putinga
3502002,SP,0.30493892836087166,51,15.551885346404454,Analândia
3509809,SP,0.2467977131769774,63,15.548255930149576,Campos Novos Paulista
3161502,MG,0.15542921360823658,100,15.542921360823657,São Geraldo
2209351,PI,0.2822837360127314,55,15.525605480700225,Santana do Piauí
3165404,MG,0.2463054537975341,63,15.517243589244648,Sapucaí-Mirim
4318424,RS,0.3371760262526382,46,15.510097207621358,São João da Urtiga
3122405,MG,0.2501535239204121,62,15.509518483065552,Divisa Nova
2203503,PI,0.310000225818332,50,15.500011290916598,Elesbão Veloso
2501534,PB,0.2580281521360823,60,15.48168912816494,Baraúna
2102077,MA,0.1277757807605792,121,15.460869472030081,Bom Lugar
5203401,GO,0.17770912452893917,87,15.460693834017707,Bom Jardim de Goiás
4312104,RS,0.46802910336597275,33,15.444960411077101,Mata
3130408,MG,0.208713518343695,74,15.44480035743343,Ijaci
4202131,SC,0.1735322177836043,89,15.444367382740783,Bela Vista do Toldo
3103900,MG,0.15132824928642807,102,15.435481427215665,Araújos
3525805,SP,0.296768810818807,52,15.431978162577964,Júlio Mesquita
2612471,PE,0.10925059461037039,141,15.404333840062224,Santa Cruz da Baixa Verde
3554953,SP,0.2955311252659896,52,15.36761851383146,Tuiuti
3103009,MG,0.1893908475623922,81,15.340658652553767,Antônio Dias
3150901,MG,0.22214558965293285,69,15.328045686052366,Piranguçu
2303600,CE,0.1684105767178425,91,15.325362481323667,Catarina
4120358,PR,0.19639639584834984,78,15.318918876171287,Pranchita
2806909,SE,0.3925248534520478,39,15.308469284629863,São Francisco
4313011,RS,0.34007128287884036,45,15.303207729547816,Nova Candelária
3150307,MG,0.26844602736598644,57,15.301423559861227,Piedade do Rio Grande
3108503,MG,0.20400485949256358,75,15.30036446194227,Botumirim
2807006,SE,0.4780839195947846,32,15.298685427033107,São Miguel do Aleixo
5108303,MT,0.21818253766247497,70,15.272777636373249,União do Sul
3541802,SP,0.3912862234523362,39,15.260162714641112,Queiroz
4205175,SC,0.3051464001598938,50,15.257320007994691,Entre Rios
4200903,SC,0.23453398989655946,65,15.244709343276366,Angelina
2406403,RN,0.5642365621374872,27,15.234387177712154,Lagoa de Velhos
4320230,RS,0.41165023567451475,37,15.231058719957046,Sede Nova
3203601,ES,0.18571327382614944,82,15.228488453744255,Mucurici
2516755,PB,0.3540018007795096,43,15.222077433518912,Tenório
4111001,PR,0.2377561618704383,64,15.216394359708051,Itambaracá
3116506,MG,0.2204595290897009,69,15.211707507189363,Claro dos Poções
3146255,MG,0.2453483184384653,62,15.211595743184848,Padre Carvalho
3115805,MG,0.1447105760598002,105,15.19461048627902,Centralina
2508109,PB,0.3705217651455256,41,15.191392370966549,Lagoa
3122207,MG,0.1532862479890001,99,15.17533855091101,Divinolândia de Minas
3160009,MG,0.32281028897959946,47,15.172083582041173,Santo Antônio do Aventureiro
3200136,ES,0.10833778462973706,140,15.167289848163188,Águia Branca
4128559,PR,0.2526482473474586,60,15.158894840847518,Vera Cruz do Oeste
3164001,MG,0.24847899270545817,61,15.157218555032948,São Pedro dos Ferros
4314779,RS,0.5226104413781301,29,15.155702799965772,Pontão
3526506,SP,0.3028446863207034,50,15.14223431603517,Lavínia
3512704,SP,0.2909720702709917,52,15.130547654091568,Corumbataí
2510303,PB,0.3438459509306831,44,15.129221840950056,Nova Palmeira
5108808,MT,0.22560340215624852,67,15.115427944468651,Nova Guarita
5212303,GO,0.1935518372073437,78,15.097043302172809,Leopoldo de Bulhões
3127073,MG,0.27951336395972315,54,15.09372165382505,Fruta de Leite
3128907,MG,0.19857440670658613,76,15.091654909700546,Guimarânia
4112306,PR,0.25574648221074836,59,15.089042450434153,Japira
5220009,GO,0.10546199400836698,143,15.081065143196478,São João d'Aliança
2207306,PI,0.2791622518899214,54,15.074761602055755,Paes Landim
3542800,SP,0.30740915673373215,49,15.063048679952875,Ribeira
5205901,GO,0.14610588099032307,103,15.048905742003276,Corumbaíba
4106100,PR,0.25462544001840637,59,15.022900961085975,Conselheiro Mairinck
4304309,RS,0.41719531576963154,36,15.019031367706736,Cândido Godói
2918902,BA,0.46913331163394034,32,15.012265972286091,Lajedão
4219358,SC,0.24968197699878805,60,14.980918619927284,Vitor Meireles
3124807,MG,0.21704685170604973,69,14.976232767717432,Estrela do Sul
1717206,TO,0.4536777475798822,33,14.971365670136112,Piraquê
4218954,SC,0.3834965233591461,39,14.956364411006698,Urupema
2104701,MA,0.21648521129340467,69,14.937479579244922,Graça Aranha
3115706,MG,0.21034481827192864,71,14.934482097306933,Central de Minas
3160801,MG,0.2260320380017764,66,14.918114508117242,São Bento Abade
4109658,PR,0.22924231319224142,65,14.900750357495692,Honório Serpa
3532603,SP,0.2568800697995227,58,14.899044048372318,Nhandeara
3545704,SP,0.24024782693822133,62,14.895365270169723,Santa Albertina
2801900,SE,0.5317315298664986,28,14.88848283626196,Cumbe
3555802,SP,0.22180934870816554,67,14.861226363447091,Urânia
4306551,RS,0.436995767883305,34,14.85785610803237,Dom Pedro de Alcântara
2514008,PB,0.33016456336893224,45,14.857405351601951,São João do Cariri
4311155,RS,0.47850516799048354,31,14.83366020770499,Jóia
3500402,SP,0.27983841096254813,53,14.831435781015053,Águas da Prata
5107792,MT,0.21186950448559805,70,14.830865313991863,Santo Antônio do Leste
5221080,GO,0.28481790637771565,52,14.810531131641214,Teresina de Goiás
2500577,PB,0.3699478268169527,40,14.797913072678108,Algodão de Jandaíra
2516151,PB,0.30802389326027324,48,14.785146876493116,Sossêgo
2304251,CE,0.03248934512085077,455,14.782652029987101,Cruz
3503703,SP,0.23428565295571557,63,14.75999613621008,Ariranha
4305405,RS,0.30082167286987066,49,14.740261970623664,Chiapetta
3148509,MG,0.19378282846483888,76,14.727494963327755,Pavão
5204300,GO,0.11072809580127964,133,14.726836741570192,Caçu
2411809,RN,0.5075108278182854,29,14.717814006730276,São Fernando
4210035,SC,0.2015043699705148,73,14.70981900784758,Luzerna
5207253,GO,0.18608013300962156,79,14.700330507760103,Doverlândia
1711803,TO,0.40785877471885834,36,14.6829158898789,Juarina
3165206,MG,0.16117702995743163,91,14.667109726126279,São Tomé das Letras
2411106,RN,0.5428965838113051,27,14.658207762905239,Ruy Barbosa
3504305,SP,0.31832468967793115,46,14.642935725184833,Avaí
3143807,MG,0.1850877802488745,79,14.621934639661086,Munhoz
2503100,PB,0.2519028534291913,58,14.610365498893096,Cabaceiras
4121257,PR,0.2212921614472052,66,14.605282655515543,Ramilândia
4110904,PR,0.2351215038022301,62,14.577533235738265,Itaguajé
4122172,PR,0.2350883597818248,62,14.575478306473137,Rio Branco do Ivaí
4120408,PR,0.2749267724394172,53,14.57111893928911,Presidente Castelo Branco
3112000,MG,0.144252666928685,101,14.569519359797184,Candeias
2106672,MA,0.1751526103034901,83,14.537666655189678,Milagres do Maranhão
3135308,MG,0.20168518084899867,72,14.521333021127903,Japaraíba
4100905,PR,0.23413926360345738,62,14.516634343414358,Amaporã
3135704,MG,0.2961948274934889,49,14.513546547180956,Jequitibá
4212270,SC,0.22995276080682026,63,14.487023930829675,Passos Maia
3530409,SP,0.30814974636940307,47,14.483038079361943,Mirassolândia
5212808,GO,0.12061617343346676,120,14.47394081201601,Mara Rosa
3163300,MG,0.25839884739284924,56,14.470335453999557,São José do Divino
3519006,SP,0.20367160904757953,71,14.460684242378147,Herculândia
4314035,RS,0.42515502949545936,34,14.455271002845619,Pareci Novo
1101476,RO,0.33590805528656154,43,14.444046377322145,Primavera de Rondônia
4107157,PR,0.25787672352147095,56,14.441096517202373,Diamante D'Oeste
3144375,MG,0.2615756907164368,55,14.386662989404025,Natalândia
1711506,TO,0.3887511272590478,37,14.38379170858477,Jaú do Tocantins
3115359,MG,0.2435460552572518,59,14.369217260177855,Catas Altas
1703826,TO,0.4352182813275889,33,14.362203283810434,Cachoeirinha
2703502,AL,0.2516431057410631,57,14.343657027240596,Jacuípe
1713700,TO,0.46256427597724353,31,14.33949255529455,Monte Santo do Tocantins
3516853,SP,0.23124778804800727,62,14.337362858976451,Gavião Peixoto
1705102,TO,0.349012341488232,41,14.309506001017512,Chapada da Natividade
2205102,PI,0.1744761010807367,82,14.307040288620408,Itaueira
3141603,MG,0.19588073299453887,73,14.299293508601338,Mercês
4219176,SC,0.23435590746010518,61,14.295710355066415,Vargem Bonita
3535200,SP,0.2133657015266024,67,14.29550200228236,Palmeira d'Oeste
3541653,SP,0.31026219160500257,46,14.272060813830118,Quadra
1718659,TO,0.548887673389866,26,14.271079508136516,Rio da Conceição
3110806,MG,0.3318491980941489,43,14.269515518048404,Campanário
2502706,PB,0.38560977880881725,37,14.26756181592624,Borborema
3135076,MG,0.43214251893946054,33,14.260703125002198,Jampruca
5108105,MT,0.33158663255715315,43,14.258225199957586,Tesouro
3536604,SP,0.2739333628815047,52,14.244534869838246,Paulo de Faria
4310306,RS,0.3846710553163626,37,14.232829046705415,Ilópolis
2512200,PB,0.31619822879815473,45,14.228920295916963,Prata
3120706,MG,0.21889171803581217,65,14.22796167232779,Cruzeiro da Fortaleza
2207777,PI,0.23266668344949706,61,14.19266769041932,Patos do Piauí
2513307,PB,0.2252450297938162,63,14.19043687701042,Santa Helena
3521606,SP,0.19431566557149105,73,14.185043586718846,Irapuru
2603603,PE,0.28942306656233013,49,14.181730261554176,Camutanga
4318614,RS,0.47258184212421295,30,14.177455263726388,São José do Sul
4304697,RS,0.41671356944981675,34,14.16826136129377,Capitão
4108452,PR,0.21436262004562545,66,14.147932923011279,Foz do Jordão
2500775,PB,0.353416155356007,40,14.13664621424028,Aparecida
4101309,PR,0.17445221836742839,81,14.130629687761699,Antônio Olinto
3121407,MG,0.22393944659076512,63,14.108185135218202,Desterro de Entre Rios
2301505,CE,0.20736838706389737,68,14.10105032034502,Arneiroz
3146552,MG,0.1927781526164219,73,14.072805140998797,Pai Pedro
3553203,SP,0.2655075821211881,53,14.071901852422968,Taiúva
3520608,SP,0.24252393284335472,58,14.066388104914573,Indiana
4301958,RS,0.4535529283083793,31,14.060140777559758,Barra Funda
2513851,PB,0.42580956843437845,33,14.051715758334488,Santo André
2413805,RN,0.3797441681814072,37,14.050534222712066,Taboleiro Grande
4107702,PR,0.26951260638214414,52,14.014655531871496,Fênix
4121109,PR,0.24122113830567105,58,13.990826021728921,Quinta do Sol
3139102,MG,0.23658548228529164,59,13.958543454832206,Madre de Deus de Minas
2919009,BA,0.6640783496820465,21,13.945645343322976,Lajedinho
3153004,MG,0.2844314026412996,49,13.937138729423681,Pratinha
4122651,PR,0.2284617459648004,61,13.936166503852824,Rosário do Ivaí
3152907,MG,0.18075395161109364,77,13.91805427405421,Pratápolis
3533700,SP,0.2675779788355802,52,13.914054899450171,Ocauçu
5204557,GO,0.2576641352452108,54,13.913863303241383,Caldazinha
5204250,GO,0.1617701994324278,86,13.91223715118879,Cachoeira Dourada
1701051,TO,0.3863429519878545,36,13.908346271562763,Angico
4211405,SC,0.2072665940230899,67,13.886861799547022,Nova Erechim
4309951,RS,0.43356714503967764,32,13.874148641269684,Ibirapuitã
3115474,MG,0.21336889508406023,65,13.868978180463916,Catuti
1600055,AP,0.30131549361588916,46,13.860512706330901,Serra do Navio
3204955,ES,0.139890407206827,99,13.849150313475873,São Roque do Canaã
1720259,TO,0.39558750677582366,35,13.845562737153829,São Salvador do Tocantins
3117009,MG,0.23868183692691589,58,13.843546541761121,Comercinho
4109005,PR,0.22328010129437137,62,13.843366280251026,Guapirama
5103908,MT,0.30092885933299696,46,13.842727529317859,General Carneiro
4303707,RS,0.37388644721259534,37,13.833798546866028,Campina das Missões
4314308,RS,0.4068108400125331,34,13.831568560426126,Pejuçara
4126009,PR,0.18198774597603024,76,13.831068694178297,São Sebastião da Amoreira
2201705,PI,0.3371803320480119,41,13.824393613968487,Bertolínia
2501351,PB,0.21583916173793616,64,13.813706351227914,Assunção
1720978,TO,0.3731718476811984,37,13.80735836420434,Talismã
3116704,MG,0.18400846582470187,75,13.80063493685264,Coimbra
4311130,RS,0.5306874808506551,26,13.797874502117033,Jari
5203559,GO,0.1157722434571463,119,13.77689697140041,Bonfinópolis
3524204,SP,0.2333954039511934,59,13.770328833120411,Jaborandi
3116001,MG,0.2990946342440549,46,13.758353175226526,Chalé
2202711,PI,0.24130190045072974,57,13.754208325691595,Cocal de Telha
2201408,PI,0.31986347343268606,43,13.754129357605501,Barro Duro
3552601,SP,0.14030222730343683,98,13.74961827573681,Tabapuã
4321469,RS,0.3434931168744372,40,13.739724674977488,Tio Hugo
3112059,MG,0.2409863706660843,57,13.736223127966806,Cantagalo
3122504,MG,0.24502154573982926,56,13.721206561430439,Dom Cavati
2203453,PI,0.1613833993548112,85,13.717588945158951,Dom Inocêncio
5108857,MT,0.22121448171359437,62,13.715297866242851,Nova Marilândia
3160207,MG,0.3345010693589572,41,13.714543843717244,Santo Antônio do Itambé
2205573,PI,0.167192439459373,82,13.709780035668587,Lagoa de São Francisco
4311734,RS,0.41540228719446554,33,13.708275477417363,Mampituba
2205458,PI,0.304550135857929,45,13.704756113606805,Joca Marques
2107258,MA,0.19575272729630866,70,13.702690910741605,Nova Colinas
3152600,MG,0.2105142006127621,65,13.683423039829536,Pouso Alto
3169208,MG,0.21374192091565167,64,13.679482938601707,Tombos
2203206,PI,0.19262193801023092,71,13.676157598726395,Curimatá
2408409,RN,0.4266318146457534,32,13.652218068664109,Olho d'Água do Borges
5213509,GO,0.16645576544529572,82,13.649372766514249,Monte Alegre de Goiás
4219408,SC,0.21317983618760872,64,13.643509516006958,Witmarsum
3527801,SP,0.29640155607675867,46,13.6344715795309,Lupércio
3155108,MG,0.21970465925897834,62,13.621688874056657,Rio do Prado
4103305,PR,0.2267244625081049,60,13.603467750486294,Borrazópolis
4127809,PR,0.18892636206653482,72,13.602698068790508,Tomazina
2207751,PI,0.2343121837206974,58,13.590106655800449,Passagem Franca do Piauí
4310850,RS,0.4843026702454137,28,13.560474766871582,Jaboticaba
3163805,MG,0.20833891787066625,65,13.542029661593306,São Miguel do Anta
5205406,GO,0.08410840680984805,161,13.541453496385536,Ceres
3201803,ES,0.22559546666084568,60,13.53572799965074,Divino de São Lourenço
5207535,GO,0.2413539547821507,56,13.51582146780044,Faina
3508207,SP,0.27532747821575787,49,13.491046432572135,Buritizal
3306156,RJ,0.2697843553795644,50,13.489217768978222,Varre-Sai
4125357,PR,0.18466308630523443,73,13.480405300282113,São Jorge do Patrocínio
3102407,MG,0.26878857370539694,50,13.439428685269846,Alvorada de Minas
3129004,MG,0.20009383638269174,67,13.406287037640347,Guiricema
3514700,SP,0.19144162394132502,70,13.400913675892753,Echaporã
1718709,TO,0.44600993399500743,30,13.380298019850223,Rio dos Bois
3554656,SP,0.4053818281921351,33,13.377600330340458,Torre de Pedra
4217105,SC,0.27849737333093477,48,13.36787391988487,São Martinho
2514602,PB,0.4759858328552955,28,13.327603319948274,São José do Bonfim
3104106,MG,0.18255914607830664,73,13.326817663716385,Arceburgo
2500734,PB,0.4290311279305489,31,13.299964965847016,Amparo
2517209,PB,0.30924372339168577,43,13.297480105842489,Vieirópolis
4118709,PR,0.182151115010619,73,13.297031395775187,Paulo Frontin
3163003,MG,0.28900318767901956,46,13.294146633234899,São José da Safira
4125308,PR,0.21786268700723754,61,13.28962390744149,São Jorge do Ivaí
5214408,GO,0.14444476916115884,92,13.288918762826613,Nazário
5103361,MT,0.21420201523029336,62,13.280524944278188,Conquista D'Oeste
2513208,PB,0.24129963549968142,55,13.271479952482478,Santa Cruz
4212007,SC,0.21386096848487227,62,13.25938004606208,Palma Sola
4117453,PR,0.1576683983083796,84,13.244145457903885,Ouro Verde do Oeste
4118451,PR,0.15750793838788046,84,13.23066682458196,Pato Bragado
5201306,GO,0.08015044878321939,165,13.2248240492312,Anicuns
3114808,MG,0.2319574791413025,57,13.221576311054243,Carvalhos
4319372,RS,0.4129170439101015,32,13.213345405123247,São Pedro do Butiá
3523008,SP,0.2696520521858903,49,13.212950557108623,Itapura
3113602,MG,0.20641243392815145,64,13.210395771401693,Careaçu
5200852,GO,0.17150907291725015,77,13.206198614628262,Americano do Brasil
3535903,SP,0.2315092268758402,57,13.196025931922891,Paranapuã
4305439,RS,0.48866299682319086,27,13.193900914226154,Chuí
3116803,MG,0.1570231887563255,84,13.189947855531344,Coluna
2106359,MA,0.4395772673575422,30,13.187318020726266,Marajá do Sena
3127388,MG,0.24416602278365318,54,13.184965230317271,Goianá
2105948,MA,0.13586819390802413,97,13.17921480907834,Lago dos Rodrigues
2303907,CE,0.073614760549812,179,13.177042138416349,Chaval
2702702,AL,0.38746441110576796,34,13.17378997759611,Feliz Deserto
3123205,MG,0.1646366335233042,80,13.170930681864338,Dores do Indaiá
4321329,RS,0.30629786540303483,43,13.170808212330497,Taquaruçu do Sul
4310652,RS,0.3655376412571943,36,13.159355085258994,Itati
3118908,MG,0.2193159335340902,60,13.158956012045412,Cordisburgo
2303303,CE,0.06512329991519172,202,13.154906582868728,Cariús
2109056,MA,0.3652945867098314,36,13.15060512155393,Porto Rico do Maranhão
3127404,MG,0.21555016404202917,61,13.14856000656378,Gonçalves
2512077,PB,0.3866807900057887,34,13.147146860196816,Poço de José de Moura
3121902,MG,0.23876810007478533,55,13.132245504113193,Divinésia
2513802,PB,0.42339682074201335,31,13.125301443002414,Santa Teresinha
4306320,RS,0.42315176440770896,31,13.117704696638977,Derrubadas
3102506,MG,0.2913767854303059,45,13.111955344363764,Amparo do Serra
5222302,GO,0.18461112696793672,71,13.107390014723507,Vila Propício
4302501,RS,0.5030667283650478,26,13.079734937491244,Bossoroca
3157500,MG,0.23764451657490826,55,13.070448411619955,Santa Efigênia de Minas
2800100,SE,0.544479237129351,24,13.067501691104424,Amparo do São Francisco
2105203,MA,0.14025312096989406,93,13.043540250200149,Igarapé Grande
5102793,MT,0.0917471351242433,142,13.028093187642549,Carlinda
4319703,RS,0.4199000151781195,31,13.016900470521703,São Valentim
3102050,MG,0.16463694866688858,79,13.006318944684198,Alto Caparaó
1715259,TO,0.3934351073814004,33,12.983358543586213,Novo Jardim
3170651,MG,0.17300081030728906,75,12.97506077304668,Vargem Grande do Rio Pardo
4313391,RS,0.3602820011415676,36,12.970152041096433,Novo Cabrais
3554201,SP,0.23581379963559687,55,12.969758979957827,Tejupá
2109239,MA,0.2443933859963898,53,12.952849457808659,Presidente Médici
2512721,PB,0.4794786296540505,27,12.945923000659365,Pedro Régis
2407906,RN,0.4623259777961919,28,12.945127378293373,Monte das Gameleiras
3158300,MG,0.16587208923455624,78,12.938022960295386,Santana da Vargem
3507308,SP,0.26394519788413773,49,12.933314696322748,Boracéia
2206050,PI,0.2748373566491043,47,12.917355762507901,Massapê do Piauí
1704600,TO,0.5614964702897678,23,12.914418816664659,Chapada de Areia
2502300,PB,0.39125152782313494,33,12.911300418163453,Bom Sucesso
2512036,PB,0.30020634074334007,43,12.908872651963623,Poço Dantas
4322905,RS,0.30724860232091306,42,12.904441297478348,Viadutos
2700904,AL,0.12407235801683777,104,12.903525233751129,Belo Monte
4109203,PR,0.23429236860816482,55,12.886080273449066,Guaraci
2515203,PB,0.2737291356031313,47,12.86526937334717,São Sebastião do Umbuzeiro
3126000,MG,0.16919072329050788,76,12.858494970078599,Florestal
4322327,RS,0.4015073413982532,32,12.848234924744103,Turuçu
4121356,PR,0.3568282774964523,36,12.845817989872282,Rancho Alegre D'Oeste
4306304,RS,0.37713967717247165,34,12.822749023864036,David Canabarro
4120333,PR,0.22468855000900256,57,12.807247350513146,Prado Ferreira
3165701,MG,0.14891219488942165,86,12.806448760490262,Senador Firmino
3537701,SP,0.22862528662680992,56,12.803016051101356,Piacatu
4115739,PR,0.22858768347219854,56,12.800910274443119,Mato Rico
2210631,PI,0.20635642902944937,62,12.79409859982586,Sebastião Leal
2614402,PE,0.14048657380094942,91,12.784278215886397,Solidão
4103354,PR,0.1825658860017206,70,12.779612020120442,Braganey
4116307,PR,0.21999509008062146,58,12.759715224676045,Munhoz de Melo
3150539,MG,0.21615656016773566,59,12.753237049896404,Pingo-d'Água
3171154,MG,0.20541617638420662,62,12.73580293582081,Vermelho Novo
4309753,RS,0.42372675983978475,30,12.711802795193542,Ibarama
4322152,RS,0.4538401306994097,28,12.707523659583472,Tunas
4315172,RS,0.40959032967500364,31,12.697300219925113,Protásio Alves
5219738,GO,0.13348922324641876,95,12.681476208409782,Santo Antônio de Goiás
5209150,GO,0.2075918607841839,61,12.663103507835219,Gouvelândia
5210562,GO,0.16659123172965085,76,12.660933611453464,Itaguari
3172103,MG,0.24818205178971933,51,12.657284641275686,Volta Grande
2211704,PI,0.280996444322885,45,12.644839994529825,Wall Ferraz
3141702,MG,0.2939859443783265,43,12.641395608268038,Mesquita
2514107,PB,0.37176184042250454,34,12.639902574365154,São João do Tigre
3163508,MG,0.20012953683392382,63,12.6081608205372,São José do Jacuri
3500600,SP,0.22910382799144094,55,12.600710539529251,Águas de São Pedro
3533254,SP,0.25703493869440963,49,12.594711996026072,Novais
4116802,PR,0.19054394951539888,66,12.575900668016326,Nova Cantu
4305587,RS,0.43302470710855256,29,12.557716506148024,Colinas
4318457,RS,0.4182817828904727,30,12.54845348671418,São José das Missões
3136520,MG,0.25589360963153795,49,12.53878687194536,José Gonçalves de Minas
4117271,PR,0.16279394559280488,77,12.535133810645977,Nova Tebas
4301552,RS,0.391367760364908,32,12.523768331677056,Áurea
4323507,RS,0.3383226283130421,37,12.517937247582559,Vista Alegre
2515609,PB,0.3676554008126397,34,12.50028362762975,Serra da Raiz
3152303,MG,0.13723390860854767,91,12.488285683377837,Porto Firme
3108206,MG,0.23974544934397934,52,12.466763365886926,Bonfinópolis de Minas
5204953,GO,0.20099965874632153,62,12.461978842271934,Campos Verdes
3157609,MG,0.24431416761017602,51,12.460022548118976,Santa Fé de Minas
2300101,CE,0.10465075383943172,119,12.453439706892375,Abaiara
4111100,PR,0.19154043592218095,65,12.450128334941763,Itambé
3525854,SP,0.3036498360749169,41,12.449643279071594,Jumirim
3136405,MG,0.30339853538801165,41,12.439339950908478,Joaquim Felício
3104452,MG,0.18008885700202726,69,12.426131133139881,Aricanduva
2911253,BA,0.49697474585676543,25,12.424368646419136,Gavião
3508306,SP,0.21796752718964896,57,12.42414904980999,Cabrália Paulista
2209559,PI,0.2179011954737286,57,12.42036814200253,São Braz do Piauí
4305871,RS,0.3880427727915191,32,12.417368729328611,Coronel Barros
3532058,SP,0.2298050559553252,54,12.40947302158756,Motuca
5106455,MT,0.16528026330850443,75,12.396019748137832,Planalto da Serra
3150604,MG,0.21364392265611254,58,12.391347514054527,Piracema
3138674,MG,0.16964712990193476,73,12.384240482841237,Luisburgo
4126355,PR,0.20298846006080828,61,12.382296063709305,Serranópolis do Iguaçu
3502408,SP,0.28134999170854136,44,12.379399635175819,Anhumas
4306957,RS,0.3640063066266127,34,12.376214425304832,Entre Rios do Sul
2612000,PE,0.1820026619219254,68,12.376181010690928,Sairé
3106408,MG,0.12742215822938588,97,12.35994934825043,Belo Vale
3500808,SP,0.23314732241911773,53,12.35680808821324,Alfredo Marcondes
3145851,MG,0.23305571328326746,53,12.351952804013175,Oratórios
5211701,GO,0.16241148057602003,76,12.343272523777523,Jandaia
2514404,PB,0.362814953193064,34,12.335708408564177,São José de Espinharas
3161700,MG,0.17874118170124687,69,12.333141537386034,São Gonçalo do Abaeté
3122900,MG,0.13545337216366587,91,12.326256866893594,Dona Euzébia
4316436,RS,0.4401543273440679,28,12.3243211656339,Saldanha Marinho
3127503,MG,0.2320879015271102,53,12.30065878093684,Gonzaga
3128204,MG,0.1982740844745846,62,12.292993237424247,Guaraciaba
3132602,MG,0.2363929882183811,52,12.292435387355816,Itamarati de Minas
4122909,PR,0.2410025728488904,51,12.29113121529341,Salto do Itararé
4316733,RS,0.45521160734143673,27,12.290713398218791,Santa Cecília do Sul
4117214,PR,0.23186407731508799,53,12.288796097699663,Nova Santa Bárbara
4303301,RS,0.33205777025427263,37,12.286137499408088,Caibaté
3507456,SP,0.29946381958536694,41,12.278016603000044,Borebi
3543105,SP,0.2151555799385192,57,12.263868056495594,Ribeirão Corrente
3508900,SP,0.31317883338437125,39,12.213974501990478,Caiabu
3167905,MG,0.221853160745481,55,12.201923841001456,Tabuleiro
4126900,PR,0.2302000750267298,53,12.200603976416678,Tapira
3121803,MG,0.23901727114242266,51,12.189880828263556,Dionísio
3111705,MG,0.18739651727397472,65,12.180773622808356,Canaã
3170578,MG,0.19025261018030593,64,12.17616705153958,Vargem Alegre
4321626,RS,0.4195250861748928,29,12.166227499071892,Travesseiro
4320453,RS,0.5519952390175579,22,12.143895258386273,Sério
4300570,RS,0.41873262701519054,29,12.143246183440526,Alto Feliz
4218350,SC,0.27590945146442125,44,12.140015864434535,Treviso
4314548,RS,0.46656577077594213,26,12.130710040174495,Pinto Bandeira
4113601,PR,0.302321339259089,40,12.092853570363559,Lobato
2505501,PB,0.3778128063622337,32,12.090009803591478,Vista Serrana
3166303,MG,0.17521517588272073,69,12.08984713590773,Sericita
2205599,PI,0.2745951052637569,44,12.082184631605303,Lagoa do Sítio
3305133,RJ,0.23632302689855372,51,12.05247437182624,São José de Ubá
2208700,PI,0.1883192853507182,64,12.052434262445965,Redenção do Gurguéia
3141900,MG,0.21140708708559097,57,12.050203963878685,Minduri
3167707,MG,0.26164429134240197,46,12.03563740175049,Sobrália
5003900,MS,0.20355507474536239,59,12.009749409976381,Figueirão
3501400,SP,0.363758809970947,33,12.00404072904125,Álvaro de Carvalho
3146503,MG,0.15389627372369963,78,12.003909350448572,Pains
3533205,SP,0.2353236783490945,51,12.00150759580382,Nova Independência
4308433,RS,0.4280944699520748,28,11.986645158658094,Forquetinha
4300455,RS,0.4132317169143972,29,11.983719790517519,Alegria
3111150,MG,0.2444409891551519,49,11.977608468602442,Campo Azul
2615102,PE,0.2254697003453321,53,11.9498941183026,Terezinha
3171071,MG,0.18603313649179834,64,11.906120735475094,Veredinha
3121001,MG,0.14168894702109294,84,11.901871549771807,Datas
4125456,PR,0.22420704622801524,53,11.882973450084808,São José das Palmeiras
5218052,GO,0.17727860989931477,67,11.87766686325409,Porteirão
2307254,CE,0.02417603161172966,491,11.870431521359263,Jijoca de Jericoacoara
2203008,PI,0.17451417905752353,68,11.866964175911601,Cristalândia do Piauí
4123956,PR,0.23243373343812207,51,11.854120405344226,Santa Mônica
3138005,MG,0.21161700767142366,56,11.850552429599725,Laranjal
3123106,MG,0.2630409407518918,45,11.836842333835133,Dores de Guanhães
4318465,RS,0.5378744321487557,22,11.833237507272626,São José do Herval
4319752,RS,0.36906159702525765,32,11.809971104808245,São Vendelino
3148202,MG,0.1967396807423165,60,11.80438084453899,Patrocínio do Muriaé
4100459,PR,0.22684756343285636,52,11.796073298508531,Altamira do Paraná
2111748,MA,0.11778430410962328,100,11.778430410962327,Senador Alexandre Costa
3137106,MG,0.28026602000772827,42,11.771172840324587,Lagamar
4307815,RS,0.336133046971105,35,11.764656643988676,Estrela Velha
4120101,PR,0.19919294509707355,59,11.752383760727339,Porto Amazonas
2410009,RN,0.39163087688056447,30,11.748926306416934,Pilões
3541109,SP,0.2669331347102821,44,11.745057927252414,Presidente Alves
3159506,MG,0.18639985798913142,63,11.743191053315279,Santa Rita do Itueto
4313359,RS,0.37850067120118136,31,11.733520807236623,Nova Roma do Sul
3548401,SP,0.19234012454938743,61,11.732747597512633,Santópolis do Aguapeí
4309126,RS,0.4691868530576325,25,11.729671326440814,Gramado dos Loureiros
2510501,PB,0.3782776696011677,31,11.726607757636199,Olivedos
3120003,MG,0.2854590668090011,41,11.703821739169046,Córrego Novo
5219407,GO,0.1646857622034248,71,11.69268911644316,Santa Rita do Araguaia
2104628,MA,0.10926124636401936,107,11.690953360950072,Governador Luiz Rocha
2409209,RN,0.5560287131427875,21,11.676602975998536,Passagem
4211454,SC,0.23351323711976005,50,11.675661855988002,Nova Itaberaba
4204103,SC,0.23345303975890475,50,11.672651987945237,Caxambu do Sul
1721307,TO,0.43199302552344415,27,11.663811689132991,Tupiratins
3122603,MG,0.21939319236333366,53,11.627839195256684,Dom Joaquim
4210209,SC,0.23238182019109582,50,11.619091009554792,Major Gercino
3118106,MG,0.23232130591556555,50,11.616065295778277,Congonhas do Norte
2503803,PB,0.483928728028435,24,11.61428947268244,Caldas Brandão
4320321,RS,0.3623455986678288,32,11.595059157370521,Senador Salgado Filho
2305308,CE,0.03521719950376845,329,11.586458636739819,Ibiapina
2310803,CE,0.03990715448832691,290,11.573074801614803,Pereiro
4219101,SC,0.25703734463288486,45,11.566680508479818,Vargeão
4322855,RS,0.4445116529243863,26,11.557302976034045,Vespasiano Corrêa
2705903,AL,0.23095013881269416,50,11.547506940634708,Olho d'Água Grande
4316204,RS,0.329638497943864,35,11.53734742803524,Rondinha
3516804,SP,0.3392924689294611,34,11.535943943601676,Gastão Vidigal
4107108,PR,0.24026807660900917,48,11.53286767723244,Diamante do Norte
2515906,PB,0.2351811470641065,49,11.52387620614122,Serraria
3116209,MG,0.2348710153253338,49,11.508679750941356,Chiador
4219200,SC,0.19175423375696887,60,11.505254025418132,Vidal Ramos
1704105,TO,0.410849409206821,28,11.503783457790988,Centenário
4321493,RS,0.4998638379696323,23,11.496868273301542,Toropi
2209757,PI,0.23947516646031775,48,11.494807990095252,São Gonçalo do Gurguéia
4113106,PR,0.2250633557920146,51,11.478231145392746,Kaloré
4204178,SC,0.3473439534904107,33,11.462350465183553,Cerro Negro
3538303,SP,0.2795509328173955,41,11.461588245513216,Piquerobi
4315354,RS,0.3369146439169526,34,11.455097893176388,Quinze de Novembro
2503753,PB,0.45715626204188653,25,11.428906551047163,Cajazeirinhas
3156106,MG,0.19366874172263115,59,11.426455761635237,Ritápolis
3546504,SP,0.23795494819671056,48,11.421837513442107,Santa Ernestina
2306504,CE,0.060426909119635705,189,11.420685823611148,Itapiúna
3134301,MG,0.18128028468630247,63,11.420657935237056,Itumirim
3539608,SP,0.20754985527072378,55,11.415242039889808,Planalto
3136603,MG,0.1461504084661482,78,11.39973186035956,Nova União
2403905,RN,0.36733920636732653,31,11.387515397387123,Francisco Dantas
3500204,SP,0.21078874486378774,54,11.382592222644538,Adolfo
4207601,SC,0.19263834349414483,59,11.365662266154544,Ipira
2202851,PI,0.2363888198765118,48,11.346663354072566,Coronel José Dias
2201309,PI,0.2833971328185182,40,11.335885312740729,Barreiras do Piauí
3121100,MG,0.1552298135580551,73,11.331776389738023,Delfim Moreira
3112653,MG,0.2358703606633249,48,11.321777311839595,Capitão Andrade
3158102,MG,0.3536636881277019,32,11.31723802008646,Santa Maria do Salto
3122470,MG,0.22181152382132788,51,11.312387714887722,Dom Bosco
3143450,MG,0.17138536874258115,66,11.311434337010356,Montezuma
2205300,PI,0.21341568344170353,53,11.311031222410287,Jerumenha
3167400,MG,0.1688176887192545,67,11.310785144190053,Silvianópolis
2311108,CE,0.047689737068636856,237,11.302467685266935,Porteiras
5106190,MT,0.22598620680631487,50,11.299310340315744,Nova Santa Helena
5107263,MT,0.24558427515011516,46,11.296876656905297,Santo Afonso
4313425,RS,0.4343449775354416,26,11.292969415921482,Novo Machado
1718840,TO,0.35289941627624855,32,11.292781320839953,Sandolândia
4119707,PR,0.20525127497222692,55,11.288820123472481,Planaltina do Paraná
3505005,SP,0.2821827928068338,40,11.28731171227335,Barão de Antonina
4112900,PR,0.28210899906559883,40,11.284359962623952,Jundiaí do Sul
2401503,RN,0.4027472254320821,28,11.276922312098298,Barcelona
4306700,RS,0.5125741978873626,22,11.276632353521977,Dona Francisca
4115457,PR,0.17892953750993137,63,11.272560863125676,Marquinho
4201802,SC,0.22078555205741077,51,11.260063154927948,Atalanta
2205516,PI,0.22976179002195213,49,11.258327711075655,Juazeiro do Piauí
3539905,SP,0.2674415420556804,42,11.232544766338576,Poloni
3137304,MG,0.28755307767769844,39,11.21457002943024,Lagoa dos Patos
1718899,TO,0.386640518805092,29,11.212575045347668,Santa Rita do Tocantins
3501806,SP,0.2240000114927152,50,11.20000057463576,Américo de Campos
3108107,MG,0.18655699149606955,60,11.193419489764173,Bonfim
4112751,PR,0.17215191775335448,65,11.18987465396804,Jesuítas
3542503,SP,0.19981149048576552,56,11.189443467202869,Reginópolis
4310413,RS,0.5592858527273017,20,11.185717054546034,Inhacorá
2707008,AL,0.38561884401232405,29,11.182946476357397,Pindoba
4205605,SC,0.21919072288891306,51,11.178726867334566,Galvão
4111308,PR,0.3103205712025623,36,11.171540563292243,Itaúna do Sul
3105301,MG,0.14322267229279817,78,11.171368438838257,Bandeira do Sul
3159001,MG,0.20306127556275277,55,11.168370155951402,Santana do Riacho
4120853,PR,0.16411267875748314,68,11.159662155508855,Quatro Pontes
4323754,RS,0.398331714214551,28,11.153287998007428,Vitória das Missões
4305959,RS,0.41298353743427885,27,11.150555510725528,Cotiporã
2207553,PI,0.23216966932051453,48,11.144144127384697,Paquetá
3143708,MG,0.28570168099709314,39,11.142365558886633,Morro do Pilar
3138500,MG,0.2141310937446005,52,11.134816874719226,Liberdade
4307864,RS,0.39745320343389307,28,11.128689696149006,Fagundes Varela
4306452,RS,0.3972490586035121,28,11.122973640898339,Dois Lajeados
3140308,MG,0.2646924276220248,42,11.11708196012504,Marliéria
2506608,PB,0.2699795179305282,41,11.069160235151656,Ibiara
3145455,MG,0.133273697174079,83,11.061716865448558,Olhos-d'Água
4307054,RS,0.44208994749013386,25,11.052248687253346,Ernestina
3129400,MG,0.17002029587448575,65,11.051319231841573,Ibertioga
4312427,RS,0.46045885828194705,24,11.051012598766729,Mormaço
5202502,GO,0.09934286503491582,111,11.027058018875657,Aruanã
4112207,PR,0.2249719363981214,49,11.02362488350795,Janiópolis
3543204,SP,0.23438963935292612,47,11.016313049587527,Ribeirão do Sul
4116950,PR,0.17192822420702703,64,11.00340634924973,Nova Esperança do Sudoeste
4302600,RS,0.4784054703896997,23,11.003325818963093,Braga
3155900,MG,0.27486257302108796,40,10.99450292084352,Rio Preto
4311239,RS,0.4070500564582109,27,10.990351524371695,Lagoa Bonita do Sul
2514701,PB,0.3327987873035332,33,10.982359981016595,São José do Sabugi
4314464,RS,0.47747476202792394,23,10.981919526642251,Pinhal da Serra
4120200,PR,0.26146868022021497,42,10.981684569249028,Porto Rico
3119005,MG,0.26119670751855195,42,10.970261715779182,Cordislândia
4313003,RS,0.3221895952933538,34,10.954446239974029,Nova Bréscia
5220686,GO,0.20268153230081648,54,10.94480274424409,Simolândia
4218756,SC,0.1854574867208195,59,10.94199171652835,Tunápolis
4208609,SC,0.19526547887597948,56,10.93486681705485,Jaborá
2200053,PI,0.18527949536593147,59,10.931490226589956,Acauã
5106273,MT,0.21007145506071112,52,10.923715663156978,Novo Horizonte do Norte
4303558,RS,0.36391739035130466,30,10.91752171053914,Camargo
4110409,PR,0.25377012857802295,43,10.912115528854986,Indianópolis
4107850,PR,0.16507060106661414,66,10.894659670396534,Flor da Serra do Sul
3148301,MG,0.14904098676697947,73,10.8799920339895,Paula Cândido
3170438,MG,0.24705177577469462,44,10.870278134086563,União de Minas
5222203,GO,0.18419925011115176,59,10.867755756557955,Vila Boa
3106101,MG,0.2716906022353073,40,10.86762408941229,Belmiro Braga
2200251,PI,0.24108103099983472,45,10.848646394992562,Alagoinha do Piauí
3130655,MG,0.15065247271592377,72,10.846978035546512,Indaiabira
4304655,RS,0.38707438942574923,28,10.838082903920979,Capão do Cipó
4107801,PR,0.196923965034555,55,10.830818076900526,Floraí
4211892,SC,0.38599594588337116,28,10.807886484734393,Painel
3126307,MG,0.2838357126371984,38,10.78575708021354,Fortaleza de Minas
2517407,PB,0.33672113190830644,32,10.775076221065806,Zabelê
4307450,RS,0.29109958475976583,37,10.770684636111335,Esperança do Sul
4119004,PR,0.15836011129645663,68,10.76848756815905,Pérola d'Oeste
2306702,CE,0.04784466722576351,225,10.76505012579679,Jaguaretama
4303202,RS,0.4482015900004665,24,10.756838160011196,Cacique Doble
2203602,PI,0.268842712020548,40,10.75370848082192,Eliseu Martins
4303673,RS,0.42891822331620366,25,10.722955582905092,Campestre da Serra
3150505,MG,0.12319873009262312,87,10.718289518058212,Pimenta
4211256,SC,0.2142645958680016,50,10.71322979340008,Morro Grande
5106208,MT,0.18793685016807946,57,10.712400459580529,Nova Brasilândia
4305157,RS,0.4459580527822415,24,10.702993266773795,Cerro Grande
3127339,MG,0.24884537695254916,43,10.700351208959614,Gameleiras
2509156,PB,0.1945169298450519,55,10.698431141477855,Marizópolis
4312757,RS,0.38141843551928584,28,10.679716194540003,Nova Alvorada
4305371,RS,0.6280607842733342,17,10.677033332646682,Charrua
5203807,GO,0.09885007947147921,108,10.675808582919755,Britânia
3140209,MG,0.27370249749320874,39,10.67439740223514,Maripá de Minas
3156403,MG,0.22632808012139902,47,10.637419765705754,Romaria
3162252,MG,0.22606780692826112,47,10.625186925628272,São João da Lagoa
3542305,SP,0.24707160343977963,43,10.624078947910524,Redenção da Serra
2414308,RN,0.5311797323160032,20,10.623594646320065,Timbaúba dos Batistas
3103603,MG,0.3422479529191478,31,10.60968654049358,Arantina
2101939,MA,0.26507763889032165,40,10.603105555612867,Bernardo do Mearim
4204194,SC,0.25821694446165067,41,10.586894722927678,Chapadão do Lageado
4212403,SC,0.20736614258013517,51,10.575673271586894,Pedras Grandes
3545506,SP,0.21121716580305205,50,10.560858290152602,Sandovalina
3517109,SP,0.18198422837804656,58,10.555085245926701,Glicério
2515971,PB,0.3513775158779146,30,10.541325476337438,Sobrado
4314787,RS,0.3764400039677299,28,10.540320111096438,Ponte Preta
5103809,MT,0.2449925610099325,43,10.534680123427098,Figueirópolis D'Oeste
3142304,MG,0.1755146988863271,60,10.530881933179625,Moeda
2510709,PB,0.25675832864264364,41,10.527091474348389,Passagem
4307831,RS,0.389266527010909,27,10.510196229294543,Eugênio de Castro
4215406,SC,0.20203527428524792,52,10.505834262832892,Salto Veloso
3135902,MG,0.19093153393305973,55,10.501234366318284,Jesuânia
1700251,TO,0.34989838712870924,30,10.496951613861278,Abreulândia
4201109,SC,0.2913444762832812,36,10.488401146198123,Anitápolis
4106571,PR,0.1744897084056701,60,10.469382504340206,Cruzeiro do Iguaçu
3551306,SP,0.23789104763276858,44,10.467206095841817,Sebastianópolis do Sul
5205000,GO,0.12895390280486957,81,10.445266127194435,Carmo do Rio Verde
5103437,MT,0.15567838403336154,67,10.430451730235223,Curvelândia
5221700,GO,0.08406896459665573,124,10.424551609985311,Uruana
2504074,PB,0.2816553517601712,37,10.421248015126334,Caraúbas
3532157,SP,0.3361607584870091,31,10.420983513097282,Nantes
4307401,RS,0.4530356371492487,23,10.41981965443272,Esmeralda
3532108,SP,0.27391131387488576,38,10.40862992724566,Murutinga do Sul
4318499,RS,0.3581426304128035,29,10.3861362819713,São José do Inhacorá
3129905,MG,0.23602708360678826,44,10.385191678698684,Ibitiúra de Minas
3159308,MG,0.21192504760823583,49,10.384327332803556,Santa Rita de Jacutinga
2202729,PI,0.11776579053733077,88,10.363389567285108,Cocal dos Alves
4108650,PR,0.1671502153156337,62,10.363313349569289,Goioxim
4202081,SC,0.25247224614349506,41,10.351362091883297,Bandeirante
4202859,SC,0.24645549162468205,42,10.351130648236646,Braço do Trombudo
5208509,GO,0.24625957792516273,42,10.342902272856835,Goiandira
5209408,GO,0.30404972130363506,34,10.337690524323591,Guarani de Goiás
4107546,PR,0.19139759085309754,54,10.335469906067267,Espigão Alto do Iguaçu
4213104,SC,0.16405098509969698,63,10.33521206128091,Piratuba
4319125,RS,0.49175666931862644,21,10.326890055691155,São Martinho da Serra
1715507,TO,0.42922447789763707,24,10.30138746954329,Oliveira de Fátima
3159209,MG,0.15361096366033908,67,10.291934565242718,Santa Rita de Caldas
2500205,PB,0.2858682352917874,36,10.291256470504345,Aguiar
2608701,PE,0.12700684083186606,81,10.287554107381151,Lagoa dos Gatos
3154408,MG,0.20548579440120482,50,10.27428972006024,Ressaquinha
3120102,MG,0.19757424971263193,52,10.27386098505686,Couto de Magalhães de Minas
4301073,RS,0.5402396140349264,19,10.264552666663601,Arroio do Padre
4209177,SC,0.29310754554747753,35,10.258764094161714,Jupiá
3500907,SP,0.32053343949305446,32,10.257070063777743,Altair
2206357,PI,0.36624697619950275,28,10.254915333586077,Milton Brandão
3164407,MG,0.14017622638284197,73,10.232864525947464,São Sebastião da Bela Vista
3170305,MG,0.25537681875821827,40,10.21507275032873,Umburatiba
3140605,MG,0.30927820900860137,33,10.206180897283845,Materlândia
3165503,MG,0.1670272836388004,61,10.188664301966824,Sardoá
3540408,SP,0.2546428228803841,40,10.185712915215364,Populina
4316477,RS,0.4072977903033342,25,10.182444757583355,Salvador das Missões
2206951,PI,0.2262146592517498,45,10.17965966632874,Novo Santo Antônio
3554607,SP,0.33881411475193945,30,10.164423442558183,Timburi
4300471,RS,0.483641755283974,21,10.156476860963455,Almirante Tamandaré do Sul
2203420,PI,0.18458510778388296,55,10.152180928113562,Domingos Mourão
3510906,SP,0.2742912415809293,37,10.148775938494385,Cássia dos Coqueiros
4302220,RS,0.3758683407246021,27,10.148445199564257,Boa Vista do Cadeado
4218855,SC,0.24155576347795857,42,10.14534206607426,União do Oeste
3136801,MG,0.2981849482702479,34,10.138288241188429,Juramento
4107124,PR,0.19469162201559256,52,10.123964344810814,Diamante do Sul
4216255,SC,0.1405686838494199,72,10.120945237158233,São João do Oeste
3171402,MG,0.26629168637191436,38,10.119084082132746,Vieiras
3161403,MG,0.22484708609731152,45,10.118118874379018,São Francisco do Glória
3103702,MG,0.14444746932832386,70,10.11132285298267,Araponga
5216452,GO,0.20632758670709483,49,10.110051748647647,Perolândia
3167509,MG,0.3484235856569622,29,10.104283984051904,Simão Pereira
2509602,PB,0.17122039082534657,59,10.102003058695448,Monte Horebe
4313466,RS,0.4808924168378895,21,10.09874075359568,Novo Xingu
5107578,MT,0.33644211356144105,30,10.093263406843231,Rondolândia
2210953,PI,0.2460233674185757,41,10.086958064161603,Tamboril do Piauí
3130606,MG,0.19772620790500517,51,10.084036603155264,Inconfidentes
4213351,SC,0.2723618161373835,37,10.077387197083189,Ponte Alta do Norte
4308052,RS,0.4578442838322671,22,10.072574244309877,Faxinalzinho
5107198,MT,0.2650298283931338,38,10.071133478939085,Ribeirãozinho
5206305,GO,0.15727586199343846,64,10.065655167580061,Cristianópolis
5218102,GO,0.2095762920773987,48,10.059662019715137,Portelândia
3529658,SP,0.3584854110167798,28,10.037591508469834,Mesópolis
2504207,PB,0.15670081197920016,64,10.02885196666881,Catingueira
1718451,TO,0.5276087173648157,19,10.0245656299315,Pugmil
2211506,PI,0.278270671691803,36,10.017744180904907,Vera Mendes
2203404,PI,0.1926459472946058,52,10.017589259319502,Dom Expedito Lopes
3162658,MG,0.22756354421965763,44,10.012795945664935,São João do Pacuí
2201945,PI,0.1924988152058968,52,10.009938390706633,Boqueirão do Piauí
1720002,TO,0.4003034783716549,25,10.007586959291373,Santa Terezinha do Tocantins
4123204,PR,0.2173754782460056,46,9.999271999316257,Santa Cecília do Pavão
2200608,PI,0.10414650815024146,96,9.99806478242318,Angical do Piauí
4323358,RS,0.3563680884377848,28,9.978306476257973,Vila Lângaro
4126652,PR,0.2374632705434634,42,9.973457362825462,Sulina
2410603,RN,0.4532746489167281,22,9.972042276168018,Rafael Godeiro
4117404,PR,0.2764055856500113,36,9.950601083400405,Ourizona
4318440,RS,0.368421492360983,27,9.94738029374654,São Jorge
4320651,RS,0.5521641067379939,18,9.93895392128389,Silveira Martins
2210979,PI,0.2923165220709072,34,9.938761750410844,Tanque do Piauí
4103370,PR,0.22578144546912401,44,9.934383600641457,Brasilândia do Sul
3167806,MG,0.15756570862322639,63,9.926639643263263,Soledade de Minas
4308656,RS,0.4712146946288665,21,9.895508587206196,Garruchos
4219150,SC,0.23004364140706146,43,9.891876580503643,Vargem
4312443,RS,0.43002730091073216,23,9.890627920946839,Morrinhos do Sul
4312054,RS,0.42959343119920346,23,9.880648917581679,Marques de Souza
3154705,MG,0.2194705766369235,45,9.876175948661556,Ribeirão Vermelho
4309159,RS,0.5187636121771713,19,9.856508631366253,Gramado Xavier
5221577,GO,0.29867836651243457,33,9.856386094910341,Uirapuru
3160900,MG,0.20105867409312095,49,9.851875030562926,São Brás do Suaçuí
4300703,RS,0.4279982196824221,23,9.843959052695707,Anta Gorda
3160108,MG,0.13289282990901785,74,9.83406941326732,Santo Antônio do Grama
2201919,PI,0.2047803069471252,48,9.82945473346201,Bom Princípio do Piauí
2313559,CE,0.04110733071666229,239,9.824652041282286,Tururu
3116308,MG,0.21334853765217118,46,9.814032731999875,Cipotânea
2302057,CE,0.0421002023699911,233,9.809347152207925,Barroquinha
3528700,SP,0.2802605654288004,35,9.809119790008014,Marabá Paulista
3101631,MG,0.20424595786381772,48,9.80380597746325,Alfredo Vasconcelos
3150208,MG,0.22256131433980675,44,9.792697830951496,Piedade de Ponte Nova
2603926,PE,0.10283147152177648,95,9.768989794568766,Carnaubeira da Penha
4201273,SC,0.13947898345874607,70,9.763528842112224,Arabutã
3503158,SP,0.34818699751117477,28,9.749235930312894,Arapeí
4213005,SC,0.24350293916076549,40,9.74011756643062,Pinheiro Preto
4311791,RS,0.360343111267269,27,9.729264004216262,Maratá
3157302,MG,0.1594569787815393,61,9.726875705673898,Santa Bárbara do Tugúrio
4107538,PR,0.1387570018484654,70,9.712990129392578,Entre Rios do Oeste
4117206,PR,0.15175269405813885,64,9.712172419720886,Nova Olímpia
5200175,GO,0.13677911307066226,71,9.711317028017021,Água Fria de Goiás
3117405,MG,0.24875882124778514,39,9.70159402866362,Conceição de Ipanema
5209804,GO,0.24849615967649016,39,9.691350227383117,Hidrolina
1720937,TO,0.34604264072151353,28,9.68919394020238,Taipas do Tocantins
4128658,PR,0.1899726614162941,51,9.688605732230998,Virmond
2306108,CE,0.027744478402702773,349,9.682822962543268,Irauçuba
5208152,GO,0.1694854011702783,57,9.660667866705863,Gameleira de Goiás
3158805,MG,0.158208609528391,61,9.65072518123185,Santana do Jacaré
4302451,RS,0.4383960821742741,22,9.64471380783403,Boqueirão do Leão
4104055,PR,0.21398946384801962,45,9.629525873160883,Campo Bonito
2513968,PB,0.3320309111104839,29,9.628896422204033,São Domingos
2202752,PI,0.15774057047143386,61,9.622174798757465,Colônia do Gurguéia
4304614,RS,0.4808924168378895,20,9.61784833675779,Canudos do Vale
4128625,PR,0.2670763268756975,36,9.61474776752511,Alto Paraíso
3515608,SP,0.18846518399765466,51,9.611724383880388,Fernando Prestes
2502052,PB,0.25283734813945447,38,9.60781922929927,Bernardino Batista
2513653,PB,0.25936285722859564,37,9.59642571745804,Joca Claudino
3149606,MG,0.19986529123233043,48,9.59353397915186,Pequi
5107404,MT,0.17429947202564622,55,9.586470961410543,São Pedro da Cipa
3161056,MG,0.2904366034253638,33,9.584407913037007,São Félix de Minas
2509339,PB,0.2662217042522184,36,9.583981353079864,Matinhas
4202537,SC,0.25857179577998834,37,9.567156443859568,Bom Jesus
3100708,MG,0.25164656041695677,38,9.562569295844357,Água Comprida
2201903,PI,0.0468569021170752,204,9.558808031883341,Bom Jesus
3152709,MG,0.12737762452658463,75,9.553321839493847,Prados
3150406,MG,0.18358285206016367,52,9.54630830712851,Piedade dos Gerais
3203163,ES,0.13835093035060797,69,9.54621419419195,Laranja da Terra
3161205,MG,0.16177603490064624,59,9.544786059138127,São Francisco de Paula
5215504,GO,0.11780378036671035,81,9.542106209703539,Ouvidor
4115853,PR,0.12516508786256067,76,9.512546677554612,Mercedes
4209854,SC,0.18267312542898217,52,9.499002522307073,Lindóia do Sul
3162302,MG,0.23124531599865128,41,9.481057955944703,São João da Mata
4209805,SC,0.23107516335240957,41,9.474081697448792,Leoberto Leal
3531605,SP,0.2705676644354139,35,9.469868255239486,Monte Castelo
3537156,SP,0.2364517215975861,40,9.458068863903444,Pedrinhas Paulista
3172202,MG,0.29528848241140304,32,9.449231437164897,Wenceslau Braz
4306072,RS,0.3258062923006783,29,9.44838247671967,Cristal do Sul
4124905,PR,0.13102701078974854,72,9.433944776861896,São João do Caiuá
3145372,MG,0.16247632264911108,58,9.423626713648442,Novorizonte
3125309,MG,0.30393516489822353,31,9.421990111844929,Faria Lemos
2512747,PB,0.3137482192487585,30,9.412446577462756,Riachão
2402907,RN,0.4951297152840517,19,9.407464590396982,Coronel João Pessoa
2708105,AL,0.1032601364284267,91,9.39667241498683,Santana do Mundaú
4305116,RS,0.37565363209926245,25,9.391340802481562,Centenário
4207759,SC,0.2233388420720857,42,9.3802313670276,Iraceminha
5106174,MT,0.19528846169629055,48,9.373846161421946,Nova Nazaré
2209906,PI,0.14190554645818984,66,9.36576606624053,São João da Serra
2503407,PB,0.30168533579892565,31,9.352245409766695,Cacimba de Areia
4305603,RS,0.4250374620570558,22,9.350824165255228,Colorado
2209401,PI,0.27418475907805095,34,9.322281808653733,Santo Antônio de Lisboa
2202455,PI,0.186298126724591,50,9.31490633622955,Capitão Gervásio Oliveira
3117603,MG,0.17899758883662728,52,9.307874619504618,Conceição do Pará
4310900,RS,0.3206206117681726,29,9.297997741277005,Jacutinga
2515708,PB,0.26540613122549805,35,9.289214592892431,Serra Grande
4113403,PR,0.18956688330532867,49,9.288777281961105,Leópolis
3160959,MG,0.1365796087405286,68,9.287413394355944,São Domingos das Dores
5218391,GO,0.18554277173980396,50,9.277138586990198,Professor Jamil
2205151,PI,0.16260965324681448,57,9.268750235068426,Jacobina do Piauí
2206001,PI,0.1816197103044097,51,9.262605225524895,Marcos Parente
4103008,PR,0.14245687147360742,65,9.259696645784482,Boa Esperança
4120309,PR,0.22519555040265746,41,9.233017566508956,Porto Vitória
2501153,PB,0.4186714021287034,22,9.210770846831474,Areia de Baraúnas
4212239,SC,0.18790161308945638,49,9.207179041383363,Paraíso
3527900,SP,0.27056330418635854,34,9.199152342336191,Lutécia
3115201,MG,0.2621566665549421,35,9.175483329422972,Conceição da Barra de Minas
3171907,MG,0.24136811906830646,38,9.171988524595646,Virgolândia
3501103,SP,0.2478712894797369,37,9.171237710750265,Alto Alegre
2311207,CE,0.08009584131181544,114,9.13092590954696,Potengi
4317558,RS,0.4551841830322568,20,9.103683660645135,Santo Antônio do Palma
3156205,MG,0.29349983881199804,31,9.098495003171939,Rochedo de Minas
4306379,RS,0.3954699178309734,23,9.095808110112388,Dilermando de Aguiar
3544707,SP,0.2597913507966718,35,9.092697277883513,Sagres
2510402,PB,0.21626022210890383,42,9.082929328573961,Olho d'Água
4205191,SC,0.23285676486249754,39,9.081413829637404,Ermo
2206654,PI,0.43228487361671075,21,9.077982345950925,Morro Cabeça no Tempo
3152131,MG,0.20159294776214187,45,9.071682649296385,Ponto Chique
3149200,MG,0.22658802337607864,40,9.063520935043146,Pedrinópolis
4113759,PR,0.2744774853101569,33,9.057757015235179,Lunardelli
3153707,MG,0.32336116376955903,28,9.054112585547653,Quartel Geral
3111903,MG,0.14357898294986504,63,9.045475925841497,Cana Verde
2505006,PB,0.12562689201209262,72,9.045136224870669,Cubati
4310702,RS,0.47556566020301555,19,9.035747543857296,Itatiba do Sul
2100105,MA,0.14566896036836618,62,9.031475542838704,Afonso Cunha
4302253,RS,0.4104774430994454,22,9.0305037481878,Boa Vista do Sul
3528205,SP,0.20062424638634546,45,9.028091087385546,Macedônia
5209937,GO,0.134697125655176,67,9.024707418896792,Inaciolândia
4314134,RS,0.39179735916257735,23,9.011339260739279,Paulo Bento
4201604,SC,0.19548046449211628,46,8.99210136663735,Arroio Trinta
2204600,PI,0.19971324494193865,45,8.98709602238724,Hugo Napoleão
3157658,MG,0.16321413993925515,55,8.976777696659033,Santa Helena de Minas
5216809,GO,0.16930648259159675,53,8.973243577354628,Petrolina de Goiás
3157278,MG,0.30937149512409323,29,8.971773358598703,Santa Bárbara do Monte Verde
2309102,CE,0.0887144225310777,101,8.960156675638848,Mulungu
3553658,SP,0.3445861447323816,26,8.959239763041921,Taquaral
1720853,TO,0.271023097149251,33,8.943762205925283,Sucupira
4113429,PR,0.19409892957580666,46,8.928550760487106,Lidianópolis
2202737,PI,0.12399934082030382,72,8.927952539061875,Coivaras
4312674,RS,0.4948553285113755,18,8.907395913204759,Nicolau Vergueiro
4107405,PR,0.1710501135028869,52,8.894605902150118,Enéas Marques
4200051,SC,0.20190286675051883,44,8.883726137022828,Abdon Batista
3113800,MG,0.2865625916513038,31,8.883440341190418,Carmésia
4102208,PR,0.16431833945480234,54,8.873190330559327,Atalaia
3130556,MG,0.14977633688862568,59,8.836803876428915,Imbé de Minas
4210852,SC,0.22643980004479913,39,8.831152201747166,Mirim Doce
4315313,RS,0.5515886687360412,16,8.825418699776659,Quatro Irmãos
4206801,SC,0.25212647839622815,35,8.824426743867985,Ibicaré
3119609,MG,0.3262858427199926,27,8.8097177534398,Coronel Pacheco
3131406,MG,0.2258199635222381,39,8.806978577367286,Ipiaçu
5218607,GO,0.09368254590561934,94,8.806159315128218,Rialma
3136553,MG,0.20445408406639692,43,8.791525614855068,José Raydan
1709807,TO,0.5166647783508135,17,8.78330123196383,Ipueiras
3161601,MG,0.24381363630549668,36,8.77729090699788,São Geraldo da Piedade
2210391,PI,0.26592634299658857,33,8.775569318887422,São Miguel do Fidalgo
2512606,PB,0.31337676153020555,28,8.774549322845756,Quixaba
2514552,PB,0.32497516170913865,27,8.774329366146743,São José de Princesa
3157377,MG,0.25039444041735426,35,8.763805414607399,Santa Cruz de Salinas
2302305,CE,0.0268427188428588,326,8.75072634277197,Bela Cruz
4320602,RS,0.5130923005009518,17,8.722569108516181,Severiano de Almeida
2208908,PI,0.17099696386731567,51,8.720845157233098,Ribeiro Gonçalves
5215900,GO,0.1556961908513997,56,8.718986687678385,Palminópolis
4310553,RS,0.5812597284950729,15,8.718895927426093,Itacurubi
2515807,PB,0.3224046564077466,27,8.70492572300916,Serra Redonda
3153301,MG,0.211994220995133,41,8.691763060800453,Presidente Kubitschek
5007976,MS,0.18491066357091446,47,8.69080118783298,Taquarussu
3155306,MG,0.13165413559167707,66,8.689172949050686,Rio Manso
5212907,GO,0.18472169691960927,47,8.681919755221635,Marzagão
5221809,GO,0.1887109372090018,46,8.680703111614083,Urutaí
3164506,MG,0.1972535577014047,44,8.679156538861807,São Sebastião do Maranhão
3528858,SP,0.22756423295715686,38,8.647440852371961,Marapoama
2200806,PI,0.17610681884213786,49,8.629234123264755,Antônio Almeida
2200905,PI,0.3195896802335183,27,8.628921366304994,Aroazes
3144672,MG,0.2973176702031849,29,8.622212435892362,Nova Belém
3518909,SP,0.20524054276466194,42,8.620102796115802,Guzolândia
2514651,PB,0.3588032053132573,24,8.611276927518176,São José do Brejo do Cruz
2307635,CE,0.03743434551435967,230,8.609899468302723,Madalena
4304622,RS,0.4780194190091955,18,8.604349542165519,Capão Bonito do Sul
2414902,RN,0.37396216170833596,23,8.601129719291727,Viçosa
2210102,PI,0.20428510845771652,42,8.579974555224094,São José do Peixe
3171501,MG,0.2675266908865087,32,8.560854108368279,Mathias Lobato
2508703,PB,0.2760399105175547,31,8.557237226044196,Mãe d'Água
3120409,MG,0.15008134259616823,57,8.55463652798159,Cristiano Otoni
2207405,PI,0.19440436392664295,44,8.55379201277229,Palmeira do Piauí
3528304,SP,0.2756807569433579,31,8.546103465244096,Magda
4313086,RS,0.3882137502739363,22,8.540702506026598,Nova Pádua
3513306,SP,0.3410010065317135,25,8.525025163292838,Cruzália
4302584,RS,0.4722361356702181,18,8.500250442063926,Bozano
5219001,GO,0.0944384976533733,90,8.499464788803596,Sanclerlândia
2502201,PB,0.31463305087884375,27,8.495092373728781,Bom Jesus
3116407,MG,0.18863994517427696,45,8.488797532842463,Claraval
3151909,MG,0.14376094407583273,59,8.481895700474132,Pocrane
4103958,PR,0.1730420528961188,49,8.479060591909821,Campina do Simão
3544509,SP,0.2173366323194472,39,8.476128660458441,Rubinéia
2513984,PB,0.24924209813298834,34,8.474231336521603,São Francisco
4119657,PR,0.18784320689623535,45,8.45294431033059,Pitangueiras
4215059,SC,0.2412946785921775,35,8.445313750726212,Rio Rufino
2105807,MA,0.13620934459960654,62,8.444979365175605,Lago do Junco
2210300,PI,0.15618727134842622,54,8.434112652815015,São Julião
3105004,MG,0.1560367425219559,54,8.42598409618562,Baldim
5221551,GO,0.14275458067700908,59,8.422520259943536,Turvelândia
5220264,GO,0.23393789545026936,36,8.421764236209697,São Miguel do Passa Quatro
3163409,MG,0.17185088173561736,49,8.42069320504525,São José do Goiabal
3109600,MG,0.2157583416971689,39,8.414575326189587,Cachoeira da Prata
3109253,MG,0.1828417360202485,46,8.410719856931431,Bugre
3138302,MG,0.2210391166814103,38,8.39948643389359,Leandro Ferreira
5216304,GO,0.08570299720062613,98,8.398893725661361,Paranaiguara
4322558,RS,0.39984413508414046,21,8.39672683676695,Vanini
3544400,SP,0.2533018824251798,33,8.358962120030935,Rubiácea
3116902,MG,0.24579778871087565,34,8.357124816169772,Comendador Gomes
4214151,SC,0.2455577919464537,34,8.348964926179425,Princesa
5221007,GO,0.20851551533765936,40,8.340620613506374,Taquaral de Goiás
3125903,MG,0.17374003375159722,48,8.339521620076667,Ferros
3548302,SP,0.27780650517904115,30,8.334195155371235,Santo Expedito
3127370,MG,0.15424571743117466,54,8.329268741283432,Goiabeira
3105509,MG,0.15988664707421935,52,8.314105647859407,Barão do Monte Alto
5105309,MT,0.2595685475102949,32,8.306193520329437,Luciara
3135407,MG,0.14571666741972245,57,8.30585004292418,Jeceaba
3119203,MG,0.2514915683110873,33,8.299221754265881,Coroaci
5213772,GO,0.24375953952118004,34,8.287824343720121,Montividiu do Norte
2506202,PB,0.31846603795810413,26,8.280116986910707,Frei Martinho
2401651,RN,0.3308815881634059,25,8.272039704085147,Bodó
4315453,RS,0.48642360651736094,17,8.269201310795136,Relvado
2205904,PI,0.1757351785394671,47,8.259553391354954,Manoel Emídio
5220702,GO,0.2063855285406373,40,8.255421141625492,Sítio d'Abadia
2203107,PI,0.1794378504981128,46,8.25414112291319,Cristino Castro
2313955,CE,0.03193479686216303,258,8.23917759043806,Varjota
5206503,GO,0.21668360296702294,38,8.233976912746872,Cromínia
5204003,GO,0.1055472776904053,78,8.232687659851614,Cabeceiras
3107604,MG,0.1749892674590715,47,8.22449557057636,Bom Jesus da Penha
3546207,SP,0.2492237615389129,33,8.224384130784125,Santa Cruz da Conceição
2202075,PI,0.23409419310407031,35,8.193296758642461,Cajazeiras do Piauí
2506509,PB,0.17805711902029475,46,8.190627474933558,Gurjão
3158607,MG,0.2727375528980819,30,8.182126586942456,Santana do Deserto
4215752,SC,0.2096110147304242,39,8.174829574486544,São Bernardino
4126405,PR,0.18554519010711637,44,8.16398836471312,Sertaneja
2305902,CE,0.017857277521518194,457,8.160775827333815,Ipueiras
3166006,MG,0.15690542606913727,52,8.159082155595138,Senhora de Oliveira
2508406,PB,0.2717375349464722,30,8.152126048394166,Lastro
5219258,GO,0.1253890917151701,65,8.150290961486057,Santa Fé de Goiás
2209609,PI,0.20882944704372497,39,8.144348434705273,São Félix do Piauí
5200902,GO,0.20344915870409008,40,8.137966348163603,Amorinópolis
2313005,CE,0.04068041556436721,200,8.136083112873441,Solonópole
2504108,PB,0.1848766624078565,44,8.134573145945685,Carrapateira
3144409,MG,0.1693699127777697,48,8.129755813332945,Natércia
4101655,PR,0.21393303254230855,38,8.129455236607726,Arapuã
4323705,RS,0.3691558620580333,22,8.121428965276733,Vista Gaúcha
3536570,SP,0.2618402193386964,31,8.117046799499589,Paulistânia
4102752,PR,0.17644212318507602,46,8.116337666513497,Bela Vista da Caroba
3126752,MG,0.2533164377008982,32,8.106126006428742,Franciscópolis
3547106,SP,0.21297468999834968,38,8.093038219937288,Santa Mercedes
5201454,GO,0.19244631510767465,42,8.082745234522335,Aparecida do Rio Doce
4323770,RS,0.3230836211791585,25,8.077090529478962,Westfália
4123824,PR,0.187783203410841,43,8.074677746666163,Santa Lúcia
4318051,RS,0.5033530845777793,16,8.053649353244468,São Domingos do Sul
5214051,GO,0.09815418970230948,82,8.048643555589377,Mundo Novo
4305850,RS,0.47295800037723135,17,8.040286006412932,Coqueiros do Sul
5208301,GO,0.16744113903668612,48,8.037174673760934,Divinópolis de Goiás
3551207,SP,0.2231734590292831,36,8.034244525054191,Sarutaiá
2111953,MA,0.20062893972805504,40,8.025157589122202,Sucupira do Riachão
2209153,PI,0.25832066605601733,31,8.007940647736538,Santa Cruz dos Milagres
2306801,CE,0.06661340617970893,120,7.993608741565071,Jaguaribara
3106655,MG,0.19488679877222997,41,7.990358749661429,Berizal
4108106,PR,0.22829139382498775,35,7.990198783874572,Flórida
4306429,RS,0.49932425712912987,16,7.989188114066078,Dois Irmãos das Missões
3124609,MG,0.24199287991635543,33,7.985765037239729,Estrela Dalva
4313441,RS,0.41988108398938606,19,7.977740595798335,Novo Tiradentes
3123304,MG,0.1448488895001515,55,7.966688922508333,Dores do Turvo
5215207,GO,0.27440210286874056,29,7.957660983193477,Novo Brasil
3143609,MG,0.23391601438572018,34,7.953144489114486,Morro da Garça
4318432,RS,0.30494824730616127,26,7.9286544299601935,São João do Polêsine
4118303,PR,0.2731387406675917,29,7.9210234793601595,Paranapoema
3502606,SP,0.2475068258246519,32,7.92021842638886,Aparecida d'Oeste
4313607,RS,0.3957220276079265,20,7.91444055215853,Paim Filho
4122800,PR,0.1363266826740951,58,7.906947595097515,Salgado Filho
3157401,MG,0.25486906568249323,31,7.90094103615729,Santa Cruz do Escalvado
4322186,RS,0.4933108071829604,16,7.892972914927366,Tupanci do Sul
4115903,PR,0.2721382679877904,29,7.892009771645921,Mirador
2605459,PE,0.19243361637806677,41,7.889778271500738,Fernando de Noronha
4315552,RS,0.3030648448971526,26,7.879685967325967,Rio dos Índios
4202156,SC,0.19193302323025066,41,7.869253952440277,Belmonte
2204808,PI,0.07422319520502962,106,7.867658691733141,Ipiranga do Piauí
3138351,MG,0.21189808296161622,37,7.8402290695798,Leme do Prado
4106555,PR,0.16680344697907112,47,7.839762008016343,Corumbataí do Sul
4214102,SC,0.2611201696432711,30,7.833605089298134,Presidente Nereu
3141306,MG,0.1863929848094611,42,7.828505361997366,Medeiros
3140407,MG,0.1908948370150635,41,7.826688317617603,Marmelópolis
5204656,GO,0.1815152102807901,43,7.8051540420739745,Campinaçu
3159704,MG,0.19501825519963534,40,7.8007302079854135,Santa Rosa da Serra
5107743,MT,0.19490108456485733,40,7.796043382594293,Santa Cruz do Xingu
2204303,PI,0.08647445788441,90,7.782701209596899,Fronteiras
3146701,MG,0.25914824224963284,30,7.774447267488985,Palma
2512788,PB,0.352887779381005,22,7.76353114638211,Riacho de Santo Antônio
3108701,MG,0.21528703870929078,36,7.7503333935344685,Brás Pires
4205431,SC,0.20937946543654407,37,7.7470402211521305,Formosa do Sul
1706258,TO,0.2581534439465841,30,7.744603318397524,Crixás do Tocantins
3106507,MG,0.14867934203635505,52,7.731325785890462,Berilo
2208551,PI,0.24937198159710003,31,7.730531429510101,Porto Alegre do Piauí
5205208,GO,0.10725076289395008,72,7.722054928364406,Caturaí
4109104,PR,0.24125155243182816,32,7.720049677818501,Guaporema
1720150,TO,0.3215355389579687,24,7.716852934991249,São Félix do Tocantins
3153103,MG,0.18808998985879832,41,7.711689584210731,Presidente Bernardes
3161650,MG,0.202830860272047,38,7.707572690337786,São Geraldo do Baixio
3107000,MG,0.2752260331039873,28,7.706328926911644,Biquinhas
2313708,CE,0.11675712265346366,66,7.705970095128602,Umari
3134509,MG,0.2201090041913002,35,7.703815146695507,Itutinga
5209606,GO,0.19707738456135449,39,7.686017997892825,Heitoraí
3163201,MG,0.18741384715617582,41,7.683967733403208,São José do Alegre
3119955,MG,0.1299989609650313,59,7.669938696936847,Córrego Fundo
3125804,MG,0.2949033082158552,26,7.667486013612235,Fernandes Tourinho
3110103,MG,0.22523268191028667,34,7.6579111849497465,Caiana
4214300,SC,0.23921873648720146,32,7.654999567590447,Rancho Queimado
3515129,SP,0.2639063983038348,29,7.6532855508112085,Emilianópolis
3529609,SP,0.25484782565188846,30,7.645434769556654,Meridiano
4213153,SC,0.16202197009569397,47,7.615032594497617,Planalto Alegre
3552551,SP,0.2307025421869653,33,7.613183892169855,Suzanápolis
3112208,MG,0.23059522784337638,33,7.6096425188314205,Capela Nova
3150000,MG,0.21094057172726033,36,7.593860582181372,Pescador
3546256,SP,0.3156298554399749,24,7.575116530559398,Santa Cruz da Esperança
3149507,MG,0.22945360533898917,33,7.571968976186643,Pequeri
3144201,MG,0.26104082805840345,29,7.5701840136937,Nacip Raydan
4322376,RS,0.47312322196544365,16,7.569971551447098,Unistalda
4310462,RS,0.3981984356879501,19,7.565770278071052,Ipiranga do Sul
3133907,MG,0.19892955349114785,38,7.5593230326636185,Itaverava
3105707,MG,0.16423298058202268,46,7.554717106773043,Barra Longa
3506201,SP,0.26959808407805763,28,7.548746354185614,Bento de Abreu
3147808,MG,0.2037927003457084,37,7.5403299127912105,Passa Vinte
3164100,MG,0.15706856666744587,48,7.539291200037402,São Pedro do Suaçuí
3528908,SP,0.3417944234267837,22,7.519477315389241,Mariápolis
2205276,PI,0.14743285076270757,51,7.519075388898086,Jatobá do Piauí
3110202,MG,0.23473759501137514,32,7.511603040364005,Cajuri
3501509,SP,0.2585431311177273,29,7.497750802414092,Alvinlândia
2505808,PB,0.3404441467049425,22,7.489771227508735,Duas Estradas
2211407,PI,0.19199527413312456,39,7.487815691191858,Várzea Grande
5106851,MT,0.18245815330285298,41,7.480784285416972,Porto Estrela
3168309,MG,0.1496102866764369,50,7.480514333821844,Taquaraçu de Minas
3122108,MG,0.195665126933099,38,7.435274823457762,Divino das Laranjeiras
3166105,MG,0.27482186706843503,27,7.420190410847746,Senhora do Porto
3516507,SP,0.24715067687894823,30,7.414520306368447,Gabriel Monteiro
2202133,PI,0.11920967298669188,62,7.390999725174897,Campo Grande do Piauí
2517100,PB,0.32131360775666384,23,7.390212978403269,Várzea
5214903,GO,0.24619875897193333,30,7.385962769158,Nova Roma
4103156,PR,0.15377462777692485,48,7.381182133292393,Bom Jesus do Sul
3149002,MG,0.22339633022399763,33,7.372078897391922,Pedra Dourada
3166501,MG,0.2303257469691936,32,7.370423903014196,Serra Azul de Minas
4116604,PR,0.23759197321372283,31,7.3653511696254075,Nova América da Colina
3546108,SP,0.24539893037039942,30,7.361967911111982,Santa Clara d'Oeste
4215208,SC,0.19343471906280463,38,7.350519324386576,Romelândia
5211305,GO,0.15973135998999777,46,7.3476425595398975,Itarumã
5107297,MT,0.20990516487492827,35,7.3466807706224895,São José do Povo
5107156,MT,0.1883730911655127,39,7.3465505554549955,Reserva do Cabaçal
2505303,PB,0.3190459590037712,23,7.338057057086737,Curral Velho
4311270,RS,0.4883602627999377,15,7.325403941999066,Lagoa dos Três Cantos
2515005,PB,0.33213562276236364,22,7.306983700772,São Miguel de Taipu
3120607,MG,0.146035736109,50,7.30178680545,Crucilândia
4122107,PR,0.23553999858490493,31,7.301739956132053,Rio Bom
4312955,RS,0.3640522524637362,20,7.281045049274724,Nova Boa Vista
4205100,SC,0.1648963980548389,44,7.2554415144129125,Dona Emma
4201653,SC,0.20683602426776126,35,7.239260849371644,Arvoredo
3141207,MG,0.15064309004089435,48,7.230868321962928,Matutina
4125902,PR,0.24928614488515685,29,7.229298201669549,São Pedro do Paraná
5103957,MT,0.171591598328107,42,7.206847129780494,Glória D'Oeste
2513356,PB,0.3791228692082411,19,7.203334514956581,Santa Inês
2202251,PI,0.18899149332613205,38,7.181676746393018,Canavieira
4204152,SC,0.2316572168517472,31,7.181373722404163,Celso Ramos
2311959,CE,0.029774174419035813,241,7.175576034987631,Salitre
3101201,MG,0.15921683240308426,45,7.164757458138792,Aiuruoca
2310506,CE,0.016574688149321653,432,7.1602652805069535,Pedra Branca
2202026,PI,0.11361334297248649,63,7.157640607266648,Buriti dos Montes
3510104,SP,0.19277101853460454,37,7.132527685780368,Cândido Rodrigues
3530003,SP,0.20374057059875839,35,7.130919970956543,Mira Estrela
3102209,MG,0.17826471761635,40,7.1305887046539995,Alvarenga
3128501,MG,0.22995157829308244,31,7.128498927085555,Guarará
3170479,MG,0.19237873652420434,37,7.118013251395561,Uruana de Minas
2300705,CE,0.05557663198968249,128,7.113808894679359,Alto Santo
4101150,PR,0.1776834670126204,40,7.1073386805048155,Ângulo
3147956,MG,0.18223561916341538,39,7.1071891473732,Patis
3130309,MG,0.13652297382106562,52,7.099194638695412,Iguatama
3516101,SP,0.196949984658359,36,7.090199447700924,Florínea
2205359,PI,0.1914903665047668,37,7.0851435606763715,João Costa
3515905,SP,0.2530278909830551,28,7.084780947525543,Floreal
4306759,RS,0.37280186931163484,19,7.083235516921062,Doutor Ricardo
2207850,PI,0.1681812465978456,42,7.063612357109516,Pavussu
4103222,PR,0.24340536968323223,29,7.058755720813735,Bom Sucesso do Sul
3100104,MG,0.1331371821166737,53,7.056270652183706,Abadia dos Dourados
2205532,PI,0.1257486240972734,56,7.04192294944731,Jurema
3549201,SP,0.2345854901594515,30,7.037564704783545,São João das Duas Pontes
5206602,GO,0.21286927808463085,33,7.024686176792818,Cumari
3171105,MG,0.2062831180623489,34,7.013626014119862,Veríssimo
4305132,RS,0.38954279312808504,18,7.011770276305531,Cerro Branco
2304301,CE,0.029814891531863157,235,7.006499509987842,Farias Brito
2203859,PI,0.26911050023569283,26,6.9968730061280136,Floresta do Piauí
4212601,SC,0.17920482334010734,39,6.988988110264186,Peritiba
4207577,SC,0.15187765683716992,46,6.986372214509816,Iomerê
4314753,RS,0.3672522753212858,19,6.97779323110443,Poço das Antas
4212056,SC,0.24034533646389133,29,6.970014757452849,Palmeira
2209955,PI,0.16202209513541957,43,6.966950090823041,São João da Varjota
3554755,SP,0.3156358266486333,22,6.943988186269933,Trabiju
2207355,PI,0.2564441054417501,27,6.9239908469272535,Pajeú do Piauí
4315321,RS,0.5325883842980101,13,6.923648995874132,Quevedos
4215356,SC,0.18700070464209517,37,6.919026071757521,Saltinho
5220157,GO,0.11665298822603701,59,6.882526305336183,São Luiz do Norte
3108800,MG,0.25403700840092436,27,6.858999226824958,Braúnas
2304509,CE,0.02665302958497477,257,6.8498286033385165,Frecheirinha
3520806,SP,0.2127580047318739,32,6.808256151419965,Inúbia Paulista
4110300,PR,0.2425583617706657,28,6.7916341295786395,Inajá
4113809,PR,0.22619002942890865,30,6.78570088286726,Lupionópolis
5219357,GO,0.17335747615911867,39,6.760941570205628,Santa Isabel
4317756,RS,0.3377027125740225,20,6.754054251480451,Santo Antônio do Planalto
3115409,MG,0.2328574571849048,29,6.752866258362239,Catas Altas da Noruega
3148400,MG,0.15340390081961408,44,6.74977163606302,Paulistas
3515657,SP,0.32102664455240715,21,6.74155953560055,Fernão
5210802,GO,0.1564307839207435,43,6.72652370859197,Itajá
3540101,SP,0.2169459549546049,31,6.725324603592751,Pongaí
4219606,SC,0.2036869813685851,33,6.721670385163308,Xavantina
4200556,SC,0.1768613609726778,38,6.720731716961756,Águas Frias
4213906,SC,0.2399442696486592,28,6.718439550162458,Presidente Castello Branco
4308250,RS,0.394885296249867,17,6.713050036247739,Floriano Peixoto
2313203,CE,0.025376832941393052,264,6.699483896527766,Tamboril
1703602,TO,0.35188210615442284,19,6.685760016934034,Brasilândia do Tocantins
5212600,GO,0.2383802119298748,28,6.674645934036494,Mairipotaba
1721257,TO,0.3916357222834437,17,6.6578072788185425,Tupirama
3138682,MG,0.19017658512810418,35,6.6561804794836466,Luislândia
5211404,GO,0.0831925588979201,80,6.655404711833608,Itauçu
2208858,PI,0.09238996172071279,72,6.652077243891321,Riacho Frio
4203253,SC,0.3019089366477592,22,6.641996606250702,Capão Alto
3557154,SP,0.26539897462286,25,6.6349743655715,Zacarias
3539707,SP,0.20094904336217123,33,6.631318430951651,Platina
3118502,MG,0.31572271737202706,21,6.630177064812568,Consolação
2312007,CE,0.023746028406974106,279,6.625141925545775,Santana do Acaraú
4215554,SC,0.1937252486512292,34,6.5866584541417925,Santa Helena
4209458,SC,0.22709860176589422,29,6.585859451210933,Lajeado Grande
3130804,MG,0.1645547686271187,40,6.582190745084748,Ingaí
3536257,SP,0.21217600043962873,31,6.57745601362849,Parisi
5207105,GO,0.21198603100734237,31,6.571566961227614,Diorama
2309805,CE,0.04760861988407037,138,6.569989544001711,Pacoti
3158409,MG,0.1929244910047616,34,6.559432694161895,Santana de Cataguases
4210902,SC,0.14572985666272853,45,6.557843549822784,Modelo
4217758,SC,0.19848147177947872,33,6.549888568722798,Sul Brasil
4210050,SC,0.24227632313793013,27,6.541460724724113,Macieira
2205540,PI,0.1671749628500751,39,6.519823551152929,Lagoinha do Piauí
5218789,GO,0.10348853716007478,63,6.519777841084711,Rio Quente
4321634,RS,0.43212643899068404,15,6.4818965848602605,Três Arroios
5221502,GO,0.16178289612433505,40,6.471315844973402,Turvânia
3100401,MG,0.23958507649424365,27,6.468797065344579,Acaiaca
4202099,SC,0.2586594448972352,25,6.46648612243088,Barra Bonita
3100500,MG,0.19001377280107545,34,6.460468275236566,Açucena
4211850,SC,0.24797573806349751,26,6.447369189650935,Ouro Verde
2210052,PI,0.12149445665733694,53,6.439206202838857,São José do Divino
5104500,MT,0.2677580803695968,24,6.426193928870323,Indiavaí
2313252,CE,0.06542697050610267,98,6.4118431095980615,Tarrafas
5108204,MT,0.17786463278092124,36,6.403126780113165,Torixoréu
4304853,RS,0.4552657870196632,14,6.373721018275285,Carlos Gomes
3101409,MG,0.14788118020356056,43,6.358890748753104,Albertina
5219704,GO,0.08590127794125613,74,6.356694567652953,Santa Terezinha de Goiás
2201556,PI,0.15869453675716072,40,6.347781470286429,Bela Vista do Piauí
2101350,MA,0.19190273277182002,33,6.3327901814700605,Bacurituba
2513000,PB,0.21108507903270324,30,6.332552370981097,Salgadinho
5107750,MT,0.17589854163808416,36,6.33234749897103,Salto do Céu
2308906,CE,0.02038698253908263,310,6.319964587115615,Morrinhos
2210359,PI,0.2175461743905046,29,6.308839057324634,São Lourenço do Piauí
3103207,MG,0.1971195653788067,32,6.3078260921218146,Araçaí
2209856,PI,0.15378828503929098,41,6.305319686610931,São João da Canabrava
4102703,PR,0.22511287299196234,28,6.303160443774946,Barra do Jacaré
2509370,PB,0.450081382011033,14,6.301139348154462,Mato Grosso
3105202,MG,0.20325438664228604,31,6.300885985910867,Bandeira
4312351,RS,0.3315700593293549,19,6.299831127257743,Montauri
5203962,GO,0.13693431658227456,46,6.2989785627846295,Buritinópolis
4315131,RS,0.2861818989443631,22,6.296001776775988,Pouso Novo
4217956,SC,0.15714498742719285,40,6.285799497087714,Tigrinhos
2309300,CE,0.018791062911780836,334,6.276215012534799,Nova Russas
3520707,SP,0.23241463276309415,27,6.275195084603542,Indiaporã
3163904,MG,0.12284104774498107,51,6.264893434994034,São Pedro da União
2308609,CE,0.028191364186143087,222,6.258482849323765,Monsenhor Tabosa
5215652,GO,0.18367371392400533,34,6.2449062734161815,Palestina de Goiás
2414753,RN,0.34693065658777666,18,6.24475181857998,Venha-Ver
4103024,PR,0.16870605641070868,37,6.242124087196221,Boa Esperança do Iguaçu
3119807,MG,0.21495138182043194,29,6.233590072792526,Córrego Danta
1712157,TO,0.28302504854935373,22,6.226551068085782,Lavandeira
4217550,SC,0.1517862731932157,41,6.223237200921844,Serra Alta
4101853,PR,0.2592882324338255,24,6.222917578411812,Ariranha do Ivaí
2312700,CE,0.03270047916883006,190,6.213091042077711,Senador Pompeu
2607109,PE,0.1881877638003686,33,6.210196205412164,Ingazeira
3163607,MG,0.2067774505190811,30,6.203323515572434,São José do Mantimento
3117207,MG,0.2296683514927358,27,6.2010454903038665,Conceição das Pedras
3514924,SP,0.23845921021118632,26,6.199939465490845,Elisiário
3126406,MG,0.18209980568197404,34,6.191393393187117,Fortuna de Minas
3119906,MG,0.13456086505365072,46,6.189799792467934,Córrego do Bom Jesus
3107208,MG,0.23785255057241025,26,6.184166314882667,Bocaina de Minas
3127354,MG,0.24606430976489946,25,6.151607744122487,Glaucilândia
2303931,CE,0.03573457927283057,172,6.146347634926858,Choró
4205159,SC,0.17554720299542903,35,6.144152104840016,Doutor Pedrinho
4128302,PR,0.25598431635728125,24,6.14362359257475,Uniflor
4101051,PR,0.26651178082179683,23,6.129770958901327,Anahy
3106606,MG,0.19134354327244008,32,6.122993384718082,Bertópolis
3126505,MG,0.15672397091075085,39,6.112234865519283,Francisco Badaró
3110400,MG,0.17445341072681297,35,6.105869375438454,Camacho
4117297,PR,0.13239307152017843,46,6.090081289928207,Novo Itacolomi
3166402,MG,0.23301633306303815,26,6.058424659638992,Seritinga
3155207,MG,0.208863631201162,29,6.057045304833698,Rio Espera
3536901,SP,0.25211059676425784,24,6.050654322342188,Pedranópolis
2205607,PI,0.09534009271818213,63,6.006425841245474,Landri Sales
3156502,MG,0.23097630628347943,26,6.005383963370465,Rubelita
2510659,PB,0.4612739645089341,13,5.9965615386161435,Parari
3515301,SP,0.20669560166848064,29,5.994172448385939,Estrela do Norte
3521200,SP,0.27241624696380207,22,5.9931574332036455,Iporanga
3126950,MG,0.1996036501348355,30,5.988109504045065,Frei Lagonegro
2312106,CE,0.031651794647003496,188,5.950537393636657,Santana do Cariri
3119708,MG,0.14106799209227527,42,5.924855667875562,Coronel Xavier Chaves
4120150,PR,0.17905422991515507,33,5.9087895872001175,Porto Barreiro
5200209,GO,0.21865095431655235,27,5.903575766546913,Água Limpa
3507753,SP,0.2268646404591406,26,5.898480651937655,Brejo Alegre
5202353,GO,0.15476342534678666,38,5.881010163177893,Arenópolis
4103404,PR,0.24500023354569422,24,5.880005605096661,Cafeara
3514205,SP,0.23495932772407957,25,5.8739831931019895,Dolcinópolis
4312385,RS,0.3261580188233625,18,5.8708443388205245,Monte Belo do Sul
2305209,CE,0.02849734979459223,206,5.870454057686,Hidrolândia
3555307,SP,0.34415195473152993,17,5.850583230436008,Turmalina
4302055,RS,0.4873405611455284,12,5.8480867337463405,Benjamin Constant do Sul
5215405,GO,0.09724419795726837,60,5.834651877436102,Ouro Verde de Goiás
3122702,MG,0.14575964201958214,40,5.8303856807832855,Dom Silvério
2301604,CE,0.01905067415433395,306,5.829506291226188,Assaré
3121704,MG,0.2080855609163461,28,5.826395705657691,Diogo de Vasconcelos
5214861,GO,0.1096175796861947,53,5.809731723368319,Nova Glória
2206902,PI,0.1525036060933922,38,5.7951370315489035,Novo Oriente do Piauí
4305934,RS,0.48284407508498983,12,5.794128901019878,Coronel Pilar
4321832,RS,0.38530650083019946,15,5.779597512452992,Três Forquilhas
4310363,RS,0.38503439950935586,15,5.775515992640338,Imigrante
3143153,MG,0.19911554216160798,29,5.7743507226866315,Monte Formoso
4310579,RS,0.3205422077693739,18,5.76975973984873,Itapuca
3503356,SP,0.24983573415051677,23,5.746221885461885,Arco-Íris
3540309,SP,0.2734594474503339,21,5.742648396457012,Pontes Gestal
3145505,MG,0.18508407725972684,31,5.737606395051532,Olímpio Noronha
4205555,SC,0.1912210464709461,30,5.736631394128382,Frei Rogério
3533304,SP,0.22019961481338057,26,5.725189985147895,Nova Luzitânia
2305605,CE,0.038890337456604515,147,5.716879606120863,Independência
4306924,RS,0.43973239293878985,13,5.716521108204268,Engenho Velho
2206506,PI,0.06210070775187089,92,5.713265113172122,Monsenhor Hipólito
5219209,GO,0.14632572146377493,39,5.706703137087222,Santa Cruz de Goiás
3153202,MG,0.2586610417618028,22,5.690542918759662,Presidente Juscelino
5207600,GO,0.11141652603010631,51,5.682242827535422,Fazenda Nova
2210383,PI,0.24674563932434748,23,5.675149704459992,São Miguel da Baixa Grande
3165909,MG,0.14916614665653982,38,5.668313572948513,Senador Modestino Gonçalves
4114351,PR,0.21747554910557396,26,5.654364276744923,Manfrinópolis
4314472,RS,0.513211699043852,11,5.645328689482372,Pinhal Grande
3163102,MG,0.18790741076176654,30,5.637222322852996,São José da Varginha
5207352,GO,0.12525147764034528,45,5.636316493815538,Edealina
2207934,PI,0.2815855123329506,20,5.631710246659011,Pedro Laurentino
2306603,CE,0.02123839881895679,265,5.62817568702355,Itatira
3136108,MG,0.1758730248142221,32,5.627936794055107,Joanésia
5215256,GO,0.10206842462131858,55,5.613763354172522,Novo Planalto
4110052,PR,0.2950763454190809,19,5.606450562962537,Iguatu
5206909,GO,0.21448420951151448,26,5.5765894472993764,Davinópolis
4121307,PR,0.1858402811447033,30,5.575208434341099,Rancho Alegre
3515806,SP,0.3974090943766549,14,5.563727321273168,Flora Rica
2309003,CE,0.030864950041516116,180,5.555691007472901,Mucambo
4108551,PR,0.20575255714378204,27,5.5553190428821155,Godoy Moreira
4124202,PR,0.1680250254730582,33,5.544825840610921,Santo Antônio do Caiuá
5205059,GO,0.12028176571181669,46,5.532961222743568,Castelândia
2210375,PI,0.23000495517760433,24,5.520118924262504,São Luis do Piauí
4106852,PR,0.1283148311397748,43,5.517537739010316,Cruzmaltina
3136579,MG,0.15764259537663583,35,5.517490838182254,Josenópolis
5221908,GO,0.13115428464858414,42,5.508479955240534,Varjão
4116505,PR,0.30575177196067915,18,5.503531895292225,Nova Aliança do Ivaí
2311702,CE,0.026820232147165973,205,5.498147590169024,Reriutaba
2309409,CE,0.01504039806989441,365,5.48974529551146,Novo Oriente
2304905,CE,0.0396847263670916,138,5.47649223865864,Groaíras
3121506,MG,0.14400851436882656,38,5.472323546015409,Desterro do Melo
2303956,CE,0.025931303864142344,211,5.471505115334034,Chorozinho
2201804,PI,0.2878925018523647,19,5.469957535194929,Bocaina
4205357,SC,0.23764916891590762,23,5.465930885065875,Flor do Sertão
3148806,MG,0.18839710088331574,29,5.463515925616156,Pedra do Anta
4302154,RS,0.49575839319157566,11,5.453342325107332,Boa Vista das Missões
4306130,RS,0.3633160155278008,15,5.449740232917012,Cruzaltense
2201176,PI,0.15548580629536346,35,5.442003220337721,Barra D'Alcântara
2203230,PI,0.15997229019027837,34,5.439057866469464,Currais
2310407,CE,0.05435586746429911,100,5.435586746429911,Paramoti
2310100,CE,0.050729946642173916,107,5.428104290712609,Palmácia
4215687,SC,0.15948944996360614,34,5.422641298762609,Santa Terezinha do Progresso
3167004,MG,0.21638803682233598,25,5.409700920558399,Serranos
5206701,GO,0.18607399008101744,29,5.396145712349505,Damianópolis
5219100,GO,0.06498639879178954,83,5.393871099718531,Santa Bárbara de Goiás
5221304,GO,0.19233557835958073,28,5.38539619406826,Três Ranchos
5220280,GO,0.14553987044826067,37,5.384975206585644,São Patrício
4107553,PR,0.13788313078358405,39,5.377442100559778,Farol
2207793,PI,0.24381198972398588,22,5.363863773927689,Pau D'Arco do Piauí
2206753,PI,0.16192144446118784,33,5.343407667219198,Nossa Senhora de Nazaré
5204607,GO,0.098889396047396,54,5.340027386559384,Campestre de Goiás
4207858,SC,0.1775540175817797,30,5.32662052745339,Irati
2308203,CE,0.021924197388543135,242,5.305655768027439,Meruoca
4202578,SC,0.16530765717023865,32,5.289845029447637,Bom Jesus do Oeste
2303105,CE,0.02811501572118977,188,5.285622955583677,Cariré
3115003,MG,0.16010802005464123,33,5.283564661803161,Cascalho Rico
2201988,PI,0.15971400116695,33,5.27056203850935,Brejo do Piauí
3138708,MG,0.13174133490767437,40,5.269653396306975,Luminárias
2209500,PI,0.1748266322174321,30,5.244798966522963,Santo Inácio do Piauí
2313906,CE,0.027487293763060174,190,5.222585814981433,Uruoca
5210604,GO,0.11066705328158843,47,5.2013515042346565,Itaguaru
2303006,CE,0.024523859681269133,212,5.199058252429056,Caridade
2210201,PI,0.14440756786037856,36,5.198672442973629,São José do Piauí
5106703,MT,0.18553315785671223,28,5.194928419987942,Ponte Branca
4211652,SC,0.17201244298340412,30,5.1603732895021235,Novo Horizonte
2305332,CE,0.034595656475086674,149,5.154752814787915,Ibicuitinga
5203104,GO,0.11184949204208226,46,5.145076633935784,Baliza
1715150,TO,0.2850450628944795,18,5.130811132100631,Novo Alegre
4310751,RS,0.4265897792380075,12,5.11907735085609,Ivorá
2201002,PI,0.0930313480249816,55,5.116724141373988,Arraial
4319711,RS,0.3409379841568244,15,5.114069762352366,São Valentim do Sul
2206308,PI,0.2127745465453439,24,5.106589117088253,Miguel Leão
5107883,MT,0.17021889812350066,30,5.10656694370502,Serra Nova Dourada
2205250,PI,0.20423694767173528,25,5.105923691793382,Jardim do Mulato
4215604,SC,0.164668790407421,31,5.104732502630051,Santa Rosa de Lima
3104403,MG,0.17586919939865875,29,5.100206782561104,Argirita
3167301,MG,0.16989124722990756,30,5.096737416897227,Silveirânia
4321477,RS,0.3917720722739899,13,5.093036939561869,Tiradentes do Sul
4116406,PR,0.1454210806839612,35,5.089737823938642,Nossa Senhora das Graças
3534500,SP,0.22117666335081196,23,5.087063257068675,Oscar Bressane
2406155,RN,0.5651418375887931,9,5.086276538299138,Jundiá
3509106,SP,0.24202495431294824,21,5.082524040571913,Caiuá
4320578,RS,0.389788667373832,13,5.067252675859816,Sete de Setembro
3146404,MG,0.18073621059604653,28,5.060613896689302,Paineiras
4208955,SC,0.20194329065207417,25,5.048582266301854,Jardinópolis
2202109,PI,0.12005310693793872,42,5.042230491393426,Campinas do Piauí
2301802,CE,0.06542829409233421,77,5.0379786451097335,Baixio
3130002,MG,0.20979836656234552,24,5.035160797496292,Ibituruna
2303808,CE,0.024657978454451054,204,5.030227604708015,Cedro
3547403,SP,0.2640321947187093,19,5.016611699655477,Santa Rita d'Oeste
4124301,PR,0.192512247679138,26,5.005318439657588,Santo Antônio do Paraíso
2307908,CE,0.029013909118014044,172,4.990392368298416,Martinópole
5219712,GO,0.10342200738210605,48,4.9642563543410905,Santo Antônio da Barra
5207501,GO,0.1007151513974035,49,4.935042418472771,Estrela do Norte
4204459,SC,0.16390886586811135,30,4.917265976043341,Coronel Martins
2311264,CE,0.022053992619165783,222,4.895986361454804,Quiterianópolis
3164431,MG,0.16269037747359738,30,4.880711324207922,São Sebastião da Vargem Alegre
4315073,RS,0.3744725237581753,13,4.868142808856279,Porto Vera Cruz
5215801,GO,0.19354660633339715,25,4.838665158334929,Palmelo
4322343,RS,0.3708329380141925,13,4.820828194184502,Ubiretama
4309571,RS,0.4817390882504152,10,4.817390882504152,Herveiras
5201603,GO,0.09262283528262771,52,4.816387434696641,Araçu
4314555,RS,0.3437689037418,14,4.812764652385201,Pirapó
3101300,MG,0.16594108842051558,29,4.812291564194952,Alagoa
3168051,MG,0.20906267414992474,23,4.808441505448269,Taparuba
3144904,MG,0.18487518240093326,26,4.806754742424265,Nova Módica
5101001,MT,0.1090315804626766,44,4.79738954035777,Araguaiana
3114600,MG,0.17094286790788282,28,4.786400301420719,Carrancas
3527256,SP,0.23810071587727108,20,4.762014317545422,Lourdes
3514957,SP,0.22636709031481317,21,4.7537088966110765,Embaúba
4210555,SC,0.19799968158620596,24,4.751992358068943,Marema
3123502,MG,0.18197289870089584,26,4.731295366223292,Douradoquara
3148905,MG,0.1433101983933125,33,4.729236546979312,Pedra do Indaiá
5106315,MT,0.2477793962337923,19,4.707808528442054,Novo Santo Antônio
4315057,RS,0.4264604834519037,11,4.69106531797094,Porto Mauá
5213905,GO,0.07944525930554412,59,4.687270299027103,Mossâmedes
4215901,SC,0.21235257319144496,22,4.671756610211789,São Bonifácio
5216007,GO,0.1794160442136944,26,4.664817149556054,Panamá
5218706,GO,0.09109843854000599,51,4.646020365540306,Rianápolis
2308351,CE,0.027798051494247498,167,4.642274599539332,Milhã
5208103,GO,0.12184785980081092,38,4.630218672430815,Formoso
2304806,CE,0.05849547308331317,79,4.6211423735817405,Granjeiro
3160603,MG,0.17111000330264337,27,4.619970089171371,Santo Hipólito
3555703,SP,0.19951428873864585,23,4.588828640988854,União Paulista
2305100,CE,0.05728117545886556,80,4.582494036709245,Guaramiranga
3518008,SP,0.26933465110267074,17,4.578689068745403,Guarani d'Oeste
3103801,MG,0.1525035939263053,30,4.575107817789159,Arapuá
3533809,SP,0.2537540868705158,18,4.567573563669285,Óleo
4323606,RS,0.28547018853265693,16,4.567523016522511,Vista Alegre do Prata
4107520,PR,0.2536639621412774,18,4.565951318542993,Esperança Nova
5213053,GO,0.22770166734098404,20,4.554033346819681,Mimoso de Goiás
3100807,MG,0.15639703349233913,29,4.535513971277835,Aguanil
4317954,RS,0.34780539200280514,13,4.521470096036467,Santo Expedito do Sul
2612109,PE,0.12205224273295066,37,4.515932981119175,Salgadinho
2513943,PB,0.12899876513748232,35,4.5149567798118815,São Domingos do Cariri
3159407,MG,0.1733874633808049,26,4.508074047900927,Santa Rita de Ibitipoca
3150109,MG,0.22535870003505307,20,4.5071740007010614,Piau
2308807,CE,0.044533401750370405,101,4.497873576787411,Moraújo
2209104,PI,0.09164086484536753,49,4.490402377423009,Santa Cruz do Piauí
4119251,PR,0.1357603673095692,33,4.480092121215783,Pinhal de São Bento
5212006,GO,0.12101126831525699,37,4.477416927664509,Jaupaci
2204154,PI,0.13137863396482807,34,4.466873554804154,Francisco Macedo
4202875,SC,0.19377043276607916,23,4.456719953619821,Brunópolis
4310876,RS,0.49222073374336783,9,4.429986603690311,Jacuizinho
4209201,SC,0.19139258954943336,23,4.402029559636968,Lacerdópolis
3123403,MG,0.23117929819439564,19,4.3924066656935175,Doresópolis
4312005,RS,0.39929930795016416,11,4.392292387451806,Mariano Moro
3549300,SP,0.2305559178024833,19,4.380562438247183,São João do Pau d'Alho
3501202,SP,0.2178917805195181,20,4.357835610390362,Álvares Florence
3533106,SP,0.20734692986350303,21,4.354285527133563,Nova Guataporanga
2304350,CE,0.016568612543031297,262,4.3409764862742,Forquilha
3122801,MG,0.1971818891717526,22,4.338001561778557,Dom Viçoso
4123105,PR,0.15487500591939907,28,4.336500165743174,Santa Amélia
3145802,MG,0.17342115315993367,25,4.335528828998342,Onça de Pitangui
2200954,PI,0.19570641344646564,22,4.305541095822244,Aroeiras do Itaim
4311643,RS,0.3884463950447911,11,4.272910345492702,Linha Nova
4204756,SC,0.21311912522311882,20,4.262382504462376,Cunhataí
3132008,MG,0.13735745660617144,31,4.258081154791315,Itacambira
3549250,SP,0.30344329091882916,14,4.248206072863608,São João de Iracema
3169059,MG,0.16275141195916565,26,4.231536710938307,Tocos do Moji
2514800,PB,0.21147034805023993,20,4.229406961004798,São José dos Cordeiros
2207207,PI,0.05557172773310918,76,4.223451307716298,Padre Marcos
3531001,SP,0.19183527120152266,22,4.220375966433498,Monções
2301257,CE,0.02649610930924584,159,4.212881380170089,Ararendá
5219605,GO,0.1202254267891052,35,4.207889937618682,Santa Tereza de Goiás
5203609,GO,0.11353112470247806,37,4.200651613991688,Brazabrantes
4217154,SC,0.17483011418059102,24,4.1959227403341846,São Miguel da Boa Vista
5221452,GO,0.09981026034263885,42,4.192030934390831,Trombas
3166956,MG,0.1490214987666493,28,4.17260196546618,Serranópolis de Minas
2510600,PB,0.15419850863831197,27,4.163359733234423,Ouro Velho
4308854,RS,0.3464150760002691,12,4.156980912003229,Gentil
3135001,MG,0.18826266971213423,22,4.141778733666953,Jaguaraçu
3114709,MG,0.14700952289258465,28,4.11626664099237,Carvalhópolis
2204006,PI,0.17142456721498378,24,4.114189613159611,Francinópolis
3160504,MG,0.18630696180598372,22,4.098753159731642,Santo Antônio do Rio Abaixo
2202091,PI,0.11049466225982196,37,4.088302503613413,Caldeirão Grande do Piauí
3155009,MG,0.1693803862724974,24,4.065129270539938,Rio Doce
2306207,CE,0.05860663368110957,69,4.0438577239965605,Itaiçaba
3540853,SP,0.19231781019433658,21,4.038674014081068,Pracinha
2304236,CE,0.019896266985809957,202,4.019045931133611,Croatá
3158706,MG,0.2008178631377573,20,4.016357262755146,Santana do Garambéu
4319737,RS,0.4005033055660161,10,4.005033055660161,São Valério do Sul
3164902,MG,0.1481094607925021,27,3.9989554413975563,São Sebastião do Rio Verde
4116000,PR,0.26620255749715205,15,3.9930383624572805,Miraselva
3503950,SP,0.18886141826168323,21,3.966089783495348,Aspásia
5203939,GO,0.09850240764237639,40,3.9400963056950555,Buriti de Goiás
4312179,RS,0.35525425305455904,11,3.9077967836001495,Mato Queimado
3103306,MG,0.18472629230707105,21,3.879252138448492,Aracitaba
2309201,CE,0.018209803472198235,212,3.8604783361060258,Nova Olinda
2304657,CE,0.02062840024237592,186,3.836882445081921,Graça
4309258,RS,0.38336632975027307,10,3.8336632975027305,Guabiju
2300606,CE,0.04811809250341259,79,3.8013293077695947,Altaneira
2300507,CE,0.03276159860912092,116,3.800345438658027,Alcântaras
2209450,PI,0.1991088885064939,19,3.7830688816233837,Santo Antônio dos Milagres
5202809,GO,0.11459913902897612,33,3.7817715879562117,Avelinópolis
2304004,CE,0.014701127774123517,257,3.7781898379497436,Coreaú
3555901,SP,0.23453788279466725,16,3.752606124714676,Uru
2211605,PI,0.18762704153171483,20,3.7525408306342967,Vila Nova do Piauí
3147501,MG,0.1630723305598536,23,3.7506636028766325,Passabém
5214804,GO,0.1704831466397171,22,3.7506292260737757,Nova Aurora
5216908,GO,0.19724229215417144,19,3.7476035509292576,Pilar de Goiás
5213855,GO,0.1158295004840384,32,3.7065440154892286,Morro Agudo de Goiás
4314175,RS,0.4629781359977857,8,3.7038250879822856,Pedras Altas
2304269,CE,0.036577374817934036,101,3.6943148566113377,Deputado Irapuan Pinheiro
5212253,GO,0.19151111739939652,19,3.638711230588534,Lagoa Santa
4300554,RS,0.3305530002361553,11,3.6360830025977084,Alto Alegre
3159100,MG,0.1649121603575624,22,3.6280675278663725,Santana dos Montes
3547205,SP,0.25840399583438345,14,3.6176559416813685,Santana da Ponte Pensa
3129103,MG,0.1719792323525382,21,3.6115638794033025,Gurinhatã
3170602,MG,0.23691795634957824,15,3.5537693452436736,Vargem Bonita
3165560,MG,0.1765858423536344,20,3.531716847072688,Sem-Peixe
2300804,CE,0.05605294188003784,63,3.5313353384423842,Antonina do Norte
5209457,GO,0.1291748142107758,27,3.4877199836909467,Guarinos
5214705,GO,0.11618277811727605,30,3.4854833435182817,Nova América
3547650,SP,0.1427524284166376,24,3.4260582819993024,Santa Salete
5202601,GO,0.12217632673544854,28,3.420937148592559,Aurilândia
3507209,SP,0.2846361229717639,12,3.4156334756611666,Borá
5212055,GO,0.12190120512982028,28,3.413233743634968,Jesúpolis
5210307,GO,0.1543398149604781,22,3.3954759291305185,Israelândia
3549003,SP,0.17696508676603617,19,3.3623366485546873,São Francisco
4206751,SC,0.1522840825143693,22,3.3502498153161246,Ibiam
2201572,PI,0.13933086128943506,24,3.3439406709464414,Belém do Piauí
3132800,MG,0.19626149343671784,17,3.3364453884242034,Itambé do Mato Dentro
5206800,GO,0.10086042620642177,33,3.3283940648119184,Damolândia
5214101,GO,0.08081185950909564,41,3.3132862398729213,Mutunópolis
3124708,MG,0.1379232794997427,24,3.310158707993825,Estrela do Indaiá
5214879,GO,0.09641516615635093,34,3.2781156493159314,Nova Iguaçu de Goiás
3106804,MG,0.1424747263824654,23,3.276918706796704,Bias Fortes
3529104,SP,0.2517383707813423,13,3.27259882015745,Marinópolis
5220058,GO,0.14168410286487576,23,3.2587343658921424,São João da Paraúna
3527504,SP,0.20357751623128428,16,3.2572402597005485,Lucianópolis
2304608,CE,0.03568150721768475,91,3.2470171568093122,General Sampaio
2305654,CE,0.028156508854293716,115,3.2379985182437774,Ipaporanga
5200159,GO,0.14687452506081544,22,3.2312395513379397,Adelândia
3142502,MG,0.1538280040375386,21,3.2303880847883106,Monjolos
2311231,CE,0.04421308008949678,73,3.227554846533265,Potiretama
3165602,MG,0.22919368378030636,14,3.208711572924289,Senador Cortes
2207108,PI,0.16023506355953698,20,3.2047012711907397,Olho D'Água do Piauí
2310951,CE,0.026485566949395575,120,3.178268033927469,Pires Ferreira
3543238,SP,0.2117082968795453,15,3.1756244531931794,Ribeirão dos Índios
4110656,PR,0.18658452397205638,17,3.1719369075249584,Iracema do Oeste
3504701,SP,0.1761309015980873,18,3.1703562287655718,Balbinos
5211602,GO,0.17592769325406676,18,3.1666984785732017,Ivolândia
5209291,GO,0.10787064219368571,29,3.1282486236168854,Guaraíta
4312625,RS,0.3910098057495702,8,3.128078445996562,Muliterno
3109808,MG,0.15521124586667523,20,3.1042249173335046,Cachoeira Dourada
4215695,SC,0.19313621456458385,16,3.0901794330333416,Santiago do Sul
2311009,CE,0.017553995653097922,174,3.0543952436390382,Poranga
3103108,MG,0.20166672218785997,15,3.0250008328178994,Antônio Prado de Minas
3513850,SP,0.27443868659010906,11,3.0188255524911995,Dirce Reis
4111605,PR,0.18731061146464578,16,2.9969697834343325,Ivatuba
5205703,GO,0.1197513808262669,25,2.9937845206566727,Córrego do Ouro
3522158,SP,0.2681768924060425,11,2.9499458164664674,Itaoca
5219506,GO,0.1221900564805487,24,2.932561355533169,Santa Rosa de Goiás
4123600,PR,0.1541310486579064,19,2.928489924500221,Santa Inês
2205524,PI,0.19099280367117266,15,2.86489205506759,Júlio Borges
4125555,PR,0.21453894453974273,13,2.7890062790166557,São Manoel do Paraná
2312809,CE,0.025815876283173948,107,2.7622987622996122,Senador Sá
2304277,CE,0.047578709280037934,58,2.7595651382422,Ereré
3125200,MG,0.14478628390553894,19,2.75093939420524,Fama
3125507,MG,0.1833216820889196,15,2.7498252313337943,São Gonçalo do Rio Preto
3153806,MG,0.14326780766377167,19,2.722088345611662,Queluzito
2504850,PB,0.22350915072985456,12,2.6821098087582547,Coxixola
2310902,CE,0.01731417150773078,154,2.6663824121905404,Piquet Carneiro
3145406,MG,0.18941098524421443,14,2.651753793419002,Olaria
3113107,MG,0.20265486104315544,13,2.6345131935610206,Caranaíba
5200506,GO,0.13628570270194906,19,2.589428351337032,Aloândia
3145703,MG,0.19902513014388143,13,2.5873266918704587,Oliveira Fortes
3555208,SP,0.2585067469058676,10,2.585067469058676,Turiúba
3532843,SP,0.18230993291621336,14,2.552339060826987,Nova Canaã Paulista
5210158,GO,0.10708594200379695,23,2.46297666608733,Ipiranga de Goiás
2309904,CE,0.02677031169796868,92,2.4628686762131187,Pacujá
5204201,GO,0.22002334897324516,11,2.4202568387056966,Cachoeira de Goiás
5219456,GO,0.09547723784342795,25,2.3869309460856987,Santa Rita do Novo Destino
3165800,MG,0.25954710557970595,9,2.3359239502173534,Senador José Bento
5213400,GO,0.17830436566421548,13,2.3179567536348014,Moiporá
5201207,GO,0.16084862982691384,14,2.2518808175767937,Anhanguera
2303659,CE,0.025842816176186608,86,2.2224821911520483,Catunda
4200754,SC,0.18283985496451738,12,2.1940782595742085,Alto Bela Vista
3168200,MG,0.14560967428157945,15,2.184145114223692,Tapiraí
3146602,MG,0.1412014863239951,15,2.1180222948599265,Paiva
4112603,PR,0.1613724589541251,13,2.0978419664036263,Jardim Olinda
5101209,MT,0.1495556102909128,14,2.093778544072779,Araguainha
2312502,CE,0.044377694726815436,47,2.0857516521603254,São João do Jaguaribe
3114907,MG,0.13310962244232438,15,1.9966443366348656,Casa Grande
5200829,GO,0.11646420645021227,17,1.9798915096536085,Amaralina
3556958,SP,0.1758560660629711,11,1.9344167266926822,Vitória Brasil
3137908,MG,0.1361770854602865,14,1.906479196444011,Lamim
3149408,MG,0.15710633943450658,12,1.885276073214079,Pedro Teixeira
3164803,MG,0.1553743353869882,12,1.8644920246438583,São Sebastião do Rio Preto
