id_municipio,municipio,sigla_uf,regiao,taxa_2025,meta_2026,esforco_necessario,alunos_avaliados_2025,risco_nao_atingir_meta
4304606,Canoas,RS,Sul,42.43781094527363,66.07,23.63218905472636,2010,0.9348134514140835
4318309,São Gabriel,RS,Sul,45.2513966480447,70.12,24.868603351955308,358,0.9345787937866076
4314100,Passo Fundo,RS,Sul,40.376390076988876,68.81,28.433609923011126,1169,0.9340125495800251
4315602,Rio Grande,RS,Sul,36.81898066783831,66.59,29.771019332161693,1138,0.9334494278171903
4309308,Guaíba,RS,Sul,41.105769230769226,64.28,23.174230769230775,832,0.9333919784836043
4318705,São Leopoldo,RS,Sul,41.00061012812691,68.04,27.039389871873098,1639,0.9323965623888287
4303103,Cachoeirinha,RS,Sul,46.895074946466806,68.56,21.664925053533196,934,0.9318547711631354
4321600,Tramandaí,RS,Sul,43.613138686131386,66.7,23.086861313868617,548,0.9289104125656087
4309209,Gravataí,RS,Sul,46.19826756496631,71.38,25.181732435033688,2078,0.928395117156715
4314407,Pelotas,RS,Sul,30.138990490124364,54.37,24.231009509875634,1367,0.9272595311290072
4300604,Alvorada,RS,Sul,41.07142857142857,62.61,21.53857142857143,1568,0.9266189644782273
4316907,Santa Maria,RS,Sul,47.90619765494137,72.23,24.32380234505863,1194,0.924935641612061
4323002,Viamão,RS,Sul,41.38585666824869,68.97,27.584143331751307,2107,0.9240906363391027
4317301,Santa Vitória do Palmar,RS,Sul,36.08247422680412,67.53,31.447525773195878,194,0.9225596605005539
4308508,Frederico Westphalen,RS,Sul,45.45454545454545,71.17,25.71545454545455,88,0.918840910003436
4209300,Lages,SC,Sul,48.53801169590643,63.67,15.131988304093575,855,0.9184591803830705
3300456,Belford Roxo,RJ,Sudeste,36.45738550197149,55.81,19.352614498028515,3297,0.9182684421595297
3518701,Guarujá,SP,Sudeste,38.92215568862276,63.5,24.57784431137724,2004,0.9179731270785483
4303004,Cachoeira do Sul,RS,Sul,46.41509433962264,68.27,21.854905660377355,265,0.9159407147956299
4304663,Capão do Leão,RS,Sul,34.33962264150943,63.74,29.400377358490573,265,0.9143809991398166
4313508,Osório,RS,Sul,46.68989547038328,73.48,26.790104529616727,287,0.9135010695088334
3305109,São João de Meriti,RJ,Sudeste,38.41035120147874,57.56,19.149648798521262,2705,0.9129361455213555
4318002,São Borja,RS,Sul,45.92391304347826,72.27,26.346086956521738,368,0.9123765503237785
4306601,Dom Pedrito,RS,Sul,48.41269841269841,68.26,19.847301587301594,126,0.9121874422811677
3531100,Mongaguá,SP,Sudeste,47.096774193548384,63.69,16.593225806451613,620,0.9121166045256145
4319604,São Sepé,RS,Sul,31.53153153153153,80.0,48.46846846846847,111,0.9116546601308794
3516309,Francisco Morato,SP,Sudeste,51.75903614457832,64.77,13.010963855421679,2075,0.911378800521513
4323804,Xangri-lá,RS,Sul,42.391304347826086,67.95,25.558695652173917,184,0.9109341308334586
3305554,Seropédica,RJ,Sudeste,45.614035087719294,62.57,16.955964912280706,855,0.9108190422816526
3304144,Queimados,RJ,Sudeste,42.714723926380366,57.84,15.125276073619638,1304,0.909215663100274
3304904,São Gonçalo,RJ,Sudeste,46.66156982670744,62.13,15.46843017329256,3924,0.9091439736919465
3301702,Duque de Caxias,RJ,Sudeste,47.678599343442244,62.92,15.241400656557758,6397,0.90843256034457
3302270,Japeri,RJ,Sudeste,40.70397111913358,58.44,17.73602888086642,1108,0.9078747921442081
4311809,Marau,RS,Sul,47.474747474747474,72.88,25.40525252525252,297,0.9065711144946037
4313409,Novo Hamburgo,RS,Sul,47.17741935483871,70.74,23.562580645161283,1984,0.9055946127047639
3302007,Itaguaí,RJ,Sudeste,47.23011363636363,60.13,12.89988636363637,1408,0.9044540516720095
4313060,Nova Hartz,RS,Sul,47.82608695652174,75.7,27.87391304347826,230,0.9038912447442751
4213708,Pouso Redondo,SC,Sul,29.88505747126437,72.83,42.94494252873562,87,0.9035459753385496
4316808,Santa Cruz do Sul,RS,Sul,55.51724137931034,71.99,16.472758620689653,580,0.9006380494881803
3301009,Campos dos Goytacazes,RJ,Sudeste,46.925,58.2,11.275000000000006,4000,0.9004910544765309
3510609,Carapicuíba,SP,Sudeste,45.5709711846318,61.88,16.3090288153682,937,0.9001019088782414
3543402,Ribeirão Preto,SP,Sudeste,44.78186484174508,58.45,13.66813515825492,2338,0.8991552685804945
3506003,Bauru,SP,Sudeste,46.2248322147651,61.08,14.855167785234897,1192,0.8980657953689851
3302858,Mesquita,RJ,Sudeste,40.90528080469405,57.69,16.784719195305946,1193,0.8960152752873649
3534401,Osasco,SP,Sudeste,50.29666818804199,62.28,11.98333181195801,6573,0.8959136083847371
4322509,Vacaria,RS,Sul,54.73251028806584,72.55,17.817489711934158,486,0.8939763382565635
4318101,São Francisco de Assis,RS,Sul,43.61702127659575,68.64,25.02297872340425,94,0.8937471627563343
4319406,São Pedro do Sul,RS,Sul,47.12643678160919,78.4,31.273563218390812,87,0.8935524633514994
4305108,Caxias do Sul,RS,Sul,53.61230329041488,74.18,20.567696709585128,2796,0.8931651367745037
3525102,Jardinópolis,SP,Sudeste,45.24421593830334,68.69,23.445784061696656,389,0.8913819897741382
4312401,Montenegro,RS,Sul,48.68804664723032,72.54,23.851953352769684,343,0.8896321992495538
3537602,Peruíbe,SP,Sudeste,46.21621621621622,58.75,12.533783783783782,740,0.8888718418750611
4302709,Butiá,RS,Sul,34.45378151260504,65.08,30.626218487394958,119,0.8871651225425754
4304705,Carazinho,RS,Sul,50.62240663900415,71.5,20.877593360995853,241,0.886701810031121
1500602,Altamira,PA,Norte,50.129198966408275,62.67,12.540801033591727,1548,0.883724963096299
4305355,Charqueadas,RS,Sul,44.44444444444444,71.44,26.995555555555555,216,0.8832445193199315
1501402,Belém,PA,Norte,50.99449851883199,63.49,12.495501481168013,4726,0.8795661429712921
4301636,Balneário Pinhal,RS,Sul,32.758620689655174,68.73,35.97137931034483,174,0.8791339660786186
3552502,Suzano,SP,Sudeste,49.955317247542446,60.14,10.184682752457554,2238,0.8785834707151616
4311007,Jaguarão,RS,Sul,43.65079365079365,63.49,19.83920634920635,126,0.8767387439103281
4307708,Esteio,RS,Sul,53.93258426966292,71.25,17.317415730337082,712,0.8761628885288786
1505809,Portel,PA,Norte,50.28121484814398,61.04,10.758785151856017,889,0.8758335913906431
4317509,Santo Ângelo,RS,Sul,52.38095238095239,71.75,19.369047619047613,357,0.8758330487807756
4317103,Sant'Ana do Livramento,RS,Sul,44.44444444444444,64.3,19.855555555555554,189,0.8755176239506902
3303500,Nova Iguaçu,RJ,Sudeste,41.070903206825534,54.87,13.799096793174463,6798,0.8754282037418516
1504307,Maracanã,PA,Norte,55.670103092783506,73.63,17.95989690721649,194,0.8753835659221945
4307500,Espumoso,RS,Sul,49.122807017543856,80.0,30.877192982456144,57,0.8752779406219366
3541000,Praia Grande,SP,Sudeste,52.28426395939086,64.81,12.52573604060914,3940,0.874013298990903
4316402,Rosário do Sul,RS,Sul,33.33333333333333,56.1,22.766666666666673,108,0.8736670768961189
3524006,Itupeva,SP,Sudeste,50.2724795640327,61.7,11.427520435967303,734,0.8721682974471117
3529401,Mauá,SP,Sudeste,45.28301886792453,62.16,16.876981132075464,53,0.872160494119929
2412005,São Gonçalo do Amarante,RN,Nordeste,37.89625360230547,65.65,27.753746397694535,694,0.871898779892899
1721000,Palmas,TO,Norte,58.16547877285404,68.87,10.704521227145968,3227,0.8709839129532851
3509502,Campinas,SP,Sudeste,49.641082274986196,59.93,10.288917725013803,1811,0.8703199149402878
4213609,Porto União,SC,Sul,47.57281553398058,74.88,27.307184466019415,103,0.8692733665300176
4302808,Caçapava do Sul,RS,Sul,41.3265306122449,66.9,25.573469387755104,196,0.8661793883447062
4300638,Amaral Ferrador,RS,Sul,26.31578947368421,74.91,48.59421052631579,38,0.864281226453033
1500859,Anapu,PA,Norte,42.89099526066351,63.78,20.889004739336492,422,0.8622112164721567
4317707,Santo Antônio das Missões,RS,Sul,38.983050847457626,76.43,37.44694915254238,59,0.8620688751356583
4321956,Trindade do Sul,RS,Sul,54.90196078431373,80.0,25.09803921568627,51,0.8604177150611149
4301057,Arroio do Sal,RS,Sul,45.378151260504204,73.32,27.94184873949579,119,0.8589238261861639
3101508,Além Paraíba,MG,Sudeste,56.326530612244895,74.07,17.7434693877551,245,0.8585548419399375
4301909,Barra do Ribeiro,RS,Sul,33.33333333333333,73.9,40.56666666666668,45,0.8574403297690674
1500206,Acará,PA,Norte,48.275862068965516,58.39,10.114137931034485,551,0.8573332484126224
3555406,Ubatuba,SP,Sudeste,44.29939077458659,59.71,15.41060922541341,1149,0.8567618700528097
3551009,São Vicente,SP,Sudeste,43.857832988267766,60.72,16.862167011732232,2898,0.8561643901239457
4302501,Bossoroca,RS,Sul,16.666666666666664,64.43,47.76333333333334,12,0.8536105621831296
2513703,Santa Rita,PB,Nordeste,45.261845386533665,59.44,14.178154613466333,802,0.8534379920762485
4313375,Nova Santa Rita,RS,Sul,51.11111111111111,68.17,17.058888888888895,360,0.8533864081450069
2403251,Parnamirim,RN,Nordeste,44.678055190538764,61.38,16.70194480946124,1522,0.853241751395373
3553708,Taquaritinga,SP,Sudeste,59.46547884187082,70.62,11.154521158129185,449,0.8530580758417363
3513504,Cubatão,SP,Sudeste,50.41753653444676,63.64,13.22246346555324,958,0.8516388864074336
4304408,Canela,RS,Sul,47.647058823529406,79.25,31.602941176470594,340,0.851565488043033
2914802,Itabuna,BA,Nordeste,35.96654275092937,53.81,17.84345724907063,1076,0.8506537944336627
3529708,Miguelópolis,SP,Sudeste,49.122807017543856,71.72,22.597192982456143,171,0.8503596133939543
3530508,Mococa,SP,Sudeste,46.402877697841724,62.53,16.127122302158277,278,0.8498124844697513
3508504,Caçapava,SP,Sudeste,54.67455621301775,66.01,11.335443786982253,845,0.8490517233114682
3301801,Engenheiro Paulo de Frontin,RJ,Sudeste,50.0,71.06,21.060000000000002,64,0.8485038117293601
3521002,Iperó,SP,Sudeste,45.431472081218274,59.48,14.048527918781723,394,0.8480176235115656
4314209,Pedro Osório,RS,Sul,36.666666666666664,73.44,36.77333333333333,30,0.845190258615109
4318507,São José do Norte,RS,Sul,35.233160621761655,66.45,31.216839378238348,193,0.8448992623875264
4203709,Canelinha,SC,Sul,50.0,69.18,19.180000000000007,152,0.8440893450409643
4217709,Sombrio,SC,Sul,50.57034220532319,72.03,21.459657794676808,263,0.8427464200279219
3538907,Pirajuí,SP,Sudeste,42.592592592592595,66.24,23.6474074074074,162,0.8405988939552186
4321501,Torres,RS,Sul,54.861111111111114,70.99,16.12888888888888,288,0.8402957401328797
3523107,Itaquaquecetuba,SP,Sudeste,47.31446400713171,60.65,13.335535992868287,4487,0.8370132399766226
3516408,Franco da Rocha,SP,Sudeste,54.048964218455744,64.9,10.851035781544262,1593,0.8370114326972616
4314506,Pinheiro Machado,RS,Sul,52.307692307692314,73.13,20.82230769230768,65,0.8369431116970573
3513009,Cotia,SP,Sudeste,54.34027777777778,64.78,10.439722222222223,2880,0.8366200299420866
3546801,Santa Isabel,SP,Sudeste,59.64912280701754,75.78,16.13087719298246,570,0.8350438634603005
4302303,Bom Jesus,RS,Sul,55.172413793103445,75.96,20.78758620689655,58,0.8330297931340354
4314050,Parobé,RS,Sul,46.4339908952959,68.45,22.016009104704104,659,0.8324305597423587
4311718,Maçambará,RS,Sul,46.875,73.07,26.194999999999993,32,0.8313924911129519
3525003,Jandira,SP,Sudeste,51.33744855967078,61.69,10.352551440329215,972,0.8310254743395182
1500404,Alenquer,PA,Norte,42.379958246346554,56.84,14.46004175365345,958,0.8308989727249634
4209607,Lauro Müller,SC,Sul,54.700854700854705,71.21,16.50914529914529,117,0.8306598193138782
3548500,Santos,SP,Sudeste,52.28339735381989,67.49,15.206602646180102,2343,0.8293376319381262
3550605,São Roque,SP,Sudeste,54.77611940298508,65.64,10.86388059701492,670,0.8282086395016145
4318408,São Jerônimo,RS,Sul,50.0,80.0,30.0,44,0.8263693935671175
3503208,Araraquara,SP,Sudeste,52.07591933570581,67.47,15.394080664294187,843,0.8262032092022386
1302900,Maués,AM,Norte,52.22929936305732,66.08,13.850700636942676,471,0.8253699146465276
1302553,Manaquiri,AM,Norte,22.22222222222222,62.84,40.61777777777778,144,0.8248084254829108
4315800,Roca Sales,RS,Sul,52.38095238095239,77.57,25.189047619047606,63,0.8196486577710794
3301900,Itaboraí,RJ,Sudeste,55.81767293082767,65.11,9.29232706917233,2501,0.8188453824006678
4320008,Sapucaia do Sul,RS,Sul,54.35185185185185,69.11,14.758148148148152,1080,0.8183867003468398
3539103,Pirapora do Bom Jesus,SP,Sudeste,48.1283422459893,60.93,12.801657754010698,187,0.8181874078396275
3552809,Taboão da Serra,SP,Sudeste,52.13389121338912,62.08,9.946108786610878,2390,0.8181265654606306
4202859,Braço do Trombudo,SC,Sul,45.23809523809524,70.64,25.40190476190476,42,0.8168415031556859
3551504,Serrana,SP,Sudeste,50.0,62.28,12.280000000000001,466,0.81571673879459
3303807,Paraty,RJ,Sudeste,55.35714285714286,64.81,9.452857142857141,448,0.8134735660224894
4321303,Taquari,RS,Sul,39.34426229508197,64.22,24.87573770491803,61,0.8134211279868327
2606200,Goiana,PE,Nordeste,46.70406732117812,66.06,19.35593267882188,713,0.8132502860839067
3540705,Porto Ferreira,SP,Sudeste,47.22222222222222,63.85,16.62777777777778,468,0.8127117204169657
3539806,Poá,SP,Sudeste,55.74712643678161,66.74,10.992873563218382,1218,0.8123246150716781
3507100,Bom Jesus dos Perdões,SP,Sudeste,58.95522388059702,74.55,15.59477611940298,268,0.811101842790091
4218608,Trombudo Central,SC,Sul,47.524752475247524,73.66,26.135247524752472,101,0.8097062404948187
3531803,Monte Mor,SP,Sudeste,52.88574793875147,64.21,11.324252061248522,849,0.8065455035077931
4305173,Cerro Grande do Sul,RS,Sul,31.147540983606557,68.27,37.122459016393435,61,0.8052437117851658
3507902,Brotas,SP,Sudeste,54.794520547945204,70.51,15.715479452054801,219,0.8044468511100512
1507151,São Domingos do Araguaia,PA,Norte,49.327354260089685,62.33,13.002645739910314,223,0.8033059324757236
1505304,Oriximiná,PA,Norte,42.24598930481284,55.68,13.434010695187162,935,0.802285924958497
1503804,Jacundá,PA,Norte,47.04684317718941,59.23,12.183156822810588,491,0.8016395510381518
3300209,Araruama,RJ,Sudeste,56.73575129533679,64.88,8.144248704663205,1544,0.7966065969752495
4307302,Erval Seco,RS,Sul,48.148148148148145,73.29,25.14185185185186,54,0.7958803933515823
4301602,Bagé,RS,Sul,51.28593040847201,70.56,19.27406959152799,661,0.7956515862262332
4319125,São Martinho da Serra,RS,Sul,50.0,78.03,28.03,8,0.7954457324135107
3540200,Pontal,SP,Sudeste,53.95348837209303,69.57,15.616511627906966,430,0.7946986147526279
2100436,Alto Alegre do Maranhão,MA,Nordeste,50.672645739910315,74.74,24.06735426008968,223,0.794198740957333
4314605,Piratini,RS,Sul,47.94520547945205,69.57,21.624794520547944,73,0.7935315657963936
4305207,Cerro Largo,RS,Sul,53.68421052631579,77.28,23.595789473684214,95,0.7928855463183052
2403608,Extremoz,RN,Nordeste,38.88070692194404,63.38,24.499293078055963,679,0.7892313700121325
1713601,Monte do Carmo,TO,Norte,46.73913043478261,74.6,27.860869565217385,92,0.7892097910191102
4306379,Dilermando de Aguiar,RS,Sul,43.47826086956522,73.23,29.751739130434785,23,0.7891038176021612
4304630,Capão da Canoa,RS,Sul,40.63116370808679,50.84,10.208836291913215,507,0.7868392443315197
3162906,São João Nepomuceno,MG,Sudeste,61.53846153846154,73.87,12.331538461538464,221,0.7863358127799672
3140902,Matipó,MG,Sudeste,65.38461538461539,80.0,14.615384615384613,78,0.7860745119084126
4306908,Encruzilhada do Sul,RS,Sul,48.0,71.5,23.5,125,0.7848786831089122
1100205,Porto Velho,RO,Norte,62.4039408866995,72.1,9.696059113300493,5075,0.784701706978861
2919207,Lauro de Freitas,BA,Nordeste,38.967838444278236,52.49,13.522161555721766,1337,0.7844675108610933
3504107,Atibaia,SP,Sudeste,64.7345942647956,74.9,10.165405735204402,1639,0.7836816812021806
3504503,Avaré,SP,Sudeste,56.343283582089555,68.28,11.936716417910446,804,0.7829445251277637
4313904,Panambi,RS,Sul,65.37396121883657,77.39,12.01603878116343,361,0.7825232167137062
3510500,Caraguatatuba,SP,Sudeste,56.03387438249824,66.68,10.646125617501767,1417,0.781366230959999
2100808,Anapurus,MA,Nordeste,41.75257731958763,80.0,38.24742268041237,194,0.7810272559241391
1504208,Marabá,PA,Norte,56.05650736399158,65.19,9.13349263600842,3327,0.7809418666501388
4203006,Caçador,SC,Sul,64.25406203840473,74.55,10.295937961595271,677,0.7807727262806897
3508603,Cachoeira Paulista,SP,Sudeste,48.8479262672811,64.48,15.6320737327189,217,0.7806650013847845
3510302,Capela do Alto,SP,Sudeste,51.45985401459854,63.12,11.660145985401456,274,0.7802974017993781
3531506,Monte Azul Paulista,SP,Sudeste,60.0,76.13,16.129999999999995,165,0.7795521189301665
3542404,Regente Feijó,SP,Sudeste,58.333333333333336,78.72,20.386666666666663,180,0.7790762060655412
4320859,Tabaí,RS,Sul,28.57142857142857,69.39,40.81857142857143,35,0.7774642434083342
3521309,Ipuã,SP,Sudeste,55.55555555555556,78.37,22.814444444444447,126,0.7767102614122001
3500709,Agudos,SP,Sudeste,52.64623955431755,68.15,15.503760445682452,359,0.7765920276053878
3502754,Araçariguama,SP,Sudeste,47.19101123595505,64.5,17.308988764044948,267,0.7763130421336529
1301902,Itacoatiara,AM,Norte,47.39829706717124,62.47,15.071702932828757,1057,0.7763063579061644
4320354,Sentinela do Sul,RS,Sul,50.0,76.61,26.61,62,0.7752744046013658
3526407,Laranjal Paulista,SP,Sudeste,50.0,66.61,16.61,280,0.774572860470747
1303106,Nova Olinda do Norte,AM,Norte,47.45098039215686,65.16,17.70901960784314,255,0.7742343309568687
3519303,Ibaté,SP,Sudeste,55.75,65.89,10.14,400,0.7742188492776033
1505403,Ourém,PA,Norte,49.65986394557823,63.65,13.990136054421768,147,0.7741486538823878
4304952,Caseiros,RS,Sul,46.34146341463415,80.0,33.65853658536585,41,0.7724821555118978
3128303,Guaranésia,MG,Sudeste,59.905660377358494,76.51,16.60433962264151,212,0.7721682512849442
1502103,Cametá,PA,Norte,42.66975308641975,59.2,16.53024691358025,1296,0.7715275416802141
4303608,Cambará do Sul,RS,Sul,40.0,69.55,29.549999999999997,20,0.7696197802405147
3300308,Barra do Piraí,RJ,Sudeste,55.362318840579704,61.91,6.547681159420293,690,0.7694048311284247
3142809,Monte Alegre de Minas,MG,Sudeste,67.14975845410628,77.12,9.970241545893728,207,0.7675731511174986
3501707,Américo Brasiliense,SP,Sudeste,63.00268096514745,72.79,9.787319034852558,373,0.7673589978028442
4319109,São Martinho,RS,Sul,55.769230769230774,80.0,24.230769230769226,52,0.7670216244847534
4320552,Sertão Santana,RS,Sul,49.056603773584904,77.12,28.0633962264151,53,0.7667310120115184
3509403,Cajuru,SP,Sudeste,65.94827586206897,75.54,9.591724137931038,232,0.7664539830610699
3505401,Barra do Turvo,SP,Sudeste,46.478873239436616,80.0,33.521126760563384,71,0.7655384247904495
4319000,São Marcos,RS,Sul,62.13592233009708,80.0,17.86407766990292,103,0.7645245224701305
3545308,Salto de Pirapora,SP,Sudeste,51.325301204819276,61.29,9.964698795180723,415,0.763743026012277
4305900,Coronel Bicaco,RS,Sul,50.0,79.55,29.549999999999997,20,0.7634909503322586
1500800,Ananindeua,PA,Norte,58.5518102372035,69.06,10.508189762796505,3204,0.7628461933763945
3520426,Ilha Comprida,SP,Sudeste,52.083333333333336,65.48,13.396666666666668,144,0.7627950762355679
2602902,Cabo de Santo Agostinho,PE,Nordeste,52.28690228690228,67.07,14.78309771309771,1924,0.7625535349587008
1300805,Borba,AM,Norte,36.82008368200837,51.61,14.789916317991633,239,0.7624506756012601
4202057,Balneário Barra do Sul,SC,Sul,52.38095238095239,69.68,17.29904761904762,189,0.7621343869760149
4311304,Lagoa Vermelha,RS,Sul,47.77777777777778,70.06,22.282222222222224,90,0.7620468610321481
4302006,Barros Cassal,RS,Sul,15.384615384615385,64.98,49.59538461538462,13,0.761974813027659
3507506,Botucatu,SP,Sudeste,59.106529209621996,69.09,9.983470790378007,1164,0.761767236267902
4308300,Fontoura Xavier,RS,Sul,52.54237288135594,70.58,18.03762711864406,59,0.7604916158398581
3522505,Itapevi,SP,Sudeste,55.01040737436812,64.57,9.559592625631872,3363,0.7595326056345119
4203105,Caibi,SC,Sul,59.183673469387756,77.49,18.30632653061224,49,0.7578339017602084
4303509,Camaquã,RS,Sul,57.34463276836158,68.85,11.505367231638417,354,0.7578313587859546
3514106,Dois Córregos,SP,Sudeste,59.205776173285194,70.27,11.064223826714802,277,0.7574340101283292
3518800,Guarulhos,SP,Sudeste,52.01471941122355,58.63,6.61528058877645,10870,0.7573415002194033
3514304,Dourado,SP,Sudeste,60.0,75.39,15.39,85,0.7572156307842234
1718204,Porto Nacional,TO,Norte,59.4692400482509,67.93,8.460759951749104,829,0.7567139528614856
4109500,Guaraqueçaba,PR,Sul,59.57446808510638,74.68,15.105531914893625,47,0.7564018135644344
3541059,Pratânia,SP,Sudeste,41.7910447761194,67.55,25.758955223880598,67,0.7559634194606504
4305009,Catuípe,RS,Sul,55.10204081632652,80.0,24.89795918367348,49,0.7542708118552819
1502004,Cachoeira do Arari,PA,Norte,47.008547008547005,65.53,18.521452991452996,234,0.7542618507205383
4312203,Maximiliano de Almeida,RS,Sul,50.0,80.0,30.0,24,0.7535983368289341
1507409,São Francisco do Pará,PA,Norte,37.391304347826086,57.21,19.818695652173915,115,0.7530240351851634
4311254,Lagoão,RS,Sul,51.61290322580645,80.0,28.38709677419355,31,0.7530149488010384
3541604,Promissão,SP,Sudeste,63.04347826086957,73.27,10.226521739130426,184,0.7526228228447576
3556305,Valparaíso,SP,Sudeste,56.25,71.78,15.530000000000001,272,0.7516840972082007
4304002,Campo Novo,RS,Sul,47.22222222222222,71.01,23.787777777777784,36,0.7513732168048256
1507961,Terra Alta,PA,Norte,43.15789473684211,60.08,16.92210526315789,95,0.7494683294716361
3518107,Guarantã,SP,Sudeste,56.52173913043478,73.04,16.518260869565225,69,0.7481377842036601
3526100,Juquiá,SP,Sudeste,47.51381215469613,66.95,19.43618784530387,181,0.7473063309051873
3510807,Casa Branca,SP,Sudeste,50.416666666666664,61.75,11.333333333333336,240,0.7471218634076332
3519006,Herculândia,SP,Sudeste,50.70422535211267,80.0,29.295774647887328,71,0.7469278664503661
4305306,Chapada,RS,Sul,58.75,77.41,18.659999999999997,80,0.7468027917075325
3547700,Santo Anastácio,SP,Sudeste,70.24793388429752,79.99,9.742066115702471,121,0.7463828915125261
3108552,Brasilândia de Minas,MG,Sudeste,68.0365296803653,78.18,10.143470319634702,219,0.7457793182626088
3111408,Campo Florido,MG,Sudeste,57.01754385964912,77.76,20.742456140350882,114,0.7448147593232791
3556404,Vargem Grande do Sul,SP,Sudeste,62.99212598425197,74.35,11.357874015748024,381,0.7445223829394565
2109270,Presidente Sarney,MA,Nordeste,58.333333333333336,70.96,12.626666666666658,276,0.74384680330492
4200507,Águas de Chapecó,SC,Sul,58.333333333333336,75.8,17.46666666666666,24,0.74325630793964
3504800,Bálsamo,SP,Sudeste,58.9041095890411,80.0,21.0958904109589,73,0.7421280429292534
4313953,Pantano Grande,RS,Sul,55.08474576271186,75.93,20.845254237288145,118,0.7419072721964517
4303905,Campo Bom,RS,Sul,62.77695716395865,78.51,15.733042836041356,677,0.7413303414983252
3107802,Bom Jesus do Galho,MG,Sudeste,56.75675675675676,80.0,23.243243243243242,37,0.7403107684761575
4307401,Esmeralda,RS,Sul,34.78260869565217,80.0,45.21739130434783,23,0.7392064319470626
4313656,Palmares do Sul,RS,Sul,42.35294117647059,66.24,23.887058823529408,85,0.7386938454551035
3151701,Poço Fundo,MG,Sudeste,70.22900763358778,80.0,9.770992366412216,131,0.7373290243258256
1301209,Coari,AM,Norte,37.3046875,58.25,20.9453125,512,0.7361320994537608
4304507,Canguçu,RS,Sul,59.11949685534591,79.83,20.71050314465409,318,0.7357220858004847
2103604,Coroatá,MA,Nordeste,46.233382570162476,59.81,13.576617429837526,677,0.7346913829200861
3108206,Bonfinópolis de Minas,MG,Sudeste,67.3076923076923,80.0,12.692307692307693,52,0.7345122326125234
3524105,Ituverava,SP,Sudeste,51.81159420289855,63.58,11.768405797101451,276,0.7343112822228695
4302907,Cacequi,RS,Sul,54.347826086956516,64.83,10.482173913043482,46,0.7338218350099853
1301852,Iranduba,AM,Norte,41.51898734177215,61.89,20.371012658227848,790,0.733761328886714
3118403,Conselheiro Pena,MG,Sudeste,60.0,73.03,13.030000000000001,155,0.7337431738910495
3505609,Barrinha,SP,Sudeste,51.970443349753694,67.24,15.269556650246301,406,0.7309380872652931
3134707,Jacinto,MG,Sudeste,25.882352941176475,61.96,36.07764705882353,85,0.7307738983289638
2302909,Capistrano,CE,Nordeste,74.40476190476191,78.68,4.275238095238095,168,0.7304138144440876
3136702,Juiz de Fora,MG,Sudeste,56.903765690376574,61.01,4.106234309623424,2390,0.7300655078565951
3166808,Serra do Salitre,MG,Sudeste,57.714285714285715,69.49,11.77571428571428,175,0.7295389680682386
4218301,Três Barras,SC,Sul,54.761904761904766,64.33,9.568095238095232,252,0.7291144195358351
4322004,Triunfo,RS,Sul,49.32432432432432,72.99,23.665675675675672,296,0.7289507594183127
4300851,Arambaré,RS,Sul,41.37931034482759,68.3,26.92068965517241,29,0.7277639124496581
4310009,Ibirubá,RS,Sul,34.146341463414636,69.53,35.383658536585365,82,0.727326080812744
3523503,Itatinga,SP,Sudeste,55.947136563876654,70.4,14.452863436123351,227,0.7262399258783913
2305407,Icó,CE,Nordeste,56.82182985553772,80.0,23.17817014446228,623,0.7261145994119516
3511409,Cerqueira César,SP,Sudeste,48.8479262672811,61.22,12.372073732718896,217,0.7255660855812818
2108256,Pedro do Rosário,MA,Nordeste,55.188679245283026,72.48,17.291320754716978,212,0.7255150930878684
1303809,São Gabriel da Cachoeira,AM,Norte,34.285714285714285,56.89,22.604285714285716,315,0.7251512314384254
3535705,Paraíso,SP,Sudeste,68.05555555555556,78.24,10.184444444444438,72,0.7247954949689722
4301404,Arvorezinha,RS,Sul,36.84210526315789,69.49,32.647894736842105,19,0.7244717695469348
3509254,Cajati,SP,Sudeste,58.57142857142858,69.01,10.438571428571429,420,0.724343291801858
2107902,Passagem Franca,MA,Nordeste,51.50375939849624,78.19,26.686240601503755,266,0.7241969663923519
3531308,Monte Alto,SP,Sudeste,61.19402985074627,73.12,11.925970149253736,335,0.7241520389682319
4320651,Silveira Martins,RS,Sul,44.44444444444444,72.91,28.465555555555554,18,0.7239189070318329
2512903,Rio Tinto,PB,Nordeste,61.30952380952381,78.79,17.480476190476196,168,0.7232605621843963
2309458,Ocara,CE,Nordeste,72.83018867924528,80.0,7.169811320754718,265,0.7228937078309323
4307609,Estância Velha,RS,Sul,55.822550831792974,73.21,17.38744916820702,541,0.7226794376271622
4314704,Planalto,RS,Sul,50.74626865671642,75.9,25.15373134328359,67,0.722468995600082
4212908,Pinhalzinho,SC,Sul,65.3061224489796,79.01,13.703877551020412,147,0.7221458528890166
3542909,Ribeirão Bonito,SP,Sudeste,66.3157894736842,79.57,13.254210526315788,95,0.7211916507533503
3302502,Magé,RJ,Sudeste,53.06188925081433,62.45,9.388110749185671,3070,0.7203454351567381
4317400,Santiago,RS,Sul,65.60283687943263,76.09,10.487163120567374,282,0.7200742080431507
1501303,Barcarena,PA,Norte,51.46443514644351,62.6,11.135564853556488,1434,0.7199651582614719
2107506,Paço do Lumiar,MA,Nordeste,57.0440251572327,64.8,7.755974842767294,1590,0.7195994094836097
3552205,Sorocaba,SP,Sudeste,54.061572700296736,63.32,9.258427299703264,5392,0.7194124739014444
3522307,Itapetininga,SP,Sudeste,52.54372019077902,60.19,7.646279809220978,1258,0.7177086833280637
4311122,Jaquirana,RS,Sul,61.904761904761905,73.85,11.94523809523809,21,0.7167354658153847
1500107,Abaetetuba,PA,Norte,47.266666666666666,58.81,11.543333333333337,1500,0.7164094262949434
4322806,Veranópolis,RS,Sul,60.79545454545454,78.4,17.604545454545466,176,0.716113730109012
3518503,Guareí,SP,Sudeste,59.154929577464785,70.69,11.535070422535213,142,0.7143749286325952
2302701,Campos Sales,CE,Nordeste,57.89473684210527,80.0,22.105263157894733,266,0.7136427389447827
3551801,Sete Barras,SP,Sudeste,55.639097744360896,72.98,17.340902255639108,133,0.7136077753068036
4316600,Sananduva,RS,Sul,51.578947368421055,76.93,25.351052631578952,95,0.7123501234149364
3521150,Ipiguá,SP,Sudeste,43.24324324324324,63.38,20.13675675675676,74,0.7121312977508726
3531902,Morro Agudo,SP,Sudeste,55.70469798657718,67.11,11.40530201342282,298,0.7118043787447174
2407807,Monte Alegre,RN,Nordeste,57.52688172043011,69.13,11.603118279569884,186,0.711152461096072
2410256,Porto do Mangue,RN,Nordeste,36.507936507936506,68.71,32.20206349206349,63,0.7111394421612788
3514809,Eldorado,SP,Sudeste,58.620689655172406,70.72,12.099310344827593,116,0.7100393996665249
4300059,Água Santa,RS,Sul,45.94594594594595,71.87,25.924054054054054,37,0.7100261703377845
4312104,Mata,RS,Sul,43.75,72.35,28.599999999999994,16,0.7097491235565996
2106805,Mirinzal,MA,Nordeste,56.83453237410072,80.0,23.165467625899282,139,0.7092869763583523
4311403,Lajeado,RS,Sul,58.77061469265368,77.06,18.289385307346322,667,0.7092012207534245
4311502,Lavras do Sul,RS,Sul,32.142857142857146,68.48,36.33714285714286,28,0.7086578238768266
2600054,Abreu e Lima,PE,Nordeste,49.38423645320197,63.08,13.695763546798027,812,0.7086129434583497
4201703,Ascurra,SC,Sul,68.96551724137932,80.0,11.034482758620683,29,0.7080051394704624
4201109,Anitápolis,SC,Sul,47.22222222222222,65.66,18.437777777777775,36,0.7069778800371148
3531704,Monteiro Lobato,SP,Sudeste,44.61538461538462,72.88,28.264615384615375,65,0.7064883534560642
2402600,Ceará-Mirim,RN,Nordeste,32.11446740858506,49.29,17.175532591414942,629,0.7056714139958397
4210001,Luiz Alves,SC,Sul,61.1764705882353,80.0,18.823529411764703,170,0.7047401757189432
3519055,Holambra,SP,Sudeste,58.70967741935483,68.71,10.000322580645161,155,0.7042024841617817
2301307,Araripe,CE,Nordeste,72.72727272727273,77.51,4.782727272727271,341,0.7041492704841954
2109452,Raposa,MA,Nordeste,50.56689342403629,73.62,23.053106575963717,441,0.7038687388618599
2307106,Jardim,CE,Nordeste,69.375,78.81,9.435000000000002,320,0.7029336995499934
3162450,São João das Missões,MG,Sudeste,48.275862068965516,59.48,11.20413793103448,58,0.7028068295033197
1507706,São Sebastião da Boa Vista,PA,Norte,47.4025974025974,63.42,16.0174025974026,462,0.7022098088663591
4319901,Sapiranga,RS,Sul,57.9088471849866,76.06,18.151152815013404,746,0.7020024008508362
4309654,Hulha Negra,RS,Sul,53.2258064516129,74.72,21.494193548387102,62,0.7014074320483438
4308409,Formigueiro,RS,Sul,42.10526315789473,80.0,37.89473684210527,19,0.7008668149440116
3537008,Pedregulho,SP,Sudeste,60.54054054054055,69.98,9.439459459459457,185,0.70063249158195
4215059,Rio Rufino,SC,Sul,51.42857142857142,72.44,21.011428571428574,35,0.6993428618899831
4315701,Rio Pardo,RS,Sul,60.37735849056604,76.37,15.992641509433966,53,0.6985525045263932
2511905,Pitimbu,PB,Nordeste,59.30232558139535,77.76,18.457674418604654,172,0.6981603338961357
2611606,Recife,PE,Nordeste,57.38375063873276,70.75,13.366249361267244,9785,0.6980378886999178
4305124,Cerrito,RS,Sul,53.333333333333336,77.28,23.946666666666665,30,0.6968211470236396
2411502,Santo Antônio,RN,Nordeste,46.0,72.83,26.83,50,0.6966635241281905
3506300,Bernardino de Campos,SP,Sudeste,61.6822429906542,73.76,12.077757009345802,107,0.6962831797613045
2303709,Caucaia,CE,Nordeste,57.76433304523192,73.1,15.335666954768072,3471,0.6962483319436742
2306504,Itapiúna,CE,Nordeste,61.904761904761905,80.0,18.095238095238095,189,0.6959894853879189
4307104,Herval,RS,Sul,47.05882352941176,65.9,18.841176470588245,17,0.695493428059632
4306924,Engenho Velho,RS,Sul,46.15384615384615,78.28,32.12615384615385,13,0.6951486559649745
1505536,Parauapebas,PA,Norte,58.87936313533374,66.67,7.790636864666261,3266,0.6947713000051099
2400208,Assú,RN,Nordeste,50.260416666666664,60.2,9.939583333333339,384,0.6925035557784417
2107704,Paraibano,MA,Nordeste,65.53030303030303,79.35,13.819696969696963,264,0.6919719490409365
4200606,Águas Mornas,SC,Sul,59.79381443298969,80.0,20.20618556701031,97,0.6906631853914642
3553906,Tarabai,SP,Sudeste,61.038961038961034,79.13,18.09103896103896,77,0.6906470604351818
3124401,Espírito Santo do Dourado,MG,Sudeste,61.29032258064516,72.82,11.529677419354833,93,0.6906281946206384
3144359,Naque,MG,Sudeste,69.62025316455697,79.74,10.119746835443024,79,0.6904164661571083
1504505,Melgaço,PA,Norte,37.34177215189873,57.8,20.458227848101266,474,0.6899196748334686
4314159,Paverama,RS,Sul,53.48837209302325,71.35,17.861627906976743,43,0.6894713702335572
2308708,Morada Nova,CE,Nordeste,62.31343283582089,75.63,13.316567164179105,536,0.6891445616724762
2308302,Milagres,CE,Nordeste,72.5,77.39,4.890000000000001,200,0.6888510839674734
3121803,Dionísio,MG,Sudeste,68.62745098039215,80.0,11.372549019607845,51,0.6883927455593613
3516002,Flórida Paulista,SP,Sudeste,62.0,80.0,18.0,100,0.6865950516604036
3516606,Gália,SP,Sudeste,63.07692307692307,79.38,16.303076923076922,65,0.6864890992554473
3158201,Santa Maria do Suaçuí,MG,Sudeste,59.64912280701754,70.34,10.690877192982462,57,0.6859668958563349
3520202,Igaratá,SP,Sudeste,53.52112676056338,70.28,16.758873239436625,142,0.6857930480735457
3510153,Canitar,SP,Sudeste,55.00000000000001,79.66,24.65999999999999,80,0.6855125451223504
2305357,Icapuí,CE,Nordeste,67.64705882352942,80.0,12.35294117647058,272,0.6855079773794623
4315008,Porto Lucena,RS,Sul,61.111111111111114,79.19,18.078888888888883,18,0.685195337082264
2313351,Tejuçuoca,CE,Nordeste,77.02127659574468,80.0,2.9787234042553195,235,0.6848846594346182
3556008,Urupês,SP,Sudeste,61.59420289855072,80.0,18.40579710144928,138,0.6833429012528012
4214607,Rio do Oeste,SC,Sul,65.4320987654321,80.0,14.567901234567898,81,0.6821768428201535
4303202,Cacique Doble,RS,Sul,50.0,80.0,30.0,24,0.681973947782289
2307502,Lavras da Mangabeira,CE,Nordeste,71.7948717948718,77.44,5.645128205128202,273,0.6817824116220952
4314498,Pinheirinho do Vale,RS,Sul,51.35135135135135,80.0,28.648648648648653,37,0.6809924901433051
4308003,Faxinal do Soturno,RS,Sul,63.33333333333333,79.51,16.176666666666677,30,0.6805747043510938
4314076,Passo do Sobrado,RS,Sul,57.49999999999999,80.0,22.500000000000007,40,0.6801364962206476
4306700,Dona Francisca,RS,Sul,68.18181818181817,80.0,11.818181818181827,22,0.6788215054804272
4300455,Alegria,RS,Sul,40.0,80.0,40.0,10,0.6786103722554986
3552908,Taciba,SP,Sudeste,66.17647058823529,79.96,13.783529411764704,68,0.6775477195375734
3120870,Curral de Dentro,MG,Sudeste,63.29113924050633,79.57,16.27886075949366,79,0.6775361654464696
2301851,Banabuiú,CE,Nordeste,75.92592592592592,80.0,4.074074074074076,216,0.6765281940386008
2310308,Parambu,CE,Nordeste,79.33130699088146,80.0,0.6686930091185417,329,0.6753922263771219
3530607,Mogi das Cruzes,SP,Sudeste,53.87003770237303,62.61,8.739962297626967,4509,0.6741211391936552
2104552,Governador Edison Lobão,MA,Nordeste,67.62589928057554,80.0,12.374100719424462,278,0.6738998738204041
3515004,Embu das Artes,SP,Sudeste,47.573839662447256,54.47,6.896160337552743,1896,0.673681829392556
4317608,Santo Antônio da Patrulha,RS,Sul,65.02732240437157,78.5,13.472677595628426,183,0.673650599298097
2300408,Aiuaba,CE,Nordeste,70.9090909090909,77.31,6.400909090909096,165,0.6734597870551304
4101200,Antonina,PR,Sul,62.82051282051282,72.73,9.909487179487186,234,0.673337114567371
4301073,Arroio do Padre,RS,Sul,57.89473684210527,80.0,22.105263157894733,19,0.6730337925830494
3546009,Santa Branca,SP,Sudeste,44.927536231884055,59.41,14.482463768115942,138,0.6728424200484332
3305703,Sumidouro,RJ,Sudeste,56.52173913043478,77.04,20.518260869565225,161,0.6723399857991671
4204202,Chapecó,SC,Sul,59.55274671852212,67.63,8.077253281477873,2057,0.6721865013273437
2607307,Ipubi,PE,Nordeste,73.34963325183375,75.65,2.3003667481662546,409,0.6717806578754824
3129103,Gurinhatã,MG,Sudeste,19.047619047619047,78.28,59.23238095238095,21,0.6716217928468228
2102358,Buritirana,MA,Nordeste,54.14012738853503,70.24,16.099872611464967,157,0.6716024293290567
2516904,Uiraúna,PB,Nordeste,49.193548387096776,80.0,30.806451612903224,124,0.6713332010311958
3159803,Santa Vitória,MG,Sudeste,64.91228070175438,75.02,10.107719298245613,171,0.6709141380122137
4322400,Uruguaiana,RS,Sul,60.46511627906976,70.2,9.734883720930242,602,0.6695819074781343
3549409,São Joaquim da Barra,SP,Sudeste,52.1505376344086,62.06,9.909462365591402,186,0.669374489386112
3140530,Martins Soares,MG,Sudeste,61.05263157894737,78.08,17.02736842105263,95,0.6685938903041001
4322327,Turuçu,RS,Sul,53.125,80.0,26.875,32,0.6683660551060453
3303203,Nilópolis,RJ,Sudeste,55.108695652173914,61.41,6.301304347826083,920,0.6677262601437185
4322152,Tunas,RS,Sul,50.0,73.7,23.700000000000003,28,0.6675413466600673
3109451,Cabeceira Grande,MG,Sudeste,42.64705882352941,59.24,16.59294117647059,68,0.6672908143196464
3204559,Santa Maria de Jetibá,ES,Sudeste,79.2156862745098,80.0,0.7843137254901933,255,0.6668798893036867
2102507,Cajari,MA,Nordeste,51.68539325842697,66.13,14.444606741573025,89,0.6666363296438141
4204400,Coronel Freitas,SC,Sul,66.36363636363637,76.86,10.496363636363625,110,0.666594970356562
3161304,São Francisco de Sales,MG,Sudeste,68.4931506849315,78.08,9.586849315068491,73,0.6663228549326566
1301001,Carauari,AM,Norte,51.77865612648221,63.05,11.271343873517786,253,0.6662811868586861
2108801,Pirapemas,MA,Nordeste,73.88059701492537,80.0,6.119402985074629,134,0.666038356299002
1303536,Presidente Figueiredo,AM,Norte,45.796064400715565,55.46,9.663935599284436,559,0.6654273613818641
2311603,Redenção,CE,Nordeste,76.79558011049724,80.0,3.204419889502759,362,0.6645032888673271
2107456,Olinda Nova do Maranhão,MA,Nordeste,44.26229508196721,80.0,35.73770491803279,122,0.6641106791142591
3170578,Vargem Alegre,MG,Sudeste,70.3125,80.0,9.6875,64,0.6640515298278343
2930501,Serrinha,BA,Nordeste,34.21875,49.31,15.091250000000002,640,0.663963032228467
3304805,São Fidélis,RJ,Sudeste,51.041666666666664,58.84,7.798333333333339,288,0.6632355125262895
3139201,Malacacheta,MG,Sudeste,75.0,78.44,3.4399999999999977,56,0.6631220608401802
3520103,Igarapava,SP,Sudeste,53.80710659898477,62.9,9.092893401015232,197,0.6627198988132172
2907301,Castro Alves,BA,Nordeste,40.839694656488554,61.22,20.380305343511445,262,0.6623896000159011
3154606,Ribeirão das Neves,MG,Sudeste,57.9979709164694,67.01,9.012029083530606,2957,0.6619001885803271
2307304,Juazeiro do Norte,CE,Nordeste,54.84716157205241,69.83,14.982838427947591,2290,0.6618036802915618
2404507,Guamaré,RN,Nordeste,35.54216867469879,56.91,21.367831325301204,166,0.6616324897217636
2608057,Jatobá,PE,Nordeste,72.80701754385966,77.85,5.0429824561403365,114,0.660698529047095
2313807,Uruburetama,CE,Nordeste,76.95167286245353,80.0,3.0483271375464653,269,0.6590364525036888
4318804,São Lourenço do Sul,RS,Sul,59.93031358885017,79.48,19.549686411149835,287,0.6590258651340694
3547601,Santa Rosa de Viterbo,SP,Sudeste,63.90243902439025,76.9,12.997560975609758,205,0.6589337289686643
4322301,Tuparendi,RS,Sul,59.01639344262295,80.0,20.98360655737705,61,0.6574163118649682
3518859,Guatapará,SP,Sudeste,27.500000000000004,71.84,44.34,80,0.656941596034671
3552403,Sumaré,SP,Sudeste,58.35662381218558,65.94,7.583376187814416,1789,0.6568893104305918
3134806,Jacuí,MG,Sudeste,64.94845360824742,75.06,10.111546391752583,97,0.6566487246612539
1717909,Ponte Alta do Tocantins,TO,Norte,47.474747474747474,63.16,15.685252525252523,99,0.655574617320718
2500809,Araçagi,PB,Nordeste,51.14503816793893,71.58,20.43496183206107,131,0.6554944014792091
2300903,Apuiarés,CE,Nordeste,77.08333333333334,80.0,2.916666666666657,144,0.6553007012778388
3116001,Chalé,MG,Sudeste,36.0,80.0,44.0,25,0.6551453870467993
4302402,Bom Retiro do Sul,RS,Sul,56.81818181818182,78.98,22.161818181818184,132,0.6550897826140111
2300309,Acopiara,CE,Nordeste,59.10224438902743,70.87,11.767755610972571,401,0.6532422942745888
4204558,Correia Pinto,SC,Sul,55.4140127388535,69.36,13.945987261146499,157,0.6527557171855853
4315552,Rio dos Índios,RS,Sul,50.0,80.0,30.0,26,0.6526377800733526
2607208,Ipojuca,PE,Nordeste,59.813084112149525,73.78,13.966915887850476,1284,0.6525596420102414
3172004,Visconde do Rio Branco,MG,Sudeste,41.911764705882355,67.69,25.778235294117643,136,0.6525475089037883
2308401,Missão Velha,CE,Nordeste,65.41353383458647,77.11,11.696466165413526,399,0.6520686406732824
4321808,Três de Maio,RS,Sul,64.45783132530121,79.45,14.992168674698789,166,0.6510232713410384
2414803,Vera Cruz,RN,Nordeste,56.57894736842105,68.91,12.331052631578949,152,0.6505459831978985
4301651,Barão,RS,Sul,64.86486486486487,80.0,15.13513513513513,37,0.6502083298217591
4319208,São Nicolau,RS,Sul,23.52941176470588,68.48,44.95058823529412,17,0.6494480950907042
3530102,Mirandópolis,SP,Sudeste,55.61797752808989,66.2,10.582022471910115,178,0.6476862353083961
4209854,Lindóia do Sul,SC,Sul,63.46153846153846,80.0,16.53846153846154,52,0.6466431226399931
2504306,Catolé do Rocha,PB,Nordeste,50.672645739910315,67.12,16.44735426008969,223,0.6464696169210178
2301703,Aurora,CE,Nordeste,70.79207920792079,76.1,5.3079207920792015,202,0.6459790802045083
4309050,Glorinha,RS,Sul,55.78947368421052,72.11,16.32052631578948,95,0.6456478427357402
4305975,Coxilha,RS,Sul,54.054054054054056,71.27,17.21594594594594,37,0.645057077138731
3136306,João Pinheiro,MG,Sudeste,65.04065040650406,69.59,4.549349593495947,123,0.6446863675154084
2412203,São José de Mipibu,RN,Nordeste,45.034246575342465,55.76,10.725753424657533,584,0.6439653031462846
3550308,São Paulo,SP,Sudeste,53.27570921985816,57.72,4.444290780141841,45120,0.6439000668522868
3108107,Bonfim,MG,Sudeste,60.0,74.24,14.239999999999995,60,0.6430316842868108
2111409,São Luís Gonzaga do Maranhão,MA,Nordeste,69.5364238410596,77.14,7.603576158940399,151,0.6422553917779008
4321352,Tavares,RS,Sul,59.25925925925925,72.42,13.16074074074075,27,0.6415684189180134
2309706,Pacatuba,CE,Nordeste,74.20118343195267,77.79,3.588816568047335,845,0.640876232044795
2100402,Altamira do Maranhão,MA,Nordeste,63.013698630136986,80.0,16.986301369863014,73,0.6406027979432497
3549805,São José do Rio Preto,SP,Sudeste,57.113762001745705,65.5,8.386237998254295,3437,0.6405215264774006
4319737,São Valério do Sul,RS,Sul,40.0,75.36,35.36,10,0.6404947992876038
4306106,Cruz Alta,RS,Sul,54.662379421221864,68.24,13.57762057877813,311,0.6400691737366013
2304954,Guaiúba,CE,Nordeste,74.23728813559322,76.04,1.8027118644067883,295,0.639986241342182
4202438,Bocaina do Sul,SC,Sul,32.142857142857146,58.45,26.307142857142857,56,0.6398580016544009
2616407,Vitória de Santo Antão,PE,Nordeste,47.35866543095459,62.35,14.991334569045414,1079,0.6384650191014326
2406304,Lagoa de Pedras,RN,Nordeste,30.508474576271187,63.23,32.72152542372881,59,0.6383557424356147
2409902,Pendências,RN,Nordeste,35.1063829787234,59.46,24.353617021276598,94,0.6383368745188366
2307700,Maranguape,CE,Nordeste,77.71883289124668,79.86,2.141167108753322,1131,0.6369141677593043
3171154,Vermelho Novo,MG,Sudeste,62.903225806451616,76.47,13.566774193548383,62,0.6368480140802544
2111508,São Mateus do Maranhão,MA,Nordeste,61.731207289293856,71.85,10.118792710706138,439,0.6364719140765993
3302601,Mangaratiba,RJ,Sudeste,54.26195426195426,63.13,8.868045738045744,481,0.6359304257950192
2913705,Inhambupe,BA,Nordeste,37.38019169329074,52.4,15.019808306709258,313,0.6358367834564175
4119954,Pontal do Paraná,PR,Sul,68.50574712643677,75.23,6.7242528735632305,435,0.6347492879956934
2413359,Serra do Mel,RN,Nordeste,27.27272727272727,54.51,27.237272727272728,110,0.6346095276651788
3141504,Mendes Pimentel,MG,Sudeste,73.33333333333333,79.8,6.466666666666669,60,0.6333516446358903
4202404,Blumenau,SC,Sul,65.4747225647349,71.51,6.035277435265101,2433,0.6317384390811092
2105005,Humberto de Campos,MA,Nordeste,60.56338028169014,70.35,9.786619718309858,355,0.6314628160399114
1506005,Prainha,PA,Norte,43.238434163701065,68.2,24.961565836298938,562,0.6314272322789111
3305307,São Sebastião do Alto,RJ,Sudeste,59.09090909090909,71.41,12.319090909090903,66,0.6311752832062342
3140852,Matias Cardoso,MG,Sudeste,40.20618556701031,57.61,17.40381443298969,97,0.6307048243569816
4218707,Tubarão,SC,Sul,65.81395348837209,74.78,8.966046511627908,430,0.6303590465693831
4314753,Poço das Antas,RS,Sul,47.368421052631575,80.0,32.631578947368425,19,0.6297989251871823
2106375,Maranhãozinho,MA,Nordeste,72.8,78.0,5.200000000000003,125,0.6289543534762511
4300570,Alto Feliz,RS,Sul,62.06896551724138,76.02,13.951034482758615,29,0.6286384244655225
3152006,Pompéu,MG,Sudeste,64.19213973799127,72.17,7.977860262008733,229,0.6279468010125497
2512309,Princesa Isabel,PB,Nordeste,75.5868544600939,80.0,4.413145539906097,213,0.6278044540852971
2607901,Jaboatão dos Guararapes,PE,Nordeste,55.26660839160839,68.16,12.893391608391603,4576,0.6274712809805506
2311355,Quixelô,CE,Nordeste,76.76767676767676,79.6,2.8323232323232332,198,0.6268632834155315
2308104,Mauriti,CE,Nordeste,79.26829268292683,80.0,0.7317073170731732,574,0.625995531361593
3115300,Cataguases,MG,Sudeste,51.76991150442478,56.6,4.830088495575218,226,0.6256965094023826
1502608,Colares,PA,Norte,52.475247524752476,66.7,14.224752475247527,101,0.6246210537682259
2205201,Jaicós,PI,Nordeste,76.72413793103449,79.43,2.7058620689655157,116,0.624271419489144
1303304,Novo Aripuanã,AM,Norte,64.42953020134227,80.0,15.570469798657726,149,0.6238758701325574
1503309,Igarapé-Miri,PA,Norte,47.67255216693419,57.03,9.357447833065812,623,0.6236228383604857
2409803,Pedro Velho,RN,Nordeste,23.943661971830984,42.22,18.276338028169015,71,0.6223440319733444
2507101,Itapororoca,PB,Nordeste,70.98765432098766,75.52,4.532345679012337,162,0.621736923944785
2910057,Dias d'Ávila,BA,Nordeste,45.45454545454545,56.29,10.835454545454546,627,0.6210999842062738
2509305,Mataraca,PB,Nordeste,61.53846153846154,80.0,18.46153846153846,156,0.6208221049640222
3142908,Monte Azul,MG,Sudeste,61.111111111111114,80.0,18.888888888888886,18,0.6187423152984416
3507704,Braúna,SP,Sudeste,70.83333333333334,80.0,9.166666666666657,72,0.6185636281374096
3511300,Cedral,SP,Sudeste,63.76811594202898,76.14,12.371884057971023,138,0.6182892304260892
3554102,Taubaté,SP,Sudeste,53.91836734693878,61.42,7.501632653061222,2450,0.6175193375679536
1600501,Oiapoque,AP,Norte,31.435643564356436,49.98,18.54435643564356,404,0.6174890485539137
2401107,Areia Branca,RN,Nordeste,55.333333333333336,65.59,10.256666666666668,150,0.6170059251582478
2207777,Patos do Piauí,PI,Nordeste,75.40983606557377,80.0,4.590163934426229,61,0.61659844623068
3554201,Tejupá,SP,Sudeste,60.0,76.38,16.379999999999995,55,0.6162559940456528
2404606,Ielmo Marinho,RN,Nordeste,49.18032786885246,59.69,10.50967213114754,122,0.6154461327415061
3544608,Sabino,SP,Sudeste,55.769230769230774,66.71,10.94076923076922,52,0.6153392257526037
4217501,Seara,SC,Sul,71.97802197802197,80.0,8.021978021978029,182,0.6153225218336587
3515103,Embu-Guaçu,SP,Sudeste,54.25531914893617,62.57,8.314680851063834,282,0.6153131624028105
2606408,Gravatá,PE,Nordeste,41.702127659574465,60.25,18.547872340425535,470,0.6152436176559531
3162575,São João do Manteninha,MG,Sudeste,74.66666666666667,79.94,5.273333333333326,75,0.6150673308240454
1502954,Eldorado do Carajás,PA,Norte,52.046783625730995,65.93,13.883216374269011,342,0.614914585670475
3536208,Pariquera-Açu,SP,Sudeste,65.34653465346535,71.79,6.443465346534651,202,0.6147760581151698
4205100,Dona Emma,SC,Sul,68.18181818181817,80.0,11.818181818181827,44,0.614492536363367
3143104,Monte Carmelo,MG,Sudeste,64.24242424242425,71.38,7.137575757575746,165,0.6127837200610609
2614105,Sertânia,PE,Nordeste,42.9042904290429,69.11,26.205709570957097,303,0.6122038830444366
2303501,Cascavel,CE,Nordeste,78.71621621621621,80.0,1.2837837837837895,888,0.6114050957933543
4200754,Alto Bela Vista,SC,Sul,58.333333333333336,80.0,21.666666666666664,12,0.6107232798777401
3205176,Vila Valério,ES,Sudeste,75.72254335260115,80.0,4.27745664739885,173,0.610379521034354
3136553,José Raydan,MG,Sudeste,74.4186046511628,79.48,5.061395348837209,43,0.6102036412839404
3300100,Angra dos Reis,RJ,Sudeste,63.89032591826177,68.03,4.139674081738228,1933,0.6096356148373998
2928059,Santa Luzia,BA,Nordeste,39.436619718309856,55.02,15.583380281690147,142,0.6092524244423781
2303204,Caririaçu,CE,Nordeste,80.45325779036827,80.0,-0.4532577903682693,353,0.6092474221139246
2609402,Moreno,PE,Nordeste,52.358490566037744,66.18,13.821509433962262,424,0.6091512011949617
3103603,Arantina,MG,Sudeste,48.38709677419355,77.24,28.852903225806443,31,0.608696104170721
4316451,Salto do Jacuí,RS,Sul,62.33766233766234,80.0,17.662337662337663,77,0.6083530419964334
4217006,São Ludgero,SC,Sul,61.05263157894737,72.5,11.44736842105263,190,0.6081526489290814
3554953,Tuiuti,SP,Sudeste,55.769230769230774,72.43,16.660769230769233,52,0.607691803125024
2928802,Santo Estêvão,BA,Nordeste,44.48897795591182,54.5,10.011022044088179,499,0.6071789164393078
2200301,Alto Longá,PI,Nordeste,76.03305785123968,80.0,3.9669421487603245,121,0.6070876609176986
4321451,Teutônia,RS,Sul,65.90038314176245,80.0,14.099616858237553,261,0.6063242518846022
1100122,Ji-Paraná,RO,Norte,75.77497129735936,80.0,4.225028702640643,871,0.6061945735744252
1508159,Uruará,PA,Norte,59.55555555555555,72.33,12.774444444444448,450,0.6060791860368673
3535507,Paraguaçu Paulista,SP,Sudeste,55.36992840095465,63.47,8.10007159904535,419,0.6059847092747072
3111101,Campina Verde,MG,Sudeste,65.98639455782312,78.47,12.48360544217688,147,0.6051479390083613
3301108,Cantagalo,RJ,Sudeste,59.411764705882355,67.4,7.988235294117651,170,0.6044521683896333
4315305,Quaraí,RS,Sul,47.674418604651166,66.9,19.22558139534884,86,0.6042704195210626
4202875,Brunópolis,SC,Sul,58.333333333333336,72.91,14.57666666666666,12,0.6035270962114033
3302254,Itatiaia,RJ,Sudeste,62.09912536443149,72.07,9.970874635568507,343,0.602797220968585
4303806,Campinas do Sul,RS,Sul,67.64705882352942,80.0,12.35294117647058,34,0.6023808959816892
1502301,Capitão Poço,PA,Norte,56.40535372848948,64.94,8.534646271510518,523,0.6020221396719275
2601607,Belém do São Francisco,PE,Nordeste,50.318471337579616,65.24,14.921528662420378,157,0.6017367424112323
4313706,Palmeira das Missões,RS,Sul,52.94117647058824,63.76,10.818823529411759,68,0.6013358485328996
3556602,Vera Cruz,SP,Sudeste,56.9620253164557,70.92,13.9579746835443,79,0.6012185395839951
3503109,Arandu,SP,Sudeste,50.0,66.61,16.61,88,0.6007673123292988
3157278,Santa Bárbara do Monte Verde,MG,Sudeste,55.172413793103445,65.47,10.297586206896554,29,0.6007313708884069
2401909,Caiçara do Rio do Vento,RN,Nordeste,26.923076923076923,57.82,30.896923076923077,26,0.6005790525881376
4205159,Doutor Pedrinho,SC,Sul,68.57142857142857,79.4,10.828571428571436,35,0.60039866489536
3540754,Potim,SP,Sudeste,51.18483412322274,59.45,8.26516587677726,211,0.599894743588662
2601409,Barreiros,PE,Nordeste,53.896103896103895,70.44,16.543896103896103,462,0.5998732921748843
3163409,São José do Goiabal,MG,Sudeste,67.3469387755102,80.0,12.653061224489804,49,0.5994829930962243
2601102,Araripina,PE,Nordeste,53.027139874739035,67.97,14.942860125260964,958,0.5988254092143909
3134103,Itueta,MG,Sudeste,54.54545454545454,67.29,12.744545454545467,44,0.5987163059082072
2805406,Poço Redondo,SE,Nordeste,26.72176308539945,42.17,15.448236914600553,363,0.5986285782268779
3137601,Lagoa Santa,MG,Sudeste,66.10738255033557,70.4,4.292617449664434,596,0.598230296918667
1304062,Tabatinga,AM,Norte,44.58955223880597,59.84,15.250447761194032,1072,0.5981115197276259
2516607,Tavares,PB,Nordeste,74.19354838709677,77.38,3.1864516129032268,124,0.5978312254472157
3167202,Sete Lagoas,MG,Sudeste,61.78067318132465,66.29,4.509326818675355,921,0.5972812876945901
3525805,Júlio Mesquita,SP,Sudeste,61.53846153846154,72.96,11.421538461538454,52,0.5968691238169531
3153400,Presidente Olegário,MG,Sudeste,73.88888888888889,78.53,4.641111111111115,180,0.596008924996687
2105104,Icatu,MA,Nordeste,72.42798353909465,72.86,0.43201646090534496,243,0.5942863741978557
4211702,Orleans,SC,Sul,66.66666666666666,72.49,5.823333333333338,147,0.5942311894655546
2515906,Serraria,PB,Nordeste,57.14285714285714,80.0,22.85714285714286,49,0.5937835874470205
4309001,Giruá,RS,Sul,63.366336633663366,77.94,14.573663366336632,101,0.5937662170424212
3554003,Tatuí,SP,Sudeste,58.65834633385335,65.01,6.351653666146653,1282,0.593506306179706
4306205,Cruzeiro do Sul,RS,Sul,59.210526315789465,73.7,14.489473684210537,76,0.5932885161835603
2509057,Marcação,PB,Nordeste,57.14285714285714,74.07,16.927142857142854,84,0.5931708439011731
1505551,Pau D'Arco,PA,Norte,50.0,64.77,14.769999999999996,70,0.5930559701089153
4203402,Campo Belo do Sul,SC,Sul,50.0,59.97,9.969999999999999,46,0.592991182294363
3137106,Lagamar,MG,Sudeste,71.42857142857143,80.0,8.57142857142857,42,0.592856728027106
2603454,Camaragibe,PE,Nordeste,61.62679425837321,68.87,7.243205741626795,1045,0.5924110151894445
4300877,Araricá,RS,Sul,62.31884057971014,77.61,15.291159420289858,138,0.5922725830000254
2933109,Várzea do Poço,BA,Nordeste,49.09090909090909,61.66,12.569090909090903,55,0.5922049336727242
3306206,Vassouras,RJ,Sudeste,62.86549707602339,72.28,9.414502923976613,342,0.591198403491692
3543501,Riversul,SP,Sudeste,58.57142857142858,80.0,21.428571428571423,70,0.5908924680731521
2927408,Salvador,BA,Nordeste,50.61969993476843,58.48,7.86030006523157,12264,0.5900577663131908
3159506,Santa Rita do Itueto,MG,Sudeste,79.36507936507937,80.0,0.6349206349206327,63,0.5889880328253962
2103109,Cedral,MA,Nordeste,59.34065934065934,74.51,15.169340659340662,91,0.5882213648098469
2602100,Bom Conselho,PE,Nordeste,53.829787234042556,69.54,15.71021276595745,470,0.5877832743228334
2100303,Aldeias Altas,MA,Nordeste,66.08996539792388,73.54,7.45003460207613,289,0.5875199627810498
4310413,Inhacorá,RS,Sul,45.0,70.88,25.879999999999995,20,0.5870826267460002
3527207,Lorena,SP,Sudeste,54.64231354642314,60.37,5.727686453576858,657,0.5862955233969693
3140308,Marliéria,MG,Sudeste,40.476190476190474,70.43,29.953809523809532,42,0.5861527761292857
3554409,Terra Roxa,SP,Sudeste,62.0253164556962,73.19,11.164683544303799,79,0.5860182774600227
3139300,Manga,MG,Sudeste,30.434782608695656,48.4,17.965217391304343,92,0.5855343509329476
2306256,Itaitinga,CE,Nordeste,78.18831942789033,80.0,1.8116805721096654,839,0.5829432857719791
4304200,Candelária,RS,Sul,67.93478260869566,77.43,9.495217391304351,184,0.5824128229231754
3302403,Macaé,RJ,Sudeste,63.64251861882194,69.48,5.8374813811780655,2954,0.5819818740746959
4307831,Eugênio de Castro,RS,Sul,41.66666666666667,61.36,19.693333333333328,12,0.5795583806438898
3112208,Capela Nova,MG,Sudeste,78.78787878787878,80.0,1.2121212121212182,33,0.5788457320590985
4312906,Nova Bassano,RS,Sul,66.17647058823529,78.82,12.643529411764703,68,0.5785825722773297
2201919,Bom Princípio do Piauí,PI,Nordeste,54.166666666666664,80.0,25.833333333333336,48,0.5780778946472698
2208304,Piracuruca,PI,Nordeste,77.71260997067448,77.58,-0.13260997067447988,341,0.5771893244962616
1503200,Igarapé-Açu,PA,Norte,41.63822525597269,54.57,12.931774744027308,293,0.5766917769412052
2111706,São Vicente Ferrer,MA,Nordeste,58.27814569536424,70.07,11.791854304635756,151,0.5766101458088072
3514205,Dolcinópolis,SP,Sudeste,36.0,78.12,42.120000000000005,25,0.5757921495367192
4301800,Barracão,RS,Sul,56.25,76.36,20.11,48,0.5751682388574992
4314035,Pareci Novo,RS,Sul,47.05882352941176,76.18,29.121176470588246,34,0.5750512841342486
2907202,Casa Nova,BA,Nordeste,23.963133640552993,38.09,14.12686635944701,651,0.5747314922890477
2201804,Bocaina,PI,Nordeste,52.63157894736842,80.0,27.368421052631582,19,0.5740660296716904
4307807,Estrela,RS,Sul,59.541984732824424,73.39,13.848015267175576,262,0.5739218973887962
3554300,Teodoro Sampaio,SP,Sudeste,67.43119266055045,72.99,5.558807339449544,218,0.5739102704078222
3149952,Periquito,MG,Sudeste,47.94520547945205,61.93,13.98479452054795,73,0.5736463764180244
4313441,Novo Tiradentes,RS,Sul,52.63157894736842,75.36,22.72842105263158,19,0.5726638582460963
2101103,Axixá,MA,Nordeste,76.5432098765432,80.0,3.4567901234567984,81,0.5724563445164337
1703008,Babaçulândia,TO,Norte,25.0,45.49,20.490000000000002,72,0.5723495685554301
2512804,Riacho dos Cavalos,PB,Nordeste,35.2112676056338,74.2,38.9887323943662,71,0.5720987000835972
3152808,Prata,MG,Sudeste,63.07692307692307,67.21,4.133076923076921,325,0.5718955701114505
3154101,Recreio,MG,Sudeste,70.66666666666667,75.75,5.083333333333329,75,0.5714153688557997
4312617,Muitos Capões,RS,Sul,57.89473684210527,73.98,16.085263157894737,19,0.571141562883583
4312377,Monte Alegre dos Campos,RS,Sul,50.0,71.19,21.189999999999998,34,0.570888315375199
2300150,Acarape,CE,Nordeste,76.72955974842768,78.95,2.2204402515723274,159,0.5708881420693988
3145851,Oratórios,MG,Sudeste,69.81132075471697,76.63,6.818679245283022,53,0.5707910579962827
2106201,Luís Domingues,MA,Nordeste,73.68421052631578,78.28,4.595789473684221,114,0.5690754336599814
4103057,Boa Vista da Aparecida,PR,Sul,61.832061068702295,75.86,14.027938931297705,131,0.5685059836297657
4308706,Gaurama,RS,Sul,65.07936507936508,79.33,14.250634920634923,63,0.5682821837927452
2502706,Borborema,PB,Nordeste,51.35135135135135,80.0,28.648648648648653,37,0.5676611791673928
3509601,Campo Limpo Paulista,SP,Sudeste,56.02923264311814,64.35,8.320767356881852,821,0.567651984231733
3506904,Bofete,SP,Sudeste,51.85185185185185,62.19,10.33814814814815,108,0.5675997228858971
2101004,Arari,MA,Nordeste,71.25382262996942,73.33,2.076177370030578,327,0.5675077397718634
2209807,São Gonçalo do Piauí,PI,Nordeste,75.80645161290323,80.0,4.193548387096769,62,0.5664516597140824
3548906,São Carlos,SP,Sudeste,60.0956937799043,65.24,5.144306220095693,1045,0.5661005901494961
4318440,São Jorge,RS,Sul,55.55555555555556,78.14,22.584444444444443,27,0.565889494202539
4215703,Santo Amaro da Imperatriz,SC,Sul,61.199999999999996,68.63,7.43,250,0.5656697333900199
2918001,Jequié,BA,Nordeste,52.007835455435846,57.72,5.712164544564153,1021,0.5646961440949165
2106508,Matinha,MA,Nordeste,59.79381443298969,71.55,11.756185567010306,194,0.5646885351358203
3125408,Felício dos Santos,MG,Sudeste,77.10843373493977,80.0,2.8915662650602343,83,0.5646875523853421
1718808,Sampaio,TO,Norte,41.17647058823529,61.0,19.82352941176471,68,0.5645861004142408
3525300,Jaú,SP,Sudeste,61.76176176176176,69.43,7.668238238238246,999,0.5644587974974584
2304400,Fortaleza,CE,Nordeste,73.24137107368924,76.72,3.478628926310762,16746,0.5643270545869189
3544103,Rio Grande da Serra,SP,Sudeste,42.857142857142854,53.86,11.002857142857145,7,0.5642388907553108
3200607,Aracruz,ES,Sudeste,74.35496481626271,75.09,0.7350351837372955,1279,0.5641788443264493
2100204,Alcântara,MA,Nordeste,65.13157894736842,76.42,11.288421052631577,152,0.564079537838873
2910800,Feira de Santana,BA,Nordeste,49.44794952681388,54.05,4.602050473186118,3804,0.5638762210474243
3514502,Duartina,SP,Sudeste,65.28925619834712,80.0,14.710743801652882,121,0.5638323431632195
2615805,Tupanatinga,PE,Nordeste,69.82758620689656,73.88,4.05241379310344,232,0.5638180540714233
4215455,Sangão,SC,Sul,66.12903225806451,74.24,8.110967741935482,62,0.5620635952864117
4203808,Canoinhas,SC,Sul,72.20843672456576,76.67,4.461563275434244,403,0.561433890952784
4311601,Liberato Salzano,RS,Sul,61.904761904761905,76.33,14.425238095238093,21,0.5612199866158678
2102325,Buriticupu,MA,Nordeste,47.793190416141236,58.52,10.726809583858767,793,0.5611193766816818
3556503,Várzea Paulista,SP,Sudeste,55.413469735720376,63.76,8.346530264279622,1173,0.5609705185327778
4313300,Nova Prata,RS,Sul,70.66666666666667,79.31,8.64333333333333,150,0.5605216797752902
3523701,Itirapuã,SP,Sudeste,68.18181818181817,76.66,8.478181818181824,66,0.5603294039247506
3155900,Rio Preto,MG,Sudeste,65.0,75.22,10.219999999999999,40,0.5603190200031339
2512408,Puxinanã,PB,Nordeste,75.21739130434783,77.55,2.332608695652169,230,0.5601971399961571
1300508,Barreirinha,AM,Norte,36.910994764397905,52.54,15.629005235602094,382,0.5601096422237306
4311627,Lindolfo Collor,RS,Sul,55.73770491803278,73.36,17.622295081967216,61,0.5598803392836201
3543709,Rincão,SP,Sudeste,56.84210526315789,69.01,12.167894736842115,95,0.5595786963276743
3528403,Mairinque,SP,Sudeste,55.798687089715536,60.93,5.131312910284464,457,0.5581220645552906
4312443,Morrinhos do Sul,RS,Sul,56.52173913043478,80.0,23.47826086956522,23,0.5578912544881139
3520400,Ilhabela,SP,Sudeste,52.357320099255574,61.3,8.942679900744423,403,0.5578744919779328
1300706,Boca do Acre,AM,Norte,55.111111111111114,69.09,13.97888888888889,225,0.5566901442122534
2913606,Ilhéus,BA,Nordeste,45.02958579881657,54.24,9.210414201183433,1690,0.5562235482400967
3519501,Ibirarema,SP,Sudeste,68.4931506849315,80.0,11.506849315068493,73,0.5560539191673317
2506806,Ingá,PB,Nordeste,57.333333333333336,68.19,10.856666666666662,150,0.5557498806108595
2101608,Barra do Corda,MA,Nordeste,63.91982182628062,72.3,8.38017817371938,898,0.5557300285145499
2609907,Ouricuri,PE,Nordeste,45.15625,56.69,11.533749999999998,640,0.5545661728538502
3524303,Jaboticabal,SP,Sudeste,57.72532188841202,65.99,8.264678111587976,466,0.5531931277549728
3168200,Tapiraí,MG,Sudeste,66.66666666666666,78.03,11.363333333333344,15,0.5531813459866711
3145307,Novo Cruzeiro,MG,Sudeste,79.27927927927928,77.56,-1.7192792792792773,111,0.5529720354833512
2505402,Desterro,PB,Nordeste,57.35294117647059,67.46,10.107058823529407,68,0.5523160805626677
4300802,Antônio Prado,RS,Sul,63.33333333333333,72.54,9.206666666666678,60,0.5516741252868845
2917904,Jandaíra,BA,Nordeste,38.92617449664429,64.7,25.77382550335571,149,0.5516632921306578
2402709,Cerro Corá,RN,Nordeste,54.621848739495796,69.76,15.138151260504209,119,0.551569102583469
1506302,Salvaterra,PA,Norte,60.15625,65.45,5.293750000000003,256,0.5515507814823262
3102902,Antônio Carlos,MG,Sudeste,76.81159420289855,78.89,2.0784057971014533,69,0.5504215126052877
3503505,Areias,SP,Sudeste,48.93617021276596,69.29,20.353829787234048,47,0.5502197517837107
1302603,Manaus,AM,Norte,57.794198964459866,65.58,7.785801035540132,19893,0.5500078553528859
3522109,Itanhaém,SP,Sudeste,60.58339566192969,66.67,6.086604338070309,1337,0.5499155990928086
3112802,Capitólio,MG,Sudeste,78.78787878787878,80.0,1.2121212121212182,66,0.5496976294029635
3112505,Capim Branco,MG,Sudeste,68.75,78.63,9.879999999999995,128,0.5496472252621584
2802106,Estância,SE,Nordeste,45.309381237524946,55.33,10.020618762475053,501,0.5495697140825901
2106326,Maracaçumé,MA,Nordeste,56.5359477124183,68.51,11.974052287581706,306,0.5494872572668839
1304401,Urucurituba,AM,Norte,36.5296803652968,59.07,22.540319634703202,219,0.5493677997411824
2111789,Serrano do Maranhão,MA,Nordeste,52.77777777777778,73.59,20.812222222222225,144,0.5490862429745927
2902401,Aurelino Leal,BA,Nordeste,47.76119402985074,60.47,12.708805970149257,134,0.5490208076811075
2310605,Penaforte,CE,Nordeste,71.17117117117117,78.71,7.5388288288288265,111,0.5484953905847345
4319505,São Sebastião do Caí,RS,Sul,51.66666666666667,68.39,16.72333333333333,120,0.5477906583789738
2607505,Itaíba,PE,Nordeste,56.95652173913044,69.29,12.333478260869569,230,0.5475317764818892
3504909,Bananal,SP,Sudeste,51.08695652173913,63.26,12.173043478260865,92,0.5474998488173463
3156601,Rubim,MG,Sudeste,74.71264367816092,80.0,5.287356321839084,87,0.5474348732186524
2301505,Arneiroz,CE,Nordeste,63.23529411764706,76.52,13.284705882352938,68,0.547368834365856
4306551,Dom Pedro de Alcântara,RS,Sul,62.5,80.0,17.5,24,0.5472925815994565
3142304,Moeda,MG,Sudeste,65.0,78.81,13.810000000000002,60,0.5468499646832251
4308854,Gentil,RS,Sul,75.0,80.0,5.0,12,0.5461867656263629
4323705,Vista Gaúcha,RS,Sul,45.45454545454545,76.84,31.38545454545455,22,0.5457634275007555
2508208,Lagoa de Dentro,PB,Nordeste,54.87804878048781,73.39,18.51195121951219,82,0.5455382602394448
3525607,João Ramalho,SP,Sudeste,66.10169491525424,80.0,13.898305084745758,59,0.5454687572965671
3525854,Jumirim,SP,Sudeste,68.29268292682927,77.99,9.697317073170723,41,0.5454669696966528
4210803,Meleiro,SC,Sul,53.246753246753244,66.92,13.673246753246758,77,0.5450551931183799
3511102,Catanduva,SP,Sudeste,62.328767123287676,66.69,4.361232876712322,730,0.5438680823321518
1713205,Miracema do Tocantins,TO,Norte,48.148148148148145,59.84,11.691851851851858,162,0.5425730356276679
3157203,Santa Bárbara,MG,Sudeste,68.66197183098592,74.57,5.908028169014074,284,0.5424087086158974
2509404,Mogeiro,PB,Nordeste,65.21739130434783,76.29,11.072608695652178,138,0.5423479772098772
3166709,Serra dos Aimorés,MG,Sudeste,55.38461538461539,65.37,9.985384615384618,65,0.542214072572911
4315404,Redentora,RS,Sul,69.84126984126983,80.0,10.158730158730165,63,0.5422112424258132
3104700,Ataléia,MG,Sudeste,61.038961038961034,73.14,12.101038961038967,77,0.5418913048766718
3547809,Santo André,SP,Sudeste,60.01635322976288,65.91,5.893646770237119,3669,0.5417438665240392
4115705,Matinhos,PR,Sul,70.84078711985688,74.81,3.969212880143118,559,0.5414073566076751
3305901,Trajano de Moraes,RJ,Sudeste,76.82926829268293,78.45,1.620731707317077,82,0.5399271913922664
2205706,Luís Correia,PI,Nordeste,61.43344709897611,70.59,9.156552901023893,293,0.5390290764959877
3133105,Itanhandu,MG,Sudeste,71.29629629629629,80.0,8.70370370370371,108,0.5390132618655427
3148004,Patos de Minas,MG,Sudeste,66.66666666666666,74.17,7.5033333333333445,477,0.5385683071617234
2307601,Limoeiro do Norte,CE,Nordeste,79.96688741721854,80.0,0.03311258278145601,604,0.5378957443746532
1506807,Santarém,PA,Norte,58.86368641268444,66.97,8.106313587315562,4541,0.5375308402883309
2512762,Riachão do Poço,PB,Nordeste,58.92857142857143,73.71,14.781428571428563,56,0.5369929549642776
2402204,Canguaretama,RN,Nordeste,46.35416666666667,57.62,11.265833333333326,384,0.5362522732443663
3512407,Cordeirópolis,SP,Sudeste,65.3061224489796,76.94,11.633877551020404,294,0.5361633378512026
2507408,Jericó,PB,Nordeste,48.275862068965516,66.22,17.944137931034483,58,0.5361346188350984
4100400,Almirante Tamandaré,PR,Sul,60.729431721798136,65.7,4.970568278201867,1179,0.5359327325767758
2107001,Montes Altos,MA,Nordeste,56.03448275862068,75.29,19.255517241379323,116,0.5352040079374567
3200805,Baixo Guandu,ES,Sudeste,75.08650519031141,74.02,-1.0665051903114176,289,0.5346452080669634
4206652,Guatambú,SC,Sul,51.94805194805194,61.46,9.51194805194806,154,0.5344851851222343
3138674,Luisburgo,MG,Sudeste,69.86301369863014,80.0,10.13698630136986,73,0.534033678287415
2920403,Manoel Vitorino,BA,Nordeste,43.11377245508982,58.7,15.58622754491018,167,0.5334140454084461
2513109,Salgado de São Félix,PB,Nordeste,65.21739130434783,80.0,14.782608695652172,46,0.533366920433553
4301107,Arroio dos Ratos,RS,Sul,47.474747474747474,59.24,11.765252525252528,99,0.5330858937222515
3544004,Rio das Pedras,SP,Sudeste,67.06231454005935,72.09,5.027685459940656,337,0.532983983024025
3517505,Guapiaçu,SP,Sudeste,59.900990099009896,67.68,7.779009900990111,202,0.5328684138980552
3529203,Martinópolis,SP,Sudeste,54.59459459459459,66.0,11.40540540540541,185,0.5326724165513912
4321436,Terra de Areia,RS,Sul,55.26315789473685,73.03,17.76684210526315,114,0.5325479583158504
4317004,Santana da Boa Vista,RS,Sul,50.0,63.81,13.810000000000002,24,0.5325255992666682
4126256,Sarandi,PR,Sul,64.77419354838709,68.53,3.755806451612912,1550,0.5323781318118413
3108255,Bonito de Minas,MG,Sudeste,66.66666666666666,71.71,5.0433333333333366,72,0.5314266299757868
3556909,Vista Alegre do Alto,SP,Sudeste,67.96116504854369,80.0,12.038834951456309,103,0.5313057480257064
4202909,Brusque,SC,Sul,70.43650793650794,73.94,3.503492063492061,1008,0.5305371467144755
2929206,São Francisco do Conde,BA,Nordeste,44.047619047619044,52.76,8.712380952380954,336,0.5302450557462891
3128600,Guarda-Mor,MG,Sudeste,69.6969696969697,79.46,9.763030303030291,99,0.5296546303078872
2407104,Macaíba,RN,Nordeste,39.87823439878234,52.16,12.281765601217657,657,0.5296400176037512
4204905,Descanso,SC,Sul,73.4375,80.0,6.5625,64,0.5293539740720244
2313302,Tauá,CE,Nordeste,80.93306288032454,80.0,-0.9330628803245418,493,0.5288470795262438
3528502,Mairiporã,SP,Sudeste,62.732919254658384,67.01,4.277080745341621,805,0.5287125500816469
2612109,Salgadinho,PE,Nordeste,62.16216216216216,80.0,17.83783783783784,37,0.5281001828742676
1302405,Lábrea,AM,Norte,60.187353629976585,71.74,11.55264637002341,427,0.5279281318414617
3503307,Araras,SP,Sudeste,60.6158833063209,68.59,7.9741166936791,617,0.5278300851583478
4216800,São José do Cerrito,SC,Sul,74.28571428571429,78.03,3.7442857142857093,70,0.5265758566379728
2104677,Governador Nunes Freire,MA,Nordeste,64.48598130841121,77.9,13.414018691588794,321,0.5265689530952642
3553658,Taquaral,SP,Sudeste,65.38461538461539,77.24,11.855384615384608,26,0.5254297028512028
3162609,São João do Oriente,MG,Sudeste,78.125,80.0,1.875,96,0.5250774610570249
3505708,Barueri,SP,Sudeste,66.47425536827522,70.96,4.485744631724771,4331,0.5249453545285673
2203602,Eliseu Martins,PI,Nordeste,77.5,80.0,2.5,40,0.5249244661648205
4318903,São Luiz Gonzaga,RS,Sul,63.358778625954194,80.0,16.641221374045806,131,0.5246613779102124
3203007,Iúna,ES,Sudeste,78.2874617737003,75.62,-2.667461773700296,327,0.5242339747360217
2104701,Graça Aranha,MA,Nordeste,72.46376811594203,76.06,3.5962318840579712,69,0.5241903280741025
1600550,Pracuúba,AP,Norte,40.74074074074074,56.84,16.099259259259263,81,0.5241632753671528
3502903,Araçoiaba da Serra,SP,Sudeste,55.65217391304348,64.11,8.457826086956523,345,0.5237171170988402
3530805,Mogi Mirim,SP,Sudeste,58.831341301460824,66.39,7.558658698539176,753,0.5228908715353462
1720101,São Bento do Tocantins,TO,Norte,40.25974025974026,61.2,20.94025974025974,77,0.5225950422640112
4314175,Pedras Altas,RS,Sul,62.5,71.92,9.420000000000002,8,0.5210252458165368
3536109,Pardinho,SP,Sudeste,55.55555555555556,68.41,12.85444444444444,72,0.5206590723937887
4308250,Floriano Peixoto,RS,Sul,70.58823529411765,80.0,9.411764705882348,17,0.52011967246023
3127388,Goianá,MG,Sudeste,70.37037037037037,77.24,6.869629629629628,54,0.5199266476283517
1507201,São Domingos do Capim,PA,Norte,40.93567251461988,53.3,12.364327485380116,171,0.5196179528114595
3530409,Mirassolândia,SP,Sudeste,55.319148936170215,69.15,13.83085106382979,47,0.5195708135693919
3530300,Mirassol,SP,Sudeste,69.41838649155723,73.39,3.971613508442772,533,0.5195177052401443
4308201,Flores da Cunha,RS,Sul,68.75,79.44,10.689999999999998,272,0.5179692397533359
2211308,Valença do Piauí,PI,Nordeste,54.6875,65.44,10.752499999999998,192,0.5177662448306329
3545001,Salesópolis,SP,Sudeste,63.81909547738693,71.89,8.07090452261307,199,0.517093561113051
3550704,São Sebastião,SP,Sudeste,52.78846153846154,58.51,5.721538461538458,1040,0.5162873461028311
4305439,Chuí,RS,Sul,52.94117647058824,64.43,11.488823529411768,17,0.515334794306058
3522208,Itapecerica da Serra,SP,Sudeste,61.12975391498882,66.17,5.040246085011184,1788,0.5144658955438713
3553401,Tanabi,SP,Sudeste,66.37931034482759,72.15,5.7706896551724185,232,0.5136076109650751
3554805,Tremembé,SP,Sudeste,56.60919540229885,60.57,3.9608045977011486,348,0.5135783412846264
4304853,Carlos Gomes,RS,Sul,50.0,66.78,16.78,14,0.513374802044584
4218202,Timbó,SC,Sul,69.5945945945946,74.55,4.955405405405401,296,0.5133460481853171
3100906,Águas Formosas,MG,Sudeste,60.0,73.16,13.159999999999997,10,0.5127292780730472
1502806,Curralinho,PA,Norte,35.26093088857546,49.2,13.939069111424544,709,0.511924211905189
2501807,Bayeux,PB,Nordeste,51.578947368421055,55.29,3.7110526315789443,475,0.5117321421923016
1500701,Anajás,PA,Norte,36.41618497109826,50.51,14.093815028901737,346,0.5111815195549609
3507407,Borborema,SP,Sudeste,78.37837837837837,80.0,1.6216216216216282,111,0.5107661636037305
3120839,Cuparaque,MG,Sudeste,68.33333333333333,80.0,11.666666666666671,60,0.5107610136193707
4202800,Braço do Norte,SC,Sul,63.78737541528239,69.87,6.082624584717614,301,0.5105573616385074
2111201,São José de Ribamar,MA,Nordeste,64.30392656807751,70.69,6.386073431922483,1961,0.510398070366166
4208906,Jaraguá do Sul,SC,Sul,72.0265780730897,76.07,4.043421926910298,1505,0.5098857703022476
2106904,Monção,MA,Nordeste,50.0,65.46,15.459999999999994,258,0.5097578596125828
4316709,Santa Bárbara do Sul,RS,Sul,62.365591397849464,72.59,10.22440860215054,93,0.5090804981584688
2612505,Santa Cruz do Capibaribe,PE,Nordeste,57.77777777777777,65.89,8.112222222222229,1170,0.5088915955404039
2106409,Mata Roma,MA,Nordeste,73.58490566037736,74.45,0.8650943396226438,265,0.5083059308611766
3171907,Virgolândia,MG,Sudeste,78.94736842105263,80.0,1.05263157894737,38,0.5077312192694088
4205704,Garopaba,SC,Sul,70.79207920792079,74.92,4.127920792079209,404,0.5073530423384343
2112274,Tufilândia,MA,Nordeste,40.32258064516129,55.85,15.527419354838713,62,0.5071880661269388
3529104,Marinópolis,SP,Sudeste,69.23076923076923,80.0,10.769230769230774,13,0.5070512498245441
4311106,Jaguari,RS,Sul,55.88235294117647,72.02,16.137647058823525,34,0.5065389099308145
3137700,Lajinha,MG,Sudeste,72.79693486590038,75.67,2.873065134099619,261,0.5062026457976372
2202109,Campinas do Piauí,PI,Nordeste,54.761904761904766,80.0,25.238095238095234,42,0.5061672256468104
2914703,Itaberaba,BA,Nordeste,52.1669341894061,60.22,8.0530658105939,623,0.5057890145983321
2929107,São Felipe,BA,Nordeste,49.557522123893804,62.25,12.692477876106196,226,0.5045751135133126
2111953,Sucupira do Riachão,MA,Nordeste,62.5,77.45,14.950000000000003,40,0.5044025858623954
3170008,Ubaí,MG,Sudeste,64.17910447761194,74.75,10.570895522388057,67,0.5033084907940187
3525201,Jarinu,SP,Sudeste,54.52716297786721,63.79,9.262837022132793,497,0.5032839133301936
4301875,Barra do Quaraí,RS,Sul,51.06382978723404,70.06,18.99617021276596,47,0.5029822712546919
2401651,Bodó,RN,Nordeste,60.0,72.07,12.069999999999993,25,0.5019962151626229
2806602,Santo Amaro das Brotas,SE,Nordeste,27.77777777777778,55.71,27.932222222222222,90,0.5019070815724117
3506607,Biritiba Mirim,SP,Sudeste,56.41025641025641,60.42,4.009743589743593,351,0.5015314496227902
4209102,Joinville,SC,Sul,66.82365253793824,72.54,5.716347462061762,5733,0.5011195890079482
4306403,Dois Irmãos,RS,Sul,67.01754385964912,79.12,12.102456140350881,285,0.5009550502830016
3304755,São Francisco de Itabapoana,RJ,Sudeste,57.019064124783355,60.94,3.9209358752166423,577,0.5006252925529041
3107703,Bom Jesus do Amparo,MG,Sudeste,80.45977011494253,80.0,-0.45977011494252906,87,0.4999951479173339
3205002,Serra,ES,Sudeste,64.30003341129301,69.08,4.7799665887069835,5986,0.4995300739284695
4309753,Ibarama,RS,Sul,73.33333333333333,75.14,1.806666666666672,15,0.49911684200886597
3534807,Ouro Verde,SP,Sudeste,76.66666666666667,80.0,3.3333333333333286,90,0.49840689082754497
2506251,Gado Bravo,PB,Nordeste,78.70370370370371,79.02,0.3162962962962865,108,0.49534967338445
3119609,Coronel Pacheco,MG,Sudeste,48.148148148148145,80.0,31.851851851851855,27,0.4951940971722096
4124004,Santana do Itararé,PR,Sul,74.68354430379746,79.02,4.336455696202535,79,0.49495173351749094
2503506,Cacimba de Dentro,PB,Nordeste,80.0,79.71,-0.29000000000000625,140,0.49456906664554146
1300680,Boa Vista do Ramos,AM,Norte,24.271844660194176,50.03,25.758155339805825,103,0.49453235984926364
4323309,Vila Flores,RS,Sul,67.44186046511628,80.0,12.558139534883722,43,0.49434593689872125
4313102,Nova Palma,RS,Sul,66.66666666666666,80.0,13.333333333333343,18,0.49325627497875957
3553807,Taquarituba,SP,Sudeste,57.009345794392516,65.75,8.740654205607484,214,0.4928999781272212
5004502,Itaporã,MS,Centro-Oeste,53.051643192488264,74.12,21.06835680751174,213,0.49242414744369367
3506201,Bento de Abreu,SP,Sudeste,57.14285714285714,80.0,22.85714285714286,28,0.4923851427292675
2202117,Campo Alegre do Fidalgo,PI,Nordeste,44.89795918367347,58.11,13.212040816326528,49,0.4919742939665663
4100806,Alvorada do Sul,PR,Sul,68.26923076923077,74.3,6.0307692307692236,104,0.4917761499021346
2112803,Viana,MA,Nordeste,59.30470347648262,68.68,9.375296523517385,489,0.49123350179164776
4103404,Cafeara,PR,Sul,54.166666666666664,80.0,25.833333333333336,24,0.4911394299542023
4215505,Santa Cecília,SC,Sul,63.74045801526718,72.77,9.029541984732816,262,0.49057323566286604
3519253,Iaras,SP,Sudeste,47.27272727272727,60.41,13.137272727272723,55,0.490379028194462
2106607,Matões,MA,Nordeste,76.58959537572254,75.83,-0.7595953757225402,346,0.4903644810842804
4217758,Sul Brasil,SC,Sul,57.57575757575758,77.88,20.304242424242418,33,0.4899022682182494
2103703,Cururupu,MA,Nordeste,67.37588652482269,72.49,5.114113475177305,282,0.48948746399890836
4101408,Apucarana,PR,Sul,79.53821656050955,80.0,0.4617834394904463,1256,0.48915948034008483
2910727,Eunápolis,BA,Nordeste,48.65424430641822,55.75,7.095755693581779,966,0.488509536640591
3519071,Hortolândia,SP,Sudeste,61.352459016393446,68.54,7.18754098360656,2440,0.4876968247280657
3527900,Lutécia,SP,Sudeste,61.76470588235294,75.45,13.68529411764706,34,0.4875096051353958
3121258,Delta,MG,Sudeste,58.992805755395686,64.94,5.947194244604312,139,0.4874841667892976
3557006,Votorantim,SP,Sudeste,58.82899628252788,63.84,5.011003717472121,1076,0.487349210124251
2109403,Primeira Cruz,MA,Nordeste,74.75728155339806,77.53,2.7727184466019423,103,0.4872904650597949
2915700,Itamari,BA,Nordeste,50.877192982456144,69.38,18.50280701754385,57,0.4869737778403646
1703602,Brasilândia do Tocantins,TO,Norte,31.57894736842105,52.56,20.98105263157895,19,0.48665243760033994
2201606,Beneditinos,PI,Nordeste,76.57657657657657,78.64,2.06342342342343,111,0.48619789043276485
3304300,Rio Bonito,RJ,Sudeste,62.398373983739845,67.45,5.051626016260158,492,0.48581133178106656
2601201,Arcoverde,PE,Nordeste,62.74256144890039,69.31,6.567438551099613,773,0.48560316687861205
3535606,Paraibuna,SP,Sudeste,66.66666666666666,71.31,4.643333333333345,201,0.4854970471881174
2917508,Jacobina,BA,Nordeste,40.7514450867052,53.24,12.488554913294799,692,0.48547843002588625
3524709,Jaguariúna,SP,Sudeste,64.61267605633803,70.97,6.357323943661967,568,0.48532637764850817
3164001,São Pedro dos Ferros,MG,Sudeste,78.68852459016394,80.0,1.3114754098360635,61,0.48492475550700287
3517703,Guará,SP,Sudeste,67.36842105263158,73.28,5.911578947368426,190,0.48486242427389165
3543907,Rio Claro,SP,Sudeste,56.812652068126525,64.57,7.757347931873468,1644,0.4845728772706131
2917102,Itororó,BA,Nordeste,49.404761904761905,63.06,13.655238095238097,168,0.48440922546584225
4201000,Anita Garibaldi,SC,Sul,65.625,72.6,6.974999999999994,96,0.48438397696641783
4209201,Lacerdópolis,SC,Sul,69.56521739130434,74.62,5.05478260869566,23,0.48394137432940015
4304689,Capela de Santana,RS,Sul,60.49382716049383,73.42,12.926172839506172,81,0.4824775917906226
2108603,Pinheiro,MA,Nordeste,60.063391442155314,66.01,5.946608557844691,631,0.4824136161717929
4321709,Três Coroas,RS,Sul,55.39033457249071,67.26,11.869665427509297,269,0.48206215390281637
4204301,Concórdia,SC,Sul,76.20286085825748,78.0,1.7971391417425195,769,0.481966347096439
3306107,Valença,RJ,Sudeste,65.21739130434783,68.72,3.502608695652171,736,0.481276439690348
3539707,Platina,SP,Sudeste,57.57575757575758,75.36,17.78424242424242,33,0.48051578133981326
2602001,Bodocó,PE,Nordeste,53.92491467576792,61.89,7.965085324232078,293,0.48051283480900975
3544202,Riolândia,SP,Sudeste,80.20833333333334,80.0,-0.2083333333333428,96,0.48003207929363456
3113909,Carmo da Cachoeira,MG,Sudeste,77.88461538461539,76.89,-0.9946153846153862,104,0.4793573941590131
2903904,Bom Jesus da Lapa,BA,Nordeste,44.15584415584416,55.28,11.124155844155844,693,0.4792730593814928
3549953,São Lourenço da Serra,SP,Sudeste,65.97222222222221,70.25,4.277777777777786,144,0.4791575902286134
1717008,Pindorama do Tocantins,TO,Norte,39.58333333333333,63.06,23.476666666666674,48,0.4789545717868753
3535101,Palmares Paulista,SP,Sudeste,74.57627118644068,80.0,5.423728813559322,118,0.4780661713968542
1501709,Bragança,PA,Norte,53.526645768025084,60.5,6.973354231974916,1276,0.4776410223888263
4317756,Santo Antônio do Planalto,RS,Sul,65.0,78.4,13.400000000000006,20,0.4773556644534597
2206605,Monte Alegre do Piauí,PI,Nordeste,60.86956521739131,73.16,12.290434782608685,161,0.47665253348087766
3147006,Paracatu,MG,Sudeste,69.17922948073702,72.42,3.2407705192629805,597,0.4761843273105904
3126901,Frei Inocêncio,MG,Sudeste,57.95454545454546,66.05,8.095454545454537,88,0.47594232552983246
1100262,Rio Crespo,RO,Norte,68.85245901639344,80.0,11.14754098360656,61,0.47582181644393046
4206306,Guabiruba,SC,Sul,74.11444141689373,74.7,0.5855585831062768,367,0.47564744423748456
2600500,Águas Belas,PE,Nordeste,59.958071278826,68.31,8.351928721174005,477,0.47552137314446447
2510402,Olho d'Água,PB,Nordeste,59.523809523809526,71.65,12.12619047619048,42,0.4751016624234726
2612703,Santa Maria do Cambucá,PE,Nordeste,77.98165137614679,80.0,2.018348623853214,109,0.4741010205121154
2906501,Candeias,BA,Nordeste,48.36734693877551,54.5,6.132653061224488,490,0.4738004062022898
4309506,Guarani das Missões,RS,Sul,66.0377358490566,74.81,8.7722641509434,53,0.47346511816176307
3511607,Cesário Lange,SP,Sudeste,60.60606060606061,67.37,6.7639393939393955,264,0.4734559140241181
4107652,Fazenda Rio Grande,PR,Sul,68.03081367356765,74.03,5.999186326432351,2077,0.4732978448884666
2105948,Lago dos Rodrigues,MA,Nordeste,74.22680412371135,80.0,5.7731958762886535,97,0.47279536819213197
3157906,Santa Margarida,MG,Sudeste,75.60975609756098,75.64,0.030243902439025305,164,0.4723773470495331
3129400,Ibertioga,MG,Sudeste,76.92307692307693,80.0,3.076923076923066,65,0.472220135459398
3305000,São João da Barra,RJ,Sudeste,58.52272727272727,65.53,7.007272727272728,528,0.47207364041231487
3120151,Crisólita,MG,Sudeste,43.42105263157895,65.98,22.55894736842105,76,0.47160099904932545
2704302,Maceió,AL,Nordeste,50.09788566953798,58.52,8.422114330462023,5108,0.47134785288955067
2103554,Conceição do Lago-Açu,MA,Nordeste,51.388888888888886,61.15,9.761111111111113,144,0.4713357876942971
3110004,Caeté,MG,Sudeste,67.62820512820514,76.43,8.801794871794868,312,0.4712673320887582
2501906,Belém,PB,Nordeste,56.25,67.93,11.680000000000007,112,0.471153366414341
3301306,Casimiro de Abreu,RJ,Sudeste,65.65420560747664,66.98,1.3257943925233633,428,0.4704617988851318
2925956,Rafael Jambeiro,BA,Nordeste,53.71024734982333,63.59,9.879752650176677,283,0.47038958277650594
4308102,Feliz,RS,Sul,70.0,76.06,6.060000000000002,70,0.4702641223362074
1302702,Manicoré,AM,Norte,57.446808510638306,65.35,7.903191489361689,423,0.470225030477778
2305266,Ibaretama,CE,Nordeste,71.89542483660131,74.77,2.8745751633986885,153,0.4700373623504821
3303104,Natividade,RJ,Sudeste,61.904761904761905,69.7,7.795238095238098,105,0.46962012730280056
4321667,Três Cachoeiras,RS,Sul,66.66666666666666,80.0,13.333333333333343,69,0.4683565869415205
3512506,Coroados,SP,Sudeste,68.42105263157895,74.32,5.898947368421048,57,0.468212150576714
3515707,Ferraz de Vasconcelos,SP,Sudeste,60.9538784067086,65.84,4.886121593291406,1908,0.468014496603126
3116704,Coimbra,MG,Sudeste,72.0,78.28,6.280000000000001,75,0.46750950282608145
4213351,Ponte Alta do Norte,SC,Sul,64.86486486486487,71.61,6.745135135135129,37,0.46717282321779907
3157708,Santa Juliana,MG,Sudeste,65.23809523809524,71.01,5.771904761904764,210,0.46697019333778306
2610707,Paulista,PE,Nordeste,59.39490445859873,65.07,5.675095541401262,1884,0.46692160666419535
1503457,Ipixuna do Pará,PA,Norte,56.20253164556962,58.79,2.587468354430378,395,0.46679506781501107
2511509,Pilar,PB,Nordeste,66.90647482014388,76.39,9.483525179856116,139,0.46674789279624596
2206720,Nazária,PI,Nordeste,60.46511627906976,78.68,18.214883720930246,129,0.4667387870052461
4203600,Campos Novos,SC,Sul,66.66666666666666,71.71,5.0433333333333366,270,0.4666310354860894
4314068,Passa Sete,RS,Sul,74.46808510638297,80.0,5.531914893617028,47,0.4664005795686063
4319752,São Vendelino,RS,Sul,73.68421052631578,80.0,6.3157894736842195,19,0.4656705998632346
3303708,Paraíba do Sul,RJ,Sudeste,57.88177339901478,64.4,6.518226600985223,406,0.46558471155840775
4206504,Guaramirim,SC,Sul,68.9969604863222,74.79,5.793039513677812,658,0.4649776831584374
3532058,Motuca,SP,Sudeste,70.37037037037037,79.96,9.589629629629627,54,0.4649378231357056
3539301,Pirassununga,SP,Sudeste,57.841140529531565,62.25,4.408859470468435,491,0.4648991025453449
4206702,Herval d'Oeste,SC,Sul,57.826086956521735,66.1,8.27391304347826,230,0.4647829635904689
4111803,Jacarezinho,PR,Sul,61.12359550561798,67.07,5.946404494382016,445,0.46459191197952876
2932903,Valença,BA,Nordeste,47.183098591549296,53.44,6.256901408450702,568,0.46395363035018866
4208807,Jaguaruna,SC,Sul,53.05343511450382,60.33,7.276564885496178,262,0.46351474680325333
3524402,Jacareí,SP,Sudeste,56.34469696969697,62.07,5.7253030303030314,2112,0.46287493393092005
3170107,Uberaba,MG,Sudeste,61.24448799608035,62.18,0.9355120039196478,2041,0.4628064527564661
4208104,Itaiópolis,SC,Sul,68.0,72.33,4.329999999999998,175,0.4627695264154441
3170503,Urucânia,MG,Sudeste,57.647058823529406,67.3,9.652941176470591,85,0.462644376073664
3142007,Mirabela,MG,Sudeste,67.52136752136752,69.03,1.508632478632478,117,0.4624897672018154
3303906,Petrópolis,RJ,Sudeste,68.17545496966869,70.82,2.644545030331301,2143,0.4621193385716233
3556354,Vargem,SP,Sudeste,72.0,76.95,4.950000000000003,100,0.4618888066717287
3519600,Ibitinga,SP,Sudeste,57.84832451499118,64.28,6.4316754850088245,567,0.4615930926892042
2105450,Jatobá,MA,Nordeste,66.38655462184873,76.08,9.693445378151267,119,0.46145553002525613
4205357,Flor do Sertão,SC,Sul,78.26086956521739,80.0,1.7391304347826093,23,0.4608066157262707
2408805,Parazinho,RN,Nordeste,48.95833333333333,62.84,13.881666666666675,96,0.4607295002779405
3160306,Santo Antônio do Jacinto,MG,Sudeste,62.0,71.03,9.030000000000001,100,0.46062023723542045
3126752,Franciscópolis,MG,Sudeste,84.375,80.0,-4.375,32,0.46059719730113335
4216404,São João do Sul,SC,Sul,69.5945945945946,77.84,8.245405405405407,148,0.46054434037171804
3202454,Ibatiba,ES,Sudeste,82.4742268041237,80.0,-2.4742268041237025,388,0.4598177678285014
3542602,Registro,SP,Sudeste,58.16326530612245,65.63,7.466734693877548,490,0.4592875720151255
3553856,Taquarivaí,SP,Sudeste,60.810810810810814,70.59,9.77918918918919,74,0.4592738987087669
3113602,Careaçu,MG,Sudeste,85.9375,80.0,-5.9375,64,0.4592418643068084
3123858,Entre Folhas,MG,Sudeste,76.0,79.23,3.230000000000004,75,0.459138293628291
4308052,Faxinalzinho,RS,Sul,59.09090909090909,78.97,19.879090909090905,22,0.4586916152976765
3147709,Passa Tempo,MG,Sudeste,78.75,80.0,1.25,80,0.45829245197986174
4106209,Contenda,PR,Sul,75.72463768115942,79.09,3.3653623188405817,276,0.45807762751528636
4306130,Cruzaltense,RS,Sul,66.66666666666666,78.75,12.083333333333343,15,0.45779618729413074
3103306,Aracitaba,MG,Sudeste,76.19047619047619,80.0,3.80952380952381,21,0.45754476952342504
2101251,Bacabeira,MA,Nordeste,59.31372549019608,65.21,5.896274509803916,204,0.45702389983947966
3516853,Gavião Peixoto,SP,Sudeste,64.51612903225806,73.01,8.493870967741941,62,0.4567878400100232
4322251,Tupandi,RS,Sul,60.97560975609756,80.0,19.024390243902438,41,0.4567618966105421
4206207,Gravatal,SC,Sul,60.78431372549019,65.8,5.015686274509804,51,0.45641810942221905
3556453,Vargem Grande Paulista,SP,Sudeste,59.83935742971887,67.55,7.710642570281124,498,0.4560600057035267
2804607,Nossa Senhora das Dores,SE,Nordeste,33.33333333333333,54.53,21.196666666666673,186,0.4557329710150317
4306759,Doutor Ricardo,RS,Sul,57.89473684210527,80.0,22.105263157894733,19,0.45387208718146516
2207603,Parnaguá,PI,Nordeste,68.90756302521008,73.42,4.512436974789921,119,0.45377524206034425
3512308,Conchas,SP,Sudeste,58.04195804195804,63.02,4.978041958041963,143,0.45358913177770277
2707800,Roteiro,AL,Nordeste,49.59349593495935,71.75,22.15650406504065,123,0.4535656286301229
2210607,São Raimundo Nonato,PI,Nordeste,72.99771167048054,73.68,0.6822883295194657,437,0.45346212387313883
3204104,Pinheiros,ES,Sudeste,82.15384615384616,78.48,-3.6738461538461564,325,0.4533533051942221
2928604,Santo Amaro,BA,Nordeste,53.8083538083538,61.11,7.301646191646199,407,0.4527475868880062
4212809,Balneário Piçarras,SC,Sul,64.64208242950107,70.3,5.657917570498924,461,0.45237007427237336
3537305,Penápolis,SP,Sudeste,63.20987654320987,69.84,6.63012345679013,405,0.45236129957745347
3167707,Sobrália,MG,Sudeste,71.73913043478261,72.85,1.110869565217385,46,0.4520676351255687
3511003,Castilho,SP,Sudeste,54.395604395604394,63.3,8.904395604395603,182,0.451898130687794
2917334,Iuiu,BA,Nordeste,44.680851063829785,63.92,19.239148936170217,94,0.4515777257453964
4126207,Sapopema,PR,Sul,71.11111111111111,76.35,5.23888888888888,90,0.45149944598665037
1719004,Santa Tereza do Tocantins,TO,Norte,50.877192982456144,63.42,12.542807017543858,57,0.45122974678804684
2510907,Paulista,PB,Nordeste,53.333333333333336,70.49,17.15666666666666,120,0.45116074217881963
4119202,Pinhalão,PR,Sul,71.62162162162163,76.69,5.06837837837837,74,0.45091372865372065
3526803,Lençóis Paulista,SP,Sudeste,62.480857580398165,70.21,7.729142419601828,653,0.4506492859212212
3200201,Alegre,ES,Sudeste,75.2988047808765,73.02,-2.2788047808764986,251,0.4501264542908166
4219150,Vargem,SC,Sul,74.4186046511628,80.0,5.581395348837205,43,0.44992657367645245
4218954,Urupema,SC,Sul,68.96551724137932,80.0,11.034482758620683,29,0.44989597482175864
4200408,Água Doce,SC,Sul,69.62025316455697,71.94,2.319746835443027,79,0.4493132365940998
2507903,Juripiranga,PB,Nordeste,50.0,64.65,14.650000000000006,124,0.4488500771142747
3518404,Guaratinguetá,SP,Sudeste,61.909989023051594,67.94,6.030010976948404,911,0.4487145294759541
3520004,Igaraçu do Tietê,SP,Sudeste,73.6318407960199,73.88,0.2481592039800944,201,0.44857747497452477
4310702,Itatiba do Sul,RS,Sul,47.368421052631575,80.0,32.631578947368425,19,0.4484078113637556
3537156,Pedrinhas Paulista,SP,Sudeste,65.0,74.46,9.459999999999994,40,0.44830750312347784
2613107,São Caitano,PE,Nordeste,52.14723926380368,61.82,9.672760736196324,326,0.4480622545419326
2513943,São Domingos do Cariri,PB,Nordeste,0.0,80.0,80.0,35,0.44797007218709994
2616209,Vertentes,PE,Nordeste,54.72636815920397,67.04,12.313631840796035,201,0.44793264918020936
4217303,Saudades,SC,Sul,74.4186046511628,80.0,5.581395348837205,129,0.4473361939240709
4109609,Guaratuba,PR,Sul,69.96466431095406,73.26,3.2953356890459418,566,0.447309071450864
2413904,Taipu,RN,Nordeste,26.53061224489796,56.92,30.389387755102042,49,0.446507813221379
2803500,Lagarto,SE,Nordeste,46.065808297567955,56.35,10.284191702432047,699,0.44648486164474205
3139102,Madre de Deus de Minas,MG,Sudeste,67.79661016949152,74.33,6.533389830508483,59,0.44605744757184507
3513801,Diadema,SP,Sudeste,57.35214324470971,59.47,2.1178567552902905,1843,0.4459259092324648
1507607,São Miguel do Guamá,PA,Norte,52.54730713245998,58.2,5.652692867540026,687,0.4459217259295142
2602605,Brejo da Madre de Deus,PE,Nordeste,60.19417475728155,65.97,5.775825242718447,412,0.4458120374824583
2301208,Aracoiaba,CE,Nordeste,83.38762214983714,80.0,-3.387622149837142,307,0.4450192449339731
3133907,Itaverava,MG,Sudeste,82.35294117647058,78.01,-4.342941176470575,17,0.4450119908287333
3517901,Guaraci,SP,Sudeste,75.23809523809524,76.61,1.3719047619047586,105,0.44437666293505684
2610301,Paranatama,PE,Nordeste,68.94409937888199,76.78,7.835900621118014,161,0.444311929298458
4209508,Laurentino,SC,Sul,67.14285714285714,71.7,4.557142857142864,70,0.4443014053785555
4200101,Abelardo Luz,SC,Sul,66.66666666666666,71.98,5.313333333333347,204,0.44366067004896187
2807204,Siriri,SE,Nordeste,46.391752577319586,62.87,16.47824742268041,97,0.4436224799358153
2509602,Monte Horebe,PB,Nordeste,71.1864406779661,80.0,8.813559322033896,59,0.44343882347605007
3525508,Joanópolis,SP,Sudeste,62.698412698412696,75.59,12.891587301587307,126,0.4430094166468719
3130309,Iguatama,MG,Sudeste,82.6923076923077,80.0,-2.6923076923076934,52,0.4429441488356093
2103307,Codó,MA,Nordeste,55.62805872756933,62.81,7.18194127243067,1226,0.4427650503181439
3555505,Ubirajara,SP,Sudeste,53.246753246753244,63.79,10.543246753246756,77,0.44268953237515485
2903953,Bom Jesus da Serra,BA,Nordeste,47.77777777777778,60.02,12.242222222222225,90,0.4425880114914666
2410900,Riachuelo,RN,Nordeste,43.47826086956522,59.56,16.081739130434784,46,0.4423332834124053
3508405,Cabreúva,SP,Sudeste,59.940652818991104,63.96,4.0193471810088965,674,0.4420461460296125
3533403,Nova Odessa,SP,Sudeste,63.37522441651705,66.98,3.6047755834829545,557,0.4418036944597729
3143500,Morada Nova de Minas,MG,Sudeste,68.46846846846847,80.0,11.531531531531527,111,0.44154456314969764
3111606,Campos Gerais,MG,Sudeste,68.65079365079364,72.35,3.6992063492063494,252,0.44147689737107354
3537800,Piedade,SP,Sudeste,63.868613138686136,68.83,4.961386861313862,548,0.44126412767607887
2401305,Campo Grande,RN,Nordeste,43.66197183098591,56.67,13.00802816901409,71,0.4410429154607217
4302584,Bozano,RS,Sul,55.55555555555556,80.0,24.444444444444443,18,0.4408516045218983
4207601,Ipira,SC,Sul,76.27118644067797,80.0,3.7288135593220346,59,0.4405906802581117
3528601,Manduri,SP,Sudeste,66.66666666666666,70.66,3.9933333333333394,75,0.4404779554270142
3506359,Bertioga,SP,Sudeste,59.099999999999994,66.84,7.740000000000009,1000,0.44022625939342014
4315131,Pouso Novo,RS,Sul,68.18181818181817,80.0,11.818181818181827,22,0.439815384332697
1300144,Apuí,AM,Norte,58.16993464052288,67.92,9.75006535947712,153,0.43907595305169306
2923100,Olindina,BA,Nordeste,33.46303501945525,55.67,22.206964980544754,257,0.43825295270686093
2209757,São Gonçalo do Gurguéia,PI,Nordeste,64.58333333333334,78.03,13.446666666666658,48,0.4379959519175509
3109105,Bueno Brandão,MG,Sudeste,68.31683168316832,71.06,2.743168316831685,101,0.4370067979849907
4200051,Abdon Batista,SC,Sul,70.45454545454545,75.69,5.2354545454545445,44,0.4357079439411122
1711100,Itaporã do Tocantins,TO,Norte,57.14285714285714,71.64,14.497142857142862,35,0.4355065302206973
4321469,Tio Hugo,RS,Sul,60.0,80.0,20.0,40,0.43545298160693796
2112605,Urbano Santos,MA,Nordeste,70.95808383233533,78.19,7.231916167664664,334,0.43543806275565394
4303301,Caibaté,RS,Sul,62.16216216216216,80.0,17.83783783783784,37,0.43461553218085874
3168507,Teixeiras,MG,Sudeste,70.65217391304348,77.51,6.857826086956521,92,0.434257576462456
1503507,Irituia,PA,Norte,54.314720812182735,61.91,7.595279187817262,197,0.434180892501142
3165552,Setubinha,MG,Sudeste,60.0,63.76,3.759999999999998,10,0.43408600321151525
3136579,Josenópolis,MG,Sudeste,80.0,80.0,0.0,35,0.43391903960043
3540002,Pompéia,SP,Sudeste,67.02127659574468,70.6,3.5787234042553138,188,0.43333845355189
1303700,Santo Antônio do Içá,AM,Norte,63.294117647058826,69.39,6.0958823529411745,425,0.4328972623396596
2203008,Cristalândia do Piauí,PI,Nordeste,79.41176470588235,79.96,0.5482352941176458,68,0.4325956183351164
1712405,Lizarda,TO,Norte,47.45762711864407,60.44,12.982372881355928,59,0.43177220266447325
2600609,Alagoinha,PE,Nordeste,50.495049504950494,60.58,10.084950495049505,202,0.43147857501923575
2604601,Condado,PE,Nordeste,53.879310344827594,62.07,8.190689655172406,232,0.43129653469396356
3528007,Macatuba,SP,Sudeste,68.31683168316832,72.08,3.763168316831681,202,0.4310601830677324
1506161,Rio Maria,PA,Norte,50.72463768115942,59.98,9.255362318840575,207,0.43018674896551196
2100600,Amarante do Maranhão,MA,Nordeste,57.57575757575758,62.1,4.5242424242424235,330,0.4299187056031906
2301802,Baixio,CE,Nordeste,75.32467532467533,80.0,4.675324675324674,77,0.4298197543025031
2611705,Riacho das Almas,PE,Nordeste,71.5,71.55,0.04999999999999716,200,0.4296585354521047
3170529,Urucuia,MG,Sudeste,56.56565656565656,68.0,11.43434343434344,99,0.42953150843282867
3201605,Conceição da Barra,ES,Sudeste,78.6082474226804,76.55,-2.0582474226804095,388,0.4295177810571125
3300951,Comendador Levy Gasparian,RJ,Sudeste,61.61616161616161,65.29,3.673838383838394,99,0.4291154957815549
2904100,Boquira,BA,Nordeste,45.0,58.66,13.659999999999997,140,0.428863885505946
3146602,Paiva,MG,Sudeste,66.66666666666666,80.0,13.333333333333343,15,0.42875057984921405
3148608,Peçanha,MG,Sudeste,64.70588235294117,71.89,7.184117647058827,51,0.4285743514434041
2801009,Campo do Brito,SE,Nordeste,39.130434782608695,58.49,19.359565217391307,138,0.428435757678783
4219176,Vargem Bonita,SC,Sul,67.44186046511628,71.68,4.238139534883729,43,0.42831451396530024
3522703,Itápolis,SP,Sudeste,71.91780821917808,72.91,0.9921917808219121,292,0.4280923130272154
3157104,Salto da Divisa,MG,Sudeste,50.0,61.08,11.079999999999998,66,0.4279043959802637
4310652,Itati,RS,Sul,35.714285714285715,63.04,27.325714285714284,14,0.427836979767662
2506707,Imaculada,PB,Nordeste,50.0,73.15,23.150000000000006,78,0.42763677438969017
1200450,Senador Guiomard,AC,Norte,54.83870967741935,57.26,2.4212903225806457,124,0.42684236120914415
4124103,Santo Antônio da Platina,PR,Sul,71.81628392484343,69.75,-2.0662839248434324,479,0.4259536934364948
2600708,Aliança,PE,Nordeste,50.967741935483865,67.09,16.12225806451614,310,0.4255593618179884
3535200,Palmeira d'Oeste,SP,Sudeste,67.16417910447761,73.39,6.225820895522389,67,0.4250496520793445
1504455,Medicilândia,PA,Norte,55.5858310626703,63.9,8.314168937329697,367,0.4247179814950762
3550100,São Manuel,SP,Sudeste,67.01570680628272,69.4,2.3842931937172835,382,0.4243340812830855
1707702,Filadélfia,TO,Norte,12.941176470588237,36.65,23.70882352941176,85,0.42411294093256285
3131307,Ipatinga,MG,Sudeste,68.40677966101694,71.9,3.4932203389830647,1475,0.42352447142262367
3133402,Itapagipe,MG,Sudeste,68.0,71.49,3.489999999999995,100,0.42341309525287235
3507001,Boituva,SP,Sudeste,67.45562130177515,70.36,2.9043786982248463,676,0.4230065507770155
1720150,São Félix do Tocantins,TO,Norte,62.5,80.0,17.5,24,0.42275055164547237
3204906,São Mateus,ES,Sudeste,73.92273402674591,73.18,-0.7427340267459073,1346,0.42240303776341864
2608503,Lagoa de Itaenga,PE,Nordeste,74.82517482517483,74.79,-0.03517482517482051,143,0.4220442662781384
3170800,Várzea da Palma,MG,Sudeste,64.1399416909621,70.41,6.270058309037893,343,0.42176932193939887
3303302,Niterói,RJ,Sudeste,59.5389507154213,65.43,5.891049284578706,2516,0.42132576267439004
1301654,Guajará,AM,Norte,61.02564102564103,70.48,9.454358974358975,195,0.4211595189474614
1200013,Acrelândia,AC,Norte,68.31683168316832,67.34,-0.9768316831683137,202,0.421002568515003
2928000,Santaluz,BA,Nordeste,36.84210526315789,49.22,12.377894736842109,228,0.4209210456186436
4306734,Doutor Maurício Cardoso,RS,Sul,64.0,78.26,14.260000000000005,50,0.4208910184970409
4320206,Seberi,RS,Sul,66.25,80.0,13.75,80,0.4208544692765952
2704104,Lagoa da Canoa,AL,Nordeste,51.39664804469274,62.07,10.673351955307261,179,0.42080469351500693
3515350,Euclides da Cunha Paulista,SP,Sudeste,78.08219178082192,77.76,-0.32219178082191036,73,0.42064115254092077
4209805,Leoberto Leal,SC,Sul,75.60975609756098,77.24,1.6302439024390196,41,0.4204314879207058
4313334,Nova Ramada,RS,Sul,75.75757575757575,80.0,4.242424242424249,33,0.4200285112242033
1300409,Barcelos,AM,Norte,57.8125,63.7,5.887500000000003,192,0.41977608948544054
4322533,Vale do Sol,RS,Sul,71.42857142857143,80.0,8.57142857142857,21,0.4197350259905434
3203056,Jaguaré,ES,Sudeste,81.19266055045871,75.75,-5.4426605504587116,436,0.4194668764661285
2604205,Catende,PE,Nordeste,51.75097276264592,61.54,9.789027237354077,257,0.41944036164482773
3540853,Pracinha,SP,Sudeste,52.38095238095239,80.0,27.619047619047613,21,0.41921276090231585
4318614,São José do Sul,RS,Sul,70.0,80.0,10.0,30,0.41895042606757943
3115458,Catuji,MG,Sudeste,43.75,56.53,12.780000000000001,48,0.4185726557966982
3502804,Araçatuba,SP,Sudeste,70.66265060240964,72.46,1.7973493975903523,1660,0.41846399175782373
2207504,Palmeirais,PI,Nordeste,50.0,64.9,14.900000000000006,124,0.4184522347980211
2407500,Maxaranguape,RN,Nordeste,38.23529411764706,51.29,13.054705882352941,102,0.4180564841913846
3527306,Louveira,SP,Sudeste,61.68639053254438,66.82,5.133609467455614,676,0.4178491486785036
3529302,Matão,SP,Sudeste,70.3125,71.76,1.4475000000000051,256,0.41688843716103974
3300407,Barra Mansa,RJ,Sudeste,68.31896551724138,69.14,0.8210344827586198,1392,0.4166970901579532
5003454,Deodápolis,MS,Centro-Oeste,57.738095238095234,80.0,22.261904761904766,168,0.416461902165335
5003207,Corumbá,MS,Centro-Oeste,48.851939825811556,59.83,10.978060174188442,1263,0.4161170518091707
4121356,Rancho Alegre D'Oeste,PR,Sul,72.22222222222221,78.9,6.677777777777791,36,0.4159025826323006
3146404,Paineiras,MG,Sudeste,75.0,79.4,4.400000000000006,28,0.41588160191595674
4309126,Gramado dos Loureiros,RS,Sul,31.25,53.04,21.79,16,0.4153910939626033
4111258,Itaperuçu,PR,Sul,58.57142857142858,67.75,9.178571428571423,490,0.4152896797116656
2101400,Balsas,MA,Nordeste,53.68502715283165,58.86,5.174972847168348,1289,0.41506354554986563
1301308,Codajás,AM,Norte,47.82608695652174,61.03,13.20391304347826,184,0.4146824298686437
3503901,Arujá,SP,Sudeste,58.55949895615866,64.88,6.3205010438413325,958,0.4143673537379749
2516409,Tacima,PB,Nordeste,63.793103448275865,67.49,3.69689655172413,58,0.414182729358865
2929305,São Gonçalo dos Campos,BA,Nordeste,53.61702127659574,56.84,3.2229787234042604,235,0.41338683863314046
4112009,Jaguariaíva,PR,Sul,79.06458797327394,80.0,0.9354120267260555,449,0.41309503094261907
4316733,Santa Cecília do Sul,RS,Sul,62.96296296296296,77.24,14.277037037037033,27,0.41228236845843663
3203346,Marechal Floriano,ES,Sudeste,79.84790874524715,78.99,-0.8579087452471583,263,0.41219295264324407
2604007,Carpina,PE,Nordeste,72.4867724867725,72.21,-0.27677248677250077,567,0.41208043294746505
2306900,Jaguaribe,CE,Nordeste,82.41206030150754,80.0,-2.4120603015075375,398,0.4115054980838916
3154457,Riachinho,MG,Sudeste,70.1492537313433,74.4,4.250746268656712,67,0.411311139684695
3304003,Piraí,RJ,Sudeste,66.24472573839662,68.94,2.695274261603373,237,0.41060749556197984
4306502,Dom Feliciano,RS,Sul,63.24786324786324,69.37,6.122136752136761,117,0.41053238307900697
2908002,Coaraci,BA,Nordeste,49.2063492063492,57.34,8.133650793650801,126,0.4104684550691587
2608909,Limoeiro,PE,Nordeste,76.94117647058823,75.77,-1.171176470588236,425,0.40852057262881625
3554904,Três Fronteiras,SP,Sudeste,72.5,80.0,7.5,80,0.4082183159904161
4203303,Campo Alegre,SC,Sul,68.15286624203821,72.82,4.667133757961778,157,0.40761870737553346
3304607,Santa Maria Madalena,RJ,Sudeste,64.7887323943662,71.83,7.0412676056337915,71,0.40760795607290046
4124301,Santo Antônio do Paraíso,PR,Sul,69.23076923076923,80.0,10.769230769230774,26,0.40724854276054684
2414001,Tangará,RN,Nordeste,37.38317757009346,60.62,23.23682242990654,107,0.4071135708184922
2209104,Santa Cruz do Piauí,PI,Nordeste,77.55102040816327,80.0,2.448979591836732,49,0.4070631286413093
3160454,Santo Antônio do Retiro,MG,Sudeste,77.41935483870968,78.94,1.520645161290318,93,0.40653718896709506
4318424,São João da Urtiga,RS,Sul,75.75757575757575,78.07,2.3124242424242425,33,0.4064658437870329
1100908,Castanheiras,RO,Norte,77.08333333333334,74.69,-2.393333333333345,48,0.40632880900354407
3555208,Turiúba,SP,Sudeste,80.0,80.0,0.0,10,0.40625824940946925
3508306,Cabrália Paulista,SP,Sudeste,70.17543859649122,79.66,9.484561403508778,57,0.40625661867480006
1716703,Colméia,TO,Norte,45.78313253012048,63.61,17.826867469879517,83,0.4058215424154957
3120805,Cruzília,MG,Sudeste,74.03846153846155,80.0,5.961538461538453,104,0.4057842784126908
4220000,Balneário Rincão,SC,Sul,59.59595959595959,64.61,5.014040404040408,198,0.4057045926937601
3513306,Cruzália,SP,Sudeste,76.0,80.0,4.0,25,0.4056800601492639
5003751,Eldorado,MS,Centro-Oeste,56.4625850340136,77.45,20.987414965986403,147,0.40443816365321145
2106359,Marajá do Sena,MA,Nordeste,73.33333333333333,80.0,6.666666666666671,30,0.4037427255674745
4302204,Boa Vista do Buricá,RS,Sul,76.11940298507463,80.0,3.880597014925371,67,0.40370689695613377
2311900,Saboeiro,CE,Nordeste,81.11111111111111,77.44,-3.6711111111111165,180,0.4034147445939063
2109601,Rosário,MA,Nordeste,64.14141414141415,67.85,3.708585858585849,396,0.4033030686535852
4312609,Muçum,RS,Sul,52.77777777777778,64.89,12.112222222222222,36,0.40326052281964353
3123205,Dores do Indaiá,MG,Sudeste,71.25,72.46,1.2099999999999937,80,0.4028687883091561
3303401,Nova Friburgo,RJ,Sudeste,72.0703125,72.22,0.14968749999999886,1536,0.402016530815927
3552304,Sud Mennucci,SP,Sudeste,57.74647887323944,65.36,7.61352112676056,71,0.4016420411098751
4320453,Sério,RS,Sul,72.72727272727273,80.0,7.272727272727266,22,0.40142576425714116
3509205,Cajamar,SP,Sudeste,62.426614481409004,64.91,2.4833855185909925,1022,0.40113595573939714
2201002,Arraial,PI,Nordeste,70.9090909090909,80.0,9.090909090909093,55,0.400871454069057
2933505,Wenceslau Guimarães,BA,Nordeste,51.28205128205128,58.02,6.737948717948726,195,0.4008115907339127
2607406,Itacuruba,PE,Nordeste,66.66666666666666,71.96,5.2933333333333366,39,0.4002934574918034
3301405,Conceição de Macabu,RJ,Sudeste,62.841530054644814,64.29,1.4484699453551926,183,0.3991368240827351
2801207,Canindé de São Francisco,SE,Nordeste,32.378854625550666,47.34,14.961145374449337,454,0.3985453879406299
3151404,Pitangui,MG,Sudeste,75.9493670886076,80.0,4.050632911392398,79,0.39781679841236234
3526506,Lavínia,SP,Sudeste,68.0,70.57,2.569999999999993,50,0.3974661390877984
2210359,São Lourenço do Piauí,PI,Nordeste,72.41379310344827,80.0,7.5862068965517295,29,0.396611563768189
3121209,Delfinópolis,MG,Sudeste,71.56862745098039,79.56,7.991372549019616,102,0.3965877626094675
2514800,São José dos Cordeiros,PB,Nordeste,70.0,80.0,10.0,20,0.3965536529964285
2107803,Parnarama,MA,Nordeste,83.6734693877551,80.0,-3.6734693877551052,392,0.3964657804580711
1303205,Novo Airão,AM,Norte,70.85427135678391,77.71,6.855728643216082,199,0.3962997986003902
4215679,Santa Terezinha,SC,Sul,68.51851851851852,80.0,11.481481481481481,54,0.396276472888274
2807006,São Miguel do Aleixo,SE,Nordeste,15.625,58.17,42.545,32,0.39620283299321535
3201308,Cariacica,ES,Sudeste,68.449901337426,68.11,-0.3399013374259994,4561,0.396096316289247
2205540,Lagoinha do Piauí,PI,Nordeste,76.92307692307693,80.0,3.076923076923066,39,0.3957592342912771
2609600,Olinda,PE,Nordeste,61.990407673860915,69.33,7.339592326139083,2502,0.39569851791034283
3513405,Cruzeiro,SP,Sudeste,55.68400770712909,58.58,2.8959922928709076,519,0.3950123963879612
4219101,Vargeão,SC,Sul,75.55555555555556,80.0,4.444444444444443,45,0.3949248663680855
2410009,Pilões,RN,Nordeste,63.1578947368421,71.92,8.762105263157899,19,0.3948500990936058
3512209,Conchal,SP,Sudeste,64.7590361445783,66.49,1.7309638554216917,332,0.39481957107649357
3547304,Santana de Parnaíba,SP,Sudeste,64.6853146853147,67.95,3.264685314685309,1716,0.39432086943876155
3143609,Morro da Garça,MG,Sudeste,70.58823529411765,80.0,9.411764705882348,34,0.3942741164047416
1712702,Mateiros,TO,Norte,33.33333333333333,51.07,17.73666666666667,30,0.39404223706914393
2201051,Assunção do Piauí,PI,Nordeste,78.72340425531915,80.0,1.2765957446808471,94,0.3939764815676565
4308607,Garibaldi,RS,Sul,66.80161943319838,76.92,10.11838056680162,247,0.3935343060474619
2905701,Camaçari,BA,Nordeste,49.4330113397732,55.07,5.636988660226798,2381,0.3933156137287119
3300704,Cabo Frio,RJ,Sudeste,64.07766990291263,66.8,2.722330097087365,2369,0.39295274991019274
2302008,Barro,CE,Nordeste,74.60317460317461,73.51,-1.093174603174603,189,0.3927526969167113
4323358,Vila Lângaro,RS,Sul,53.57142857142857,75.24,21.668571428571425,28,0.39274647403422996
2924207,Pedro Alexandre,BA,Nordeste,21.568627450980394,52.16,30.591372549019603,102,0.39205158230085974
3534609,Osvaldo Cruz,SP,Sudeste,65.10416666666666,68.7,3.5958333333333456,192,0.39182971331541666
4201257,Apiúna,SC,Sul,64.7887323943662,71.4,6.611267605633799,142,0.3917547561220909
4312955,Nova Boa Vista,RS,Sul,60.0,80.0,20.0,20,0.39160736952587905
3517802,Guaraçaí,SP,Sudeste,52.459016393442624,66.68,14.220983606557382,61,0.39139330670401395
2913408,Igaporã,BA,Nordeste,60.0,68.12,8.120000000000005,100,0.3897570345701392
5007901,Sidrolândia,MS,Centro-Oeste,46.12452350698856,56.71,10.585476493011441,787,0.3896568355583656
2504900,Cruz do Espírito Santo,PB,Nordeste,63.49206349206349,67.74,4.247936507936508,126,0.38917009678277387
3528858,Marapoama,SP,Sudeste,81.57894736842105,80.0,-1.5789473684210549,38,0.38834360941364465
4305959,Cotiporã,RS,Sul,62.96296296296296,76.7,13.737037037037041,27,0.3883033704481116
3305208,São Pedro da Aldeia,RJ,Sudeste,66.0377358490566,67.63,1.592264150943393,1113,0.3882387745648812
3527603,Luís Antônio,SP,Sudeste,48.04469273743017,59.84,11.795307262569835,179,0.38799707693017194
3506805,Bocaina,SP,Sudeste,53.94736842105263,54.56,0.6126315789473722,76,0.3874818637456979
3531605,Monte Castelo,SP,Sudeste,71.42857142857143,72.81,1.3814285714285717,35,0.386990681090407
4210100,Mafra,SC,Sul,76.57894736842105,76.17,-0.40894736842105317,380,0.3864450700927162
2107308,Nova Iorque,MA,Nordeste,68.51851851851852,78.56,10.041481481481483,54,0.38575924919313204
2403509,Espírito Santo,RN,Nordeste,49.51456310679612,59.52,10.005436893203886,103,0.3853230992949635
3512605,Coronel Macedo,SP,Sudeste,59.183673469387756,62.46,3.276326530612245,49,0.38512373161169755
2307403,Jucás,CE,Nordeste,83.97212543554006,80.0,-3.9721254355400646,287,0.38498439029950365
2113009,Vitorino Freire,MA,Nordeste,56.82539682539682,64.97,8.144603174603176,315,0.38456671102579687
3556800,Viradouro,SP,Sudeste,65.21739130434783,71.34,6.1226086956521755,161,0.3843909980194026
3204401,Rio Novo do Sul,ES,Sudeste,80.32786885245902,78.9,-1.4278688524590137,122,0.3842988151039159
3500303,Aguaí,SP,Sudeste,57.42574257425742,62.85,5.4242574257425815,303,0.38318893677750687
3540606,Porto Feliz,SP,Sudeste,72.99145299145299,76.51,3.518547008547017,585,0.3827951555452731
3522604,Itapira,SP,Sudeste,66.45435244161358,69.79,3.3356475583864267,471,0.38253738975344226
2400109,Acari,RN,Nordeste,53.92156862745098,61.25,7.328431372549019,102,0.38196796590900756
3110806,Campanário,MG,Sudeste,46.51162790697674,70.28,23.76837209302326,43,0.3819394153756719
3516507,Gabriel Monteiro,SP,Sudeste,60.0,80.0,20.0,30,0.3818109593978358
3135001,Jaguaraçu,MG,Sudeste,54.54545454545454,70.73,16.184545454545464,22,0.3817794893824334
2409407,Pau dos Ferros,RN,Nordeste,53.44827586206896,58.3,4.851724137931036,116,0.38176707755699296
4110201,Inácio Martins,PR,Sul,71.16564417177914,76.4,5.23435582822087,163,0.3810939955558814
4120002,Porecatu,PR,Sul,76.19047619047619,76.89,0.6995238095238108,105,0.38106977801104924
4205308,Faxinal dos Guedes,SC,Sul,59.74025974025974,65.82,6.079740259740255,154,0.38087996367008486
2511707,Pilõezinhos,PB,Nordeste,75.5813953488372,80.0,4.418604651162795,86,0.3805098816080134
1504802,Monte Alegre,PA,Norte,60.05509641873278,66.48,6.424903581267223,726,0.3804422603129534
2409506,Pedra Grande,RN,Nordeste,42.30769230769231,62.02,19.712307692307697,52,0.38016671313147504
2612554,Santa Filomena,PE,Nordeste,53.62318840579711,69.0,15.376811594202891,138,0.3800807633410902
3545209,Salto,SP,Sudeste,65.71087216248507,67.63,1.919127837514921,837,0.37986593694106996
4218350,Treviso,SC,Sul,72.72727272727273,73.89,1.1627272727272668,44,0.37934866144387946
4322558,Vanini,RS,Sul,85.71428571428571,80.0,-5.714285714285708,21,0.37926088270741376
3506706,Boa Esperança do Sul,SP,Sudeste,55.12820512820513,60.16,5.031794871794865,156,0.37910069408259156
2611200,Poção,PE,Nordeste,61.73913043478261,70.83,9.090869565217389,115,0.37890279784276104
3555000,Tupã,SP,Sudeste,59.36507936507937,64.52,5.154920634920629,315,0.3788378380594915
3160108,Santo Antônio do Grama,MG,Sudeste,63.51351351351351,80.0,16.48648648648649,74,0.37865968952654927
1505007,Nova Timboteua,PA,Norte,58.16326530612245,64.6,6.436734693877547,98,0.3786099535623588
2413607,Severiano Melo,RN,Nordeste,71.42857142857143,75.46,4.031428571428563,56,0.3780665237808386
2707701,Rio Largo,AL,Nordeste,52.10280373831776,57.13,5.027196261682242,1284,0.3775312024109843
2608305,Jupi,PE,Nordeste,63.42412451361867,69.89,6.465875486381329,257,0.3775030226961099
3203130,João Neiva,ES,Sudeste,79.52755905511812,75.57,-3.957559055118125,127,0.37746992453438444
2508703,Mãe d'Água,PB,Nordeste,74.19354838709677,74.62,0.42645161290323585,31,0.3774373657880761
2611101,Petrolina,PE,Nordeste,73.08423052564915,72.66,-0.42423052564915054,4737,0.37740862068346454
4215109,Rodeio,SC,Sul,63.96396396396396,68.06,4.09603603603604,111,0.3769419922409804
3526704,Leme,SP,Sudeste,66.0594439117929,65.91,-0.1494439117929005,1043,0.37673299740179184
3521408,Iracemápolis,SP,Sudeste,66.80161943319838,69.34,2.538380566801621,247,0.3765436873747862
2313104,Tabuleiro do Norte,CE,Nordeste,83.6,80.0,-3.5999999999999943,250,0.37633419929246964
3303955,Pinheiral,RJ,Sudeste,65.35714285714286,65.14,-0.21714285714286063,280,0.37587992279155336
3506102,Bebedouro,SP,Sudeste,62.47848537005164,63.74,1.2615146299483655,581,0.3756540784043668
4322541,Vale Real,RS,Sul,59.45945945945946,77.94,18.480540540540538,37,0.3754981716899506
3540804,Potirendaba,SP,Sudeste,63.29113924050633,69.91,6.618860759493664,158,0.3754082547345172
2110203,Santa Rita,MA,Nordeste,68.53932584269663,69.31,0.7706741573033753,445,0.3752349393369989
2922755,Nova Ibiá,BA,Nordeste,47.368421052631575,64.61,17.241578947368424,38,0.37504427049858796
3132800,Itambé do Mato Dentro,MG,Sudeste,76.47058823529412,78.75,2.279411764705884,17,0.37502288305331033
1503093,Goianésia do Pará,PA,Norte,54.223433242506815,62.33,8.106566757493184,367,0.3749722783256284
3103405,Araçuaí,MG,Sudeste,58.0246913580247,61.36,3.3353086419753026,81,0.37487175218763225
4310900,Jacutinga,RS,Sul,68.96551724137932,80.0,11.034482758620683,29,0.3741830760206165
2511806,Pirpirituba,PB,Nordeste,45.588235294117645,55.75,10.161764705882355,68,0.3739987179813236
4322376,Unistalda,RS,Sul,62.5,68.95,6.450000000000003,16,0.37398892277918566
3134202,Ituiutaba,MG,Sudeste,68.56240126382306,71.05,2.4875987361769347,633,0.3738478859516456
4211405,Nova Erechim,SC,Sul,70.1492537313433,74.18,4.0307462686567135,67,0.3736856675951239
4105201,Cerro Azul,PR,Sul,59.523809523809526,66.9,7.37619047619048,168,0.3732081238131215
3512902,Cosmorama,SP,Sudeste,77.77777777777779,80.0,2.2222222222222143,99,0.3731396867021363
3118106,Congonhas do Norte,MG,Sudeste,82.0,80.0,-2.0,50,0.3731352859115222
2800506,Areia Branca,SE,Nordeste,38.513513513513516,50.71,12.196486486486485,148,0.37295616370910245
2109056,Porto Rico do Maranhão,MA,Nordeste,61.111111111111114,76.62,15.50888888888889,36,0.3728227765093926
2103752,Davinópolis,MA,Nordeste,65.0,72.96,7.959999999999994,180,0.37219349967585363
3156502,Rubelita,MG,Sudeste,84.61538461538461,80.0,-4.615384615384613,26,0.3721061253515379
2613404,São José da Coroa Grande,PE,Nordeste,49.45054945054945,59.97,10.519450549450546,273,0.37160113125381605
3158904,Santana do Manhuaçu,MG,Sudeste,72.8,80.0,7.200000000000003,125,0.3712602089771687
3203205,Linhares,ES,Sudeste,75.18573551263002,71.64,-3.545735512630017,2019,0.37108825452706035
4214300,Rancho Queimado,SC,Sul,80.95238095238095,76.04,-4.912380952380943,21,0.37102359768290577
3546603,Santa Fé do Sul,SP,Sudeste,65.97633136094674,69.15,3.173668639053261,338,0.37040279532027637
1503606,Itaituba,PA,Norte,66.2970106075217,70.05,3.752989392478298,2074,0.37037450205219746
3303609,Paracambi,RJ,Sudeste,65.02463054187191,71.72,6.695369458128084,406,0.36962471827579096
3500907,Altair,SP,Sudeste,56.25,67.44,11.189999999999998,32,0.3696150371867567
3551405,Serra Azul,SP,Sudeste,36.69724770642202,48.34,11.642752293577985,109,0.369606171420858
2932705,Uruçuca,BA,Nordeste,35.54502369668246,52.75,17.204976303317537,211,0.36952989128973907
3162807,São João Evangelista,MG,Sudeste,76.19047619047619,80.0,3.80952380952381,168,0.3694402996950038
2104073,Feira Nova do Maranhão,MA,Nordeste,78.74015748031496,80.0,1.2598425196850371,127,0.36942680315777615
3101706,Almenara,MG,Sudeste,58.47457627118644,58.52,0.04542372881356016,354,0.3693411014175461
3501400,Álvaro de Carvalho,SP,Sudeste,60.60606060606061,66.89,6.2839393939393915,33,0.3692674404026151
5105234,Lambari D'Oeste,MT,Centro-Oeste,64.55696202531645,80.0,15.443037974683548,79,0.3692303749782636
3145406,Olaria,MG,Sudeste,85.71428571428571,80.0,-5.714285714285708,14,0.3691394302615005
2925501,Prado,BA,Nordeste,54.947916666666664,55.91,0.9620833333333323,384,0.36908765672384186
4313086,Nova Pádua,RS,Sul,81.81818181818183,80.0,-1.8181818181818272,22,0.36889027066298485
2303600,Catarina,CE,Nordeste,82.41758241758241,79.57,-2.847582417582416,91,0.3687121706026257
3205101,Viana,ES,Sudeste,78.35820895522389,74.69,-3.6682089552238892,1072,0.36858774313843495
4302220,Boa Vista do Cadeado,RS,Sul,66.66666666666666,75.35,8.683333333333337,27,0.36835985592032716
2410504,Rafael Fernandes,RN,Nordeste,48.484848484848484,67.32,18.83515151515151,33,0.3682675641952512
3144508,Nazareno,MG,Sudeste,75.49019607843137,80.0,4.509803921568633,102,0.3681766528713306
3138104,Lassance,MG,Sudeste,73.75,80.0,6.25,80,0.36791392580290494
3538808,Piraju,SP,Sudeste,66.56050955414013,71.93,5.369490445859881,314,0.36705345358045155
4306973,Erebango,RS,Sul,66.66666666666666,76.35,9.683333333333337,18,0.36666459168752824
3540309,Pontes Gestal,SP,Sudeste,57.14285714285714,75.36,18.21714285714286,21,0.3665720833266123
3152170,Ponto dos Volantes,MG,Sudeste,78.57142857142857,75.98,-2.5914285714285654,98,0.36626639399241645
3142601,Monsenhor Paulo,MG,Sudeste,67.27272727272727,70.9,3.6272727272727394,110,0.36592888903499654
3203809,Muqui,ES,Sudeste,73.91304347826086,71.3,-2.613043478260863,138,0.36590522382841395
4216503,São Joaquim,SC,Sul,51.5625,55.64,4.077500000000001,192,0.36580686372118554
4113809,Lupionópolis,PR,Sul,80.0,80.0,0.0,30,0.3656957908323146
2601003,Angelim,PE,Nordeste,71.31147540983606,70.58,-0.7314754098360652,122,0.36568915360487614
4307450,Esperança do Sul,RS,Sul,62.16216216216216,80.0,17.83783783783784,37,0.36558851748288745
4209706,Lebon Régis,SC,Sul,54.97076023391813,59.46,4.489239766081873,171,0.3651845178163934
2405009,Jaçanã,RN,Nordeste,56.060606060606055,62.85,6.789393939393946,66,0.3649592678677395
4218756,Tunápolis,SC,Sul,76.0,75.9,-0.09999999999999432,50,0.3648871141287784
2110401,São Benedito do Rio Preto,MA,Nordeste,57.78894472361809,62.74,4.951055276381915,199,0.3638194541209268
2801306,Capela,SE,Nordeste,41.265060240963855,55.05,13.784939759036142,332,0.3635134827518756
4319356,São Pedro da Serra,RS,Sul,76.36363636363637,80.0,3.636363636363626,55,0.3635061380000185
3138401,Leopoldina,MG,Sudeste,62.66666666666667,68.88,6.213333333333324,300,0.3629410919229476
3541406,Presidente Prudente,SP,Sudeste,66.45348837209303,66.54,0.08651162790697242,1720,0.3628444358081173
4215695,Santiago do Sul,SC,Sul,81.25,76.54,-4.709999999999994,16,0.3624387927768881
4312807,Nova Araçá,RS,Sul,70.49180327868852,80.0,9.508196721311478,61,0.3623011481813919
3142205,Miraí,MG,Sudeste,81.13207547169812,80.0,-1.1320754716981156,106,0.36229757790253714
3106705,Betim,MG,Sudeste,64.74770642201835,66.47,1.7222935779816453,4360,0.36206783930737557
4106902,Curitiba,PR,Sul,74.18806062480668,74.83,0.6419393751933171,12932,0.3619633134279152
3527702,Luiziânia,SP,Sudeste,53.73134328358209,66.83,13.098656716417906,67,0.3610767088658777
3300233,Armação dos Búzios,RJ,Sudeste,73.61563517915309,73.18,-0.43563517915308125,614,0.36095770518880693
3532603,Nhandeara,SP,Sudeste,70.6896551724138,72.83,2.1403448275862047,58,0.3607677508440717
3305802,Teresópolis,RJ,Sudeste,68.01592568015926,69.41,1.3940743198407404,1507,0.3602837751622004
4305871,Coronel Barros,RS,Sul,71.875,80.0,8.125,32,0.35988343835245484
3300225,Areal,RJ,Sudeste,66.92307692307692,70.78,3.8569230769230813,130,0.35987706102572625
3148509,Pavão,MG,Sudeste,84.0,80.0,-4.0,50,0.358541486845
3119203,Coroaci,MG,Sudeste,69.6969696969697,67.63,-2.066969696969707,33,0.35813717165809056
2402808,Coronel Ezequiel,RN,Nordeste,22.641509433962266,59.34,36.698490566037734,53,0.3574830787255889
4317905,Santo Cristo,RS,Sul,73.72262773722628,77.79,4.0673722627737305,137,0.3571584225436605
4119509,Piraquara,PR,Sul,68.600154679041,68.7,0.09984532095900533,1293,0.35691409425092524
4106704,Cruzeiro do Sul,PR,Sul,75.34246575342466,75.36,0.01753424657533742,73,0.3566785008968283
3502002,Analândia,SP,Sudeste,56.86274509803921,61.55,4.6872549019607845,51,0.3565719454898039
2207751,Passagem Franca do Piauí,PI,Nordeste,67.24137931034483,80.0,12.758620689655174,58,0.35614449797345255
3542701,Restinga,SP,Sudeste,73.83177570093457,74.76,0.9282242990654339,107,0.356040554240875
4104006,Campina Grande do Sul,PR,Sul,73.55491329479769,74.83,1.2750867052023125,692,0.3560202808244206
3527009,Lindóia,SP,Sudeste,80.76923076923077,78.38,-2.389230769230778,78,0.35592085553059566
3557204,Chavantes,SP,Sudeste,50.76923076923077,57.82,7.050769230769234,130,0.3557816699580011
4117602,Palmas,PR,Sul,64.73509933774835,67.35,2.6149006622516424,604,0.3548385706562833
3502408,Anhumas,SP,Sudeste,72.72727272727273,73.07,0.34272727272725945,44,0.35470655027290104
4215802,São Bento do Sul,SC,Sul,77.67253044654939,76.23,-1.4425304465493838,739,0.3543462422542399
3512100,Colômbia,SP,Sudeste,79.48717948717949,80.0,0.512820512820511,78,0.3543126832517601
1506195,Rurópolis,PA,Norte,62.202380952380956,68.52,6.31761904761904,336,0.35410751717586897
2608800,Lajedo,PE,Nordeste,58.160237388724035,63.22,5.059762611275964,337,0.35337371659084865
2200905,Aroazes,PI,Nordeste,66.66666666666666,68.38,1.7133333333333383,27,0.3531688647380216
4310504,Iraí,RS,Sul,71.11111111111111,73.19,2.0788888888888835,45,0.3526809284811537
4317558,Santo Antônio do Palma,RS,Sul,65.0,75.77,10.769999999999996,20,0.352526362413373
1100338,Nova Mamoré,RO,Norte,73.75886524822694,71.07,-2.6888652482269464,423,0.35242401045081734
2408706,Paraú,RN,Nordeste,9.090909090909092,32.58,23.489090909090905,11,0.35235995810331405
2408003,Mossoró,RN,Nordeste,56.74381484437351,57.83,1.086185155626488,1253,0.3522517517508027
3130408,Ijaci,MG,Sudeste,78.37837837837837,76.07,-2.3083783783783787,74,0.3519385270534579
2403103,Currais Novos,RN,Nordeste,55.37848605577689,59.65,4.271513944223109,251,0.35175561038622916
2105807,Lago do Junco,MA,Nordeste,82.25806451612904,80.0,-2.258064516129039,62,0.3517464366847797
2112209,Timon,MA,Nordeste,76.83720930232558,73.49,-3.347209302325581,2150,0.3516117471931509
4125555,São Manoel do Paraná,PR,Sul,84.61538461538461,80.0,-4.615384615384613,13,0.351515909160016
3305752,Tanguá,RJ,Sudeste,61.31578947368421,67.22,5.9042105263157865,380,0.3514755561600426
4310579,Itapuca,RS,Sul,83.33333333333334,80.0,-3.333333333333343,18,0.3512440180848083
3533304,Nova Luzitânia,SP,Sudeste,76.92307692307693,78.83,1.9069230769230643,26,0.3509854348970427
3518602,Guariba,SP,Sudeste,72.28381374722838,74.47,2.18618625277162,451,0.35098097650519877
1706001,Couto Magalhães,TO,Norte,52.63157894736842,63.47,10.838421052631581,76,0.35065710295848845
3555901,Uru,SP,Sudeste,81.25,80.0,-1.25,16,0.3506168135348783
3500501,Águas de Lindóia,SP,Sudeste,64.07185628742515,70.24,6.168143712574846,167,0.35032862117094077
4206900,Ibirama,SC,Sul,72.1030042918455,73.33,1.2269957081545044,233,0.3497722174583103
4303558,Camargo,RS,Sul,76.66666666666667,80.0,3.3333333333333286,30,0.3495579479358086
3549102,São João da Boa Vista,SP,Sudeste,64.48170731707317,66.79,2.308292682926833,656,0.3494760968964645
4312302,Miraguaí,RS,Sul,66.66666666666666,79.42,12.753333333333345,36,0.3488255242797643
5207907,Flores de Goiás,GO,Centro-Oeste,59.50413223140496,72.96,13.455867768595034,121,0.3486471019694341
3516200,Franca,SP,Sudeste,66.63590216889709,68.4,1.7640978311029158,2167,0.3485534901859721
2407708,Montanhas,RN,Nordeste,64.33566433566433,68.89,4.554335664335667,143,0.3483224292632273
4108304,Foz do Iguaçu,PR,Sul,78.06122448979592,76.18,-1.8812244897959118,3528,0.34797024655609404
2600302,Agrestina,PE,Nordeste,77.67441860465117,75.5,-2.1744186046511658,215,0.3473947716436364
3552106,Socorro,SP,Sudeste,62.857142857142854,64.86,2.0028571428571453,280,0.34683735942473604
3137007,Ladainha,MG,Sudeste,39.53488372093023,48.23,8.695116279069765,86,0.3465627839424551
3523206,Itararé,SP,Sudeste,65.1006711409396,67.47,2.3693288590604027,447,0.34651803508325
4319711,São Valentim do Sul,RS,Sul,80.0,80.0,0.0,15,0.345931022455334
3167608,Simonésia,MG,Sudeste,72.39263803680981,72.39,-0.0026380368098131157,163,0.34582494433352645
2925303,Porto Seguro,BA,Nordeste,58.529020824102794,62.69,4.160979175897204,2257,0.34577180850639827
2407906,Monte das Gameleiras,RN,Nordeste,42.857142857142854,54.95,12.092857142857149,28,0.3457460862557436
3302809,Mendes,RJ,Sudeste,64.28571428571429,68.72,4.434285714285707,168,0.34567505412124405
4213104,Piratuba,SC,Sul,77.77777777777779,80.0,2.2222222222222143,63,0.34564205815748306
2604502,Chã Grande,PE,Nordeste,63.32046332046332,67.18,3.8595366795366886,259,0.3456401695622044
4104105,Campo do Tenente,PR,Sul,69.81132075471697,80.0,10.188679245283026,106,0.34555033365177024
4319703,São Valentim,RS,Sul,77.41935483870968,80.0,2.5806451612903203,31,0.34514503129170343
3117702,Conceição do Rio Verde,MG,Sudeste,79.05405405405406,80.0,0.9459459459459367,148,0.344742008361999
3553104,Taiaçu,SP,Sudeste,70.6896551724138,73.18,2.4903448275862132,58,0.34439598971585017
3533601,Nuporanga,SP,Sudeste,63.51351351351351,74.33,10.81648648648649,74,0.3438901793370551
3170438,União de Minas,MG,Sudeste,70.45454545454545,75.78,5.325454545454548,44,0.3437363700597623
4116000,Miraselva,PR,Sul,80.0,78.35,-1.6500000000000057,15,0.34364252108953686
1301803,Ipixuna,AM,Norte,64.58333333333334,69.53,4.946666666666658,240,0.3433695450995288
3305604,Silva Jardim,RJ,Sudeste,64.46886446886447,67.21,2.7411355311355265,273,0.3430610555939139
4302105,Bento Gonçalves,RS,Sul,70.64343163538874,78.53,7.886568364611264,746,0.3426366200202761
2207306,Paes Landim,PI,Nordeste,55.55555555555556,65.35,9.794444444444437,54,0.34255102069957566
3157336,Santa Cruz de Minas,MG,Sudeste,68.67469879518072,71.49,2.815301204819278,83,0.3421388922264915
3522406,Itapeva,SP,Sudeste,65.72052401746726,66.17,0.44947598253274634,916,0.3421318320757979
2202901,Corrente,PI,Nordeste,54.20875420875421,63.25,9.041245791245792,297,0.3421181992570055
2608206,Joaquim Nabuco,PE,Nordeste,49.572649572649574,64.21,14.63735042735042,117,0.34183892944672967
2611309,Pombos,PE,Nordeste,55.14705882352941,62.82,7.672941176470587,136,0.34165151176161374
4121604,Renascença,PR,Sul,74.71264367816092,75.05,0.3373563218390814,87,0.34164251435911314
3542800,Ribeira,SP,Sudeste,71.42857142857143,71.01,-0.4185714285714255,49,0.3407516199121012
2929008,São Félix,BA,Nordeste,43.58974358974359,54.12,10.530256410256406,78,0.34046612811342297
2502052,Bernardino Batista,PB,Nordeste,34.21052631578947,70.24,36.02947368421052,38,0.3403040738874822
4128609,Verê,PR,Sul,78.35051546391753,80.0,1.6494845360824684,97,0.3399067931276469
3531001,Monções,SP,Sudeste,86.36363636363636,80.0,-6.36363636363636,22,0.3397127985576815
3505500,Barretos,SP,Sudeste,69.3913043478261,69.38,-0.011304347826097683,1150,0.33962418816558027
1504703,Moju,PA,Norte,45.422116527942926,54.15,8.727883472057073,841,0.33936531193142117
4213807,Praia Grande,SC,Sul,71.42857142857143,72.38,0.9514285714285649,77,0.3392159072394304
4219705,Xaxim,SC,Sul,70.63291139240506,72.88,2.2470886075949323,395,0.33914753380997187
2610905,Pesqueira,PE,Nordeste,69.54128440366972,69.37,-0.1712844036697163,545,0.33913969704628305
2611002,Petrolândia,PE,Nordeste,61.0705596107056,65.4,4.329440389294405,411,0.338891496587419
2109908,Santa Inês,MA,Nordeste,59.64285714285714,62.92,3.277142857142863,840,0.33854321130428644
3137536,Lagoa Grande,MG,Sudeste,76.37795275590551,80.0,3.622047244094489,127,0.3377501561540745
3550407,São Pedro,SP,Sudeste,65.26946107784431,65.44,0.17053892215568567,334,0.33760144727183244
3152402,Poté,MG,Sudeste,60.29411764705882,59.95,-0.3441176470588161,68,0.3371423496187044
3202207,Fundão,ES,Sudeste,72.80701754385966,70.22,-2.587017543859659,228,0.3370357016910581
3549904,São José dos Campos,SP,Sudeste,68.41053587647593,68.25,-0.16053587647593304,5505,0.33637036903825746
3131406,Ipiaçu,MG,Sudeste,79.48717948717949,77.33,-2.1571794871794907,39,0.33620884403833273
3304201,Resende,RJ,Sudeste,72.5609756097561,73.91,1.3490243902438976,984,0.33615043341024725
2202737,Coivaras,PI,Nordeste,75.0,78.95,3.950000000000003,72,0.33602333218188146
2805604,Porto da Folha,SE,Nordeste,32.46268656716418,48.02,15.557313432835826,268,0.3354864916305975
2105906,Lago Verde,MA,Nordeste,74.26470588235294,70.62,-3.6447058823529375,136,0.3353633247233757
3161650,São Geraldo do Baixio,MG,Sudeste,73.68421052631578,75.22,1.5357894736842184,38,0.3353314757136177
3169208,Tombos,MG,Sudeste,67.1875,67.94,0.7524999999999977,64,0.3350553040357334
3530706,Mogi Guaçu,SP,Sudeste,64.20978029766124,65.16,0.9502197023387566,1411,0.3346335111569366
1100098,Espigão D'Oeste,RO,Norte,82.04419889502762,80.0,-2.0441988950276198,362,0.33447523940582063
3515657,Fernão,SP,Sudeste,80.95238095238095,80.0,-0.952380952380949,21,0.33390556133124716
3201902,Domingos Martins,ES,Sudeste,85.52188552188552,80.0,-5.5218855218855225,297,0.3337926871121647
3204351,Rio Bananal,ES,Sudeste,83.33333333333334,77.04,-6.2933333333333366,228,0.33370068759189525
3503604,Areiópolis,SP,Sudeste,73.01587301587301,75.82,2.804126984126981,126,0.3336718944372636
4219507,Xanxerê,SC,Sul,77.6536312849162,72.89,-4.763631284916201,358,0.3336155764121869
3130200,Igaratinga,MG,Sudeste,75.80645161290323,74.05,-1.7564516129032341,124,0.33355320890776385
3168408,Tarumirim,MG,Sudeste,72.41379310344827,74.62,2.206206896551734,29,0.333345257453765
3502606,Aparecida d'Oeste,SP,Sudeste,62.5,73.13,10.629999999999995,32,0.3332163776474267
4322707,Vera Cruz,RS,Sul,66.29834254143645,72.81,6.511657458563548,181,0.33285106775907397
3301850,Guapimirim,RJ,Sudeste,59.26605504587156,64.53,5.263944954128441,545,0.33231165076436153
3122306,Divinópolis,MG,Sudeste,72.37623762376238,71.93,-0.4462376237623715,1010,0.33188477102244196
3129806,Ibirité,MG,Sudeste,64.5185746777862,65.27,0.751425322213791,1319,0.3317302266695994
3508108,Buritama,SP,Sudeste,69.375,71.57,2.194999999999993,160,0.33169451208598183
3124203,Espera Feliz,MG,Sudeste,75.38461538461539,75.46,0.07538461538460695,130,0.33166740793811333
4310363,Imigrante,RS,Sul,73.33333333333333,79.01,5.6766666666666765,15,0.33154454858607746
3508207,Buritizal,SP,Sudeste,81.63265306122449,80.0,-1.632653061224488,49,0.33142418198904283
3170206,Uberlândia,MG,Sudeste,67.32608695652173,64.91,-2.416086956521738,4600,0.330956055790751
3544301,Roseira,SP,Sudeste,69.42148760330579,71.34,1.9185123966942115,121,0.33076218466346785
2910503,Entre Rios,BA,Nordeste,39.7887323943662,49.41,9.621267605633797,284,0.33066619765595157
3168705,Timóteo,MG,Sudeste,65.91639871382637,67.48,1.5636012861736361,311,0.3305731216517295
3509908,Cananéia,SP,Sudeste,66.18705035971223,71.99,5.802949640287764,139,0.3305235011946053
4105300,Céu Azul,PR,Sul,77.94117647058823,80.0,2.058823529411768,136,0.3303198402850085
2919553,Luís Eduardo Magalhães,BA,Nordeste,47.2849298352654,52.34,5.055070164734602,1639,0.3302606746166397
2202505,Caracol,PI,Nordeste,59.42028985507246,70.04,10.619710144927545,138,0.33015144828539716
2103505,Colinas,MA,Nordeste,66.19318181818183,69.29,3.096818181818179,352,0.32991201325129615
3302056,Italva,RJ,Sudeste,63.716814159292035,66.75,3.033185840707965,113,0.3298274253135844
4204608,Criciúma,SC,Sul,66.72113289760348,69.08,2.358867102396516,1836,0.32969767005805084
3526902,Limeira,SP,Sudeste,70.77782552642888,70.75,-0.027825526428884473,2327,0.32952216265860995
5004007,Glória de Dourados,MS,Centro-Oeste,65.78947368421053,79.38,13.590526315789461,114,0.3292896212647221
3523909,Itu,SP,Sudeste,70.93167701863354,72.19,1.2583229813664616,1610,0.32921640876158725
2312502,São João do Jaguaribe,CE,Nordeste,85.1063829787234,79.9,-5.206382978723397,47,0.3291496558275094
4312500,Mostardas,RS,Sul,57.291666666666664,65.15,7.858333333333341,96,0.32887695367094477
2311504,Quixeré,CE,Nordeste,83.16326530612244,80.0,-3.1632653061224403,196,0.32874750311305745
3521804,Itaí,SP,Sudeste,60.67796610169491,63.06,2.382033898305089,295,0.3285624643131255
2109502,Riachão,MA,Nordeste,58.45070422535211,62.53,4.079295774647889,284,0.3284649735754728
2908606,Conde,BA,Nordeste,54.04411764705882,59.3,5.255882352941178,272,0.328304398096713
4306007,Crissiumal,RS,Sul,66.36363636363637,76.27,9.906363636363622,110,0.32810102740266367
3526209,Juquitiba,SP,Sudeste,71.08433734939759,69.62,-1.4643373493975815,166,0.32730987610427764
2110237,Santana do Maranhão,MA,Nordeste,78.82352941176471,80.0,1.17647058823529,85,0.32700071191865693
3107307,Bocaiúva,MG,Sudeste,71.95121951219512,74.01,2.0587804878048814,82,0.32698870028836363
3529906,Miracatu,SP,Sudeste,61.60337552742617,60.97,-0.6333755274261677,237,0.3265858737056291
3141009,Mato Verde,MG,Sudeste,67.79661016949152,74.11,6.313389830508484,59,0.3264464291396759
3115508,Caxambu,MG,Sudeste,80.27210884353741,77.99,-2.282108843537415,147,0.3263131773711098
3509700,Campos do Jordão,SP,Sudeste,61.97183098591549,65.07,3.0981690140845046,568,0.32614942640124506
3556206,Valinhos,SP,Sudeste,62.95871559633027,64.81,1.8512844036697302,872,0.3254413680182382
2502904,Brejo dos Santos,PB,Nordeste,30.23255813953488,62.03,31.79744186046512,43,0.3245662893110939
3512803,Cosmópolis,SP,Sudeste,63.2688927943761,65.96,2.6911072056238936,569,0.3245656949199384
3300258,Arraial do Cabo,RJ,Sudeste,63.81418092909536,64.69,0.8758190709046403,409,0.32429696514925505
3143302,Montes Claros,MG,Sudeste,75.99147121535181,70.34,-5.651471215351805,2345,0.32419908487476207
2205607,Landri Sales,PI,Nordeste,74.60317460317461,80.0,5.396825396825392,63,0.3238993696621986
3538204,Pinhalzinho,SP,Sudeste,76.64233576642336,78.94,2.29766423357664,137,0.32339871029812317
1303502,Pauini,AM,Norte,48.67256637168141,58.35,9.677433628318589,226,0.32335198110257196
3165107,São Tomás de Aquino,MG,Sudeste,70.11494252873564,73.66,3.545057471264357,87,0.3233345575523434
3202009,Dores do Rio Preto,ES,Sudeste,81.81818181818183,80.0,-1.8181818181818272,110,0.32328385364973494
3165206,São Tomé das Letras,MG,Sudeste,80.76923076923077,80.0,-0.7692307692307736,78,0.3231528899554796
3519105,Iacanga,SP,Sudeste,73.7864077669903,80.0,6.213592233009706,103,0.3230233387628482
3167905,Tabuleiro,MG,Sudeste,81.81818181818183,80.0,-1.8181818181818272,55,0.3229604101111413
4320701,Sobradinho,RS,Sul,74.03846153846155,80.0,5.961538461538453,104,0.3228576217071735
2613909,Serra Talhada,PE,Nordeste,81.08108108108108,77.85,-3.2310810810810864,851,0.3224919782580774
3550001,São Luiz do Paraitinga,SP,Sudeste,76.66666666666667,76.4,-0.2666666666666657,90,0.3221432672636224
2605806,Frei Miguelinho,PE,Nordeste,76.66666666666667,73.61,-3.056666666666672,120,0.3221368644462258
3500550,Águas de Santa Bárbara,SP,Sudeste,52.38095238095239,64.45,12.069047619047616,84,0.32193424061533227
2914653,Itabela,BA,Nordeste,49.162011173184354,53.48,4.317988826815643,358,0.3218407073145789
3100302,Abre Campo,MG,Sudeste,82.75862068965517,80.0,-2.7586206896551744,29,0.3212307748660028
4312179,Mato Queimado,RS,Sul,100.0,80.0,-20.0,11,0.32119761764083304
2404309,Governador Dix-Sept Rosado,RN,Nordeste,64.40677966101694,68.46,4.053220338983053,59,0.32101270075084
2921708,Morro do Chapéu,BA,Nordeste,47.63636363636364,56.72,9.083636363636359,275,0.3209570725899532
4109401,Guarapuava,PR,Sul,75.26926263463132,76.92,1.650737365368684,2414,0.32084488003657863
4128807,Xambrê,PR,Sul,72.94117647058823,76.62,3.6788235294117726,85,0.32046948206906756
4305504,Ciríaco,RS,Sul,83.33333333333334,80.0,-3.333333333333343,18,0.3199937107913565
3514601,Dumont,SP,Sudeste,80.0,78.2,-1.7999999999999972,90,0.31972014167508167
1507508,São João do Araguaia,PA,Norte,42.94871794871795,55.12,12.171282051282049,156,0.3196446906653309
2933257,Vereda,BA,Nordeste,73.07692307692307,73.51,0.4330769230769391,52,0.31956741501717556
4209904,Lontras,SC,Sul,60.55555555555555,69.46,8.904444444444444,180,0.3194755672214667
3537909,Pilar do Sul,SP,Sudeste,67.44186046511628,67.87,0.42813953488372647,301,0.31927953484285715
2604304,Cedro,PE,Nordeste,57.14285714285714,62.81,5.6671428571428635,77,0.31911320665962095
2614808,Tacaratu,PE,Nordeste,55.0561797752809,67.54,12.483820224719103,178,0.31885179945271624
2414902,Viçosa,RN,Nordeste,60.86956521739131,69.01,8.140434782608693,23,0.31806541060522653
4318606,São José do Ouro,RS,Sul,70.83333333333334,70.83,-0.0033333333333445125,24,0.3179706394462935
4320230,Sede Nova,RS,Sul,70.27027027027027,80.0,9.729729729729726,37,0.31773803575145004
4125605,São Mateus do Sul,PR,Sul,80.82191780821918,80.0,-0.8219178082191831,511,0.3174752116218243
4123600,Santa Inês,PR,Sul,78.94736842105263,80.0,1.05263157894737,19,0.31741735791213854
2201200,Barras,PI,Nordeste,69.23076923076923,67.36,-1.870769230769227,637,0.31741692914609854
4313607,Paim Filho,RS,Sul,70.0,79.41,9.409999999999997,20,0.3173686765003723
3501202,Álvares Florence,SP,Sudeste,85.0,79.22,-5.780000000000001,20,0.31715522742016206
4316204,Rondinha,RS,Sul,83.33333333333334,80.0,-3.333333333333343,24,0.31690959324479034
3160405,Santo Antônio do Monte,MG,Sudeste,79.70479704797047,80.0,0.29520295202952695,271,0.3167650756942269
3538600,Piracaia,SP,Sudeste,67.29559748427673,68.78,1.484402515723275,318,0.31659629736180306
1500909,Augusto Corrêa,PA,Norte,49.53617810760667,58.13,8.59382189239333,539,0.31644364324018354
4105805,Colombo,PR,Sul,70.29247453171212,72.03,1.7375254682878847,3043,0.31635844341787744
2805802,Riachão do Dantas,SE,Nordeste,48.924731182795696,57.77,8.845268817204307,186,0.31599261649736304
1505908,Porto de Moz,PA,Norte,74.58432304038006,75.93,1.3456769596199507,421,0.31592649209873913
2804201,Monte Alegre de Sergipe,SE,Nordeste,32.903225806451616,48.98,16.07677419354838,155,0.315820217959106
4323457,Vila Nova do Sul,RS,Sul,55.55555555555556,63.92,8.364444444444445,36,0.31560020622131646
3525904,Jundiaí,SP,Sudeste,76.07172877556738,74.22,-1.8517287755673806,3569,0.3151603940153339
3165537,Sarzedo,MG,Sudeste,78.83064516129032,80.0,1.1693548387096797,496,0.31510978588816735
3159100,Santana dos Montes,MG,Sudeste,72.72727272727273,70.23,-2.4972727272727298,22,0.3147309048921829
3544905,Sales Oliveira,SP,Sudeste,61.224489795918366,68.77,7.54551020408163,98,0.31434167973468186
4320263,Segredo,RS,Sul,75.0,77.24,2.239999999999995,20,0.31402843004648323
4322343,Ubiretama,RS,Sul,84.61538461538461,80.0,-4.615384615384613,13,0.3138290320124615
3303005,Miracema,RJ,Sudeste,71.11913357400722,73.37,2.2508664259927826,277,0.3133409105676308
4302253,Boa Vista do Sul,RS,Sul,68.18181818181817,76.35,8.168181818181822,22,0.3133101733504807
2307650,Maracanaú,CE,Nordeste,83.83349467570184,80.0,-3.833494675701843,3099,0.31329054778080867
2305506,Iguatu,CE,Nordeste,65.34914361001317,67.8,2.450856389986825,759,0.313006241687786
4113759,Lunardelli,PR,Sul,72.72727272727273,68.26,-4.467272727272729,33,0.31297669886225626
2910206,Dom Macedo Costa,BA,Nordeste,79.48717948717949,80.0,0.512820512820511,39,0.3127334397661123
3300803,Cachoeiras de Macacu,RJ,Sudeste,64.376130198915,64.73,0.353869801084997,553,0.31262539654511623
1200401,Rio Branco,AC,Norte,69.39687267311989,64.86,-4.536872673119888,1343,0.3124159837423159
2916104,Itaparica,BA,Nordeste,53.645833333333336,57.94,4.294166666666662,192,0.3122796899768614
4210050,Macieira,SC,Sul,85.18518518518519,80.0,-5.1851851851851904,27,0.3122727747987556
4214904,Rio Fortuna,SC,Sul,72.41379310344827,79.07,6.656206896551723,87,0.3122078947383489
5008404,Vicentina,MS,Centro-Oeste,61.76470588235294,72.26,10.495294117647063,102,0.3122033240299355
3149309,Pedro Leopoldo,MG,Sudeste,67.3076923076923,69.05,1.7423076923076906,416,0.31200378798430045
3552700,Tabatinga,SP,Sudeste,72.39263803680981,70.77,-1.6226380368098177,163,0.3119561917207189
3201209,Cachoeiro de Itapemirim,ES,Sudeste,75.03883997928534,72.22,-2.818839979285343,1931,0.3119401825639918
2511301,Piancó,PB,Nordeste,47.43589743589743,63.82,16.38410256410257,78,0.3116502337215398
2104800,Grajaú,MA,Nordeste,55.0253807106599,60.3,5.2746192893400945,985,0.3116245928210205
2909307,Correntina,BA,Nordeste,50.750750750750754,57.03,6.279249249249247,333,0.31104721315472605
3533700,Ocauçu,SP,Sudeste,82.6923076923077,80.0,-2.6923076923076934,52,0.310800391165155
2615003,Taquaritinga do Norte,PE,Nordeste,69.09722222222221,69.37,0.2727777777777902,288,0.31059793474481273
2301901,Barbalha,CE,Nordeste,82.97872340425532,80.0,-2.9787234042553195,752,0.3102734410651276
1506187,Rondon do Pará,PA,Norte,68.80733944954129,69.63,0.822660550458707,436,0.3102642957845315
1506401,Santa Cruz do Arari,PA,Norte,54.25531914893617,64.36,10.104680851063833,94,0.31019300947701545
3163201,São José do Alegre,MG,Sudeste,85.36585365853658,78.52,-6.8458536585365835,41,0.31017783442979663
3165578,Senador Amaral,MG,Sudeste,80.95238095238095,74.72,-6.23238095238095,42,0.31014259626475105
4116505,Nova Aliança do Ivaí,PR,Sul,55.55555555555556,57.85,2.2944444444444443,18,0.3101014674320998
3151305,Piraúba,MG,Sudeste,79.04761904761905,77.1,-1.9476190476190567,105,0.3100782975233067
4312252,Minas do Leão,RS,Sul,74.24242424242425,76.32,2.077575757575744,66,0.30976690191190787
3546306,Santa Cruz das Palmeiras,SP,Sudeste,60.526315789473685,64.14,3.6136842105263156,304,0.30919157677904746
3168804,Tiradentes,MG,Sudeste,70.58823529411765,70.69,0.10176470588234565,68,0.30915446744693176
3106200,Belo Horizonte,MG,Sudeste,70.7302807486631,68.34,-2.390280748663102,11968,0.3089553787316067
3306305,Volta Redonda,RJ,Sudeste,71.85652345289712,69.61,-2.2465234528971223,2537,0.30888123625100256
2110856,São Francisco do Brejão,MA,Nordeste,74.01574803149606,70.88,-3.135748031496064,127,0.30847239670509397
2100154,Água Doce do Maranhão,MA,Nordeste,78.51851851851852,73.23,-5.288518518518515,135,0.3084274683045936
1504422,Marituba,PA,Norte,61.80904522613066,68.2,6.390954773869346,1393,0.30838520258332114
2108504,Pindaré-Mirim,MA,Nordeste,54.14364640883977,59.5,5.356353591160229,362,0.3082542027001105
3121001,Datas,MG,Sudeste,84.52380952380952,80.0,-4.523809523809518,84,0.3081998829747541
4201505,Armazém,SC,Sul,77.46478873239437,74.88,-2.5847887323943723,71,0.3081694925775251
2608008,Jataúba,PE,Nordeste,57.77777777777777,65.42,7.64222222222223,135,0.30793744531376605
3548708,São Bernardo do Campo,SP,Sudeste,64.65687658853432,67.3,2.6431234114656803,7082,0.3078124031009908
4200903,Angelina,SC,Sul,78.78787878787878,80.0,1.2121212121212182,33,0.30776069393450184
3170404,Unaí,MG,Sudeste,67.170626349892,67.74,0.5693736501079911,463,0.3077159207838444
3500600,Águas de São Pedro,SP,Sudeste,78.18181818181819,80.0,1.818181818181813,55,0.3074047341882419
2100709,Anajatuba,MA,Nordeste,82.75862068965517,76.07,-6.688620689655181,174,0.3073349097712754
4320800,Soledade,RS,Sul,66.0,72.7,6.700000000000003,100,0.30729115433572207
3516903,General Salgado,SP,Sudeste,69.76744186046511,69.95,0.18255813953489053,86,0.3069482389043023
3140159,Mário Campos,MG,Sudeste,72.82608695652173,74.8,1.9739130434782624,184,0.30677943909800237
4204509,Corupá,SC,Sul,66.97674418604652,70.13,3.1532558139534785,215,0.306737835551553
4205191,Ermo,SC,Sul,79.48717948717949,73.61,-5.87717948717949,39,0.30672921093696565
3158953,Santana do Paraíso,MG,Sudeste,72.44094488188976,74.5,2.059055118110237,381,0.3065976422389474
3301157,Cardoso Moreira,RJ,Sudeste,54.248366013071895,54.04,-0.2083660130718954,153,0.30635461791833546
3502507,Aparecida,SP,Sudeste,59.87460815047022,60.93,1.0553918495297765,319,0.30632249426315056
3205010,Sooretama,ES,Sudeste,80.08565310492506,73.19,-6.89565310492506,467,0.30606814201476357
3113305,Carangola,MG,Sudeste,61.86440677966102,64.86,2.995593220338982,118,0.306025254252312
3533908,Olímpia,SP,Sudeste,69.7841726618705,70.13,0.34582733812949584,556,0.3056658258358412
3171105,Veríssimo,MG,Sudeste,82.35294117647058,78.1,-4.252941176470586,34,0.3055037602274987
3167806,Soledade de Minas,MG,Sudeste,80.95238095238095,76.24,-4.712380952380954,63,0.3054728338068507
1507755,Sapucaia,PA,Norte,71.875,79.93,8.055000000000007,96,0.3052142927461009
2110005,Santa Luzia,MA,Nordeste,66.993006993007,66.72,-0.2730069930070016,715,0.3051647048179461
2302206,Beberibe,CE,Nordeste,84.4551282051282,78.94,-5.515128205128207,624,0.3051218353924655
3304524,Rio das Ostras,RJ,Sudeste,73.87205387205387,72.48,-1.3920538720538644,1485,0.30462615729088577
4108205,Formosa do Oeste,PR,Sul,73.73737373737373,80.0,6.26262626262627,99,0.3042600468292464
2501203,Areial,PB,Nordeste,82.41758241758241,80.0,-2.417582417582409,91,0.30394066859928354
4203154,Calmon,SC,Sul,65.67164179104478,71.04,5.368358208955229,67,0.30383936645952525
3534708,Ourinhos,SP,Sudeste,62.51526251526251,64.62,2.104737484737491,819,0.3037314409960357
4207577,Iomerê,SC,Sul,73.91304347826086,76.95,3.0369565217391425,46,0.3036667907509984
4115309,Mariópolis,PR,Sul,78.16091954022988,78.0,-0.16091954022988375,87,0.303647987726889
4310405,Independência,RS,Sul,64.70588235294117,72.87,8.16411764705883,68,0.3035611183253373
3136405,Joaquim Felício,MG,Sudeste,65.85365853658537,65.67,-0.18365853658536935,41,0.303087528178811
2802007,Divina Pastora,SE,Nordeste,25.0,58.58,33.58,76,0.30294235480968745
3166204,Senhora dos Remédios,MG,Sudeste,81.81818181818183,80.0,-1.8181818181818272,44,0.3024023344002261
4310462,Ipiranga do Sul,RS,Sul,84.21052631578947,80.0,-4.2105263157894655,19,0.3020981363638758
4319158,São Miguel das Missões,RS,Sul,73.07692307692307,77.94,4.863076923076932,26,0.30197765769591706
3532009,Morungaba,SP,Sudeste,55.47445255474452,62.82,7.345547445255477,137,0.3015558206606699
3545803,Santa Bárbara d'Oeste,SP,Sudeste,63.04964539007092,66.82,3.770354609929072,1410,0.30147566534181025
2208908,Ribeiro Gonçalves,PI,Nordeste,80.3921568627451,80.0,-0.39215686274509665,51,0.30146757163272814
3507308,Boracéia,SP,Sudeste,67.3469387755102,75.21,7.8630612244897975,49,0.3010116334566024
3556107,Valentim Gentil,SP,Sudeste,71.32352941176471,73.13,1.8064705882352854,136,0.3008001643166581
3154309,Resplendor,MG,Sudeste,73.75,75.41,1.6599999999999966,160,0.3004468935558926
2406403,Lagoa de Velhos,RN,Nordeste,59.25925925925925,59.92,0.6607407407407493,27,0.3003923136589878
3144409,Natércia,MG,Sudeste,68.75,74.71,5.959999999999994,48,0.30038531114422606
3161007,São Domingos do Prata,MG,Sudeste,76.86567164179104,74.13,-2.7356716417910434,134,0.29988984706112887
3520608,Indiana,SP,Sudeste,84.48275862068965,80.0,-4.482758620689651,58,0.29985215029603807
2107100,Morros,MA,Nordeste,79.60000000000001,80.0,0.3999999999999915,250,0.29984905372258425
3539509,Pitangueiras,SP,Sudeste,72.58064516129032,71.01,-1.5706451612903152,372,0.2996841479199512
3513850,Dirce Reis,SP,Sudeste,63.63636363636363,62.67,-0.9663636363636314,11,0.29961312660248735
4201208,Antônio Carlos,SC,Sul,75.17241379310344,76.96,1.787586206896549,145,0.2995269614481601
4311205,Júlio de Castilhos,RS,Sul,55.81395348837209,56.29,0.47604651162790645,86,0.29949986598198103
1507979,Terra Santa,PA,Norte,72.47386759581882,74.99,2.516132404181178,287,0.29944525555101975
4307005,Erechim,RS,Sul,67.06586826347305,70.16,3.094131736526947,334,0.29938140793054746
2922854,Nova Redenção,BA,Nordeste,58.46153846153847,54.02,-4.441538461538464,65,0.29898001366367954
3128402,Guarani,MG,Sudeste,82.02247191011236,80.0,-2.0224719101123583,89,0.29888610583836517
3116209,Chiador,MG,Sudeste,75.51020408163265,78.61,3.0997959183673487,49,0.2988706484536015
2603306,Calçado,PE,Nordeste,60.29411764705882,68.21,7.915882352941175,68,0.298330528682097
2409209,Passagem,RN,Nordeste,47.61904761904761,63.07,15.450952380952387,21,0.2981709617142988
2104628,Governador Luiz Rocha,MA,Nordeste,78.50467289719626,80.0,1.495327102803742,107,0.2977948068533517
3525706,José Bonifácio,SP,Sudeste,65.1006711409396,67.41,2.3093288590604004,149,0.2971224493862709
3551702,Sertãozinho,SP,Sudeste,66.88839615668883,66.35,-0.5383961566888331,1353,0.2968454504284419
2507705,Juazeirinho,PB,Nordeste,66.06334841628959,64.93,-1.1333484162895786,221,0.29681362647386456
2805000,Pedra Mole,SE,Nordeste,54.054054054054056,63.17,9.115945945945946,37,0.2967114987553493
3500758,Alambari,SP,Sudeste,73.68421052631578,75.44,1.7557894736842172,57,0.29659865218098885
4109757,Ibema,PR,Sul,84.0,76.09,-7.909999999999997,75,0.2965107226722346
4118501,Pato Branco,PR,Sul,79.50530035335689,79.0,-0.5053003533568869,849,0.296470154590235
4119152,Pinhais,PR,Sul,70.2799712849964,70.93,0.6500287150036002,1393,0.29641046403829513
4316501,Salvador do Sul,RS,Sul,75.80645161290323,80.0,4.193548387096769,62,0.29637459460458343
3554755,Trabiju,SP,Sudeste,68.18181818181817,80.0,11.818181818181827,22,0.2963440581898984
3546108,Santa Clara d'Oeste,SP,Sudeste,83.33333333333334,80.0,-3.333333333333343,30,0.29602285000579825
2615409,Toritama,PE,Nordeste,64.7887323943662,64.54,-0.24873239436620054,568,0.29593433645965905
4306957,Entre Rios do Sul,RS,Sul,70.83333333333334,79.7,8.86666666666666,24,0.2959129629946404
3301603,Duas Barras,RJ,Sudeste,65.38461538461539,68.46,3.075384615384607,104,0.2958326369998659
4318200,São Francisco de Paula,RS,Sul,59.4059405940594,67.93,8.524059405940605,101,0.29581358422522613
2926806,Rio do Antônio,BA,Nordeste,69.3069306930693,70.83,1.5230693069306938,101,0.2957664972030205
4101507,Arapongas,PR,Sul,79.92125984251969,77.77,-2.1512598425196927,1270,0.29567144849751414
4314803,Portão,RS,Sul,65.68364611260054,67.54,1.8563538873994645,373,0.29565661147718375
2920502,Maracás,BA,Nordeste,62.78195488721805,65.72,2.93804511278195,266,0.2956375805201214
4315206,Putinga,RS,Sul,71.42857142857143,80.0,8.57142857142857,28,0.29551326643891446
3540408,Populina,SP,Sudeste,80.0,78.82,-1.1800000000000068,40,0.2952361785843629
2923803,Paripiranga,BA,Nordeste,59.70149253731343,65.39,5.688507462686573,201,0.2950907667752719
3522653,Itapirapuã Paulista,SP,Sudeste,44.06779661016949,62.16,18.09220338983051,59,0.29495016107293903
3150000,Pescador,MG,Sudeste,83.33333333333334,80.0,-3.333333333333343,36,0.2948587562416236
3502309,Anhembi,SP,Sudeste,55.26315789473685,58.13,2.866842105263153,76,0.29408831421748255
4118006,Paraíso do Norte,PR,Sul,77.77777777777779,77.18,-0.5977777777777789,153,0.2940042550332273
3305406,Sapucaia,RJ,Sudeste,67.15686274509804,72.37,5.213137254901966,204,0.29398839295643103
4103222,Bom Sucesso do Sul,PR,Sul,86.20689655172413,80.0,-6.206896551724128,29,0.29380102888317555
4216008,São Carlos,SC,Sul,81.81818181818183,80.0,-1.8181818181818272,44,0.29321272320579045
2306009,Iracema,CE,Nordeste,84.24657534246576,80.0,-4.246575342465761,146,0.2930281876615215
3536703,Pederneiras,SP,Sudeste,57.179487179487175,56.85,-0.3294871794871739,390,0.29276231758768595
2932101,Ubaíra,BA,Nordeste,55.55555555555556,63.05,7.49444444444444,153,0.2927088613116798
3532900,Nova Europa,SP,Sudeste,60.215053763440864,64.75,4.534946236559136,93,0.29264563848729896
4305132,Cerro Branco,RS,Sul,72.22222222222221,75.59,3.367777777777789,18,0.2926410941345047
3202900,Itarana,ES,Sudeste,82.95454545454545,78.9,-4.054545454545448,88,0.2922375900808284
3508009,Buri,SP,Sudeste,58.09128630705395,63.85,5.758713692946053,241,0.29220014239213976
4312450,Morro Redondo,RS,Sul,75.55555555555556,76.16,0.6044444444444395,45,0.29175897854963734
2210904,Socorro do Piauí,PI,Nordeste,75.0,73.82,-1.1800000000000068,40,0.2915784426861389
4320404,Serafina Corrêa,RS,Sul,72.03389830508475,80.0,7.9661016949152526,118,0.29152462284795305
4117503,Paiçandu,PR,Sul,76.29310344827587,73.84,-2.4531034482758685,696,0.2914476829379196
3512001,Colina,SP,Sudeste,56.45933014354066,61.1,4.64066985645934,209,0.291287048920611
3138682,Luislândia,MG,Sudeste,64.28571428571429,64.43,0.14428571428571502,14,0.2911800920420261
4304697,Capitão,RS,Sul,82.35294117647058,80.0,-2.35294117647058,34,0.2910553012303008
3162005,São Gonçalo do Sapucaí,MG,Sudeste,74.02597402597402,77.92,3.894025974025979,231,0.29088225756574704
4210035,Luzerna,SC,Sul,79.45205479452055,76.13,-3.322054794520554,73,0.2906845410702437
2413557,Serrinha dos Pintos,RN,Nordeste,59.25925925925925,68.25,8.990740740740748,27,0.2905934178992753
4323200,Victor Graeff,RS,Sul,77.77777777777779,80.0,2.2222222222222143,27,0.29058506066919276
3519709,Ibiúna,SP,Sudeste,59.578947368421055,61.61,2.0310526315789446,950,0.2904794357070265
2918407,Juazeiro,BA,Nordeste,49.848637739656915,53.54,3.691362260343084,2973,0.29044388380122776
3169059,Tocos do Moji,MG,Sudeste,76.92307692307693,79.1,2.1769230769230603,26,0.2900244682797838
4310207,Ijuí,RS,Sul,70.03968253968253,78.03,7.9903174603174705,504,0.28988953910203025
2206308,Miguel Leão,PI,Nordeste,58.333333333333336,63.01,4.676666666666662,24,0.28974164521979096
2510105,Nova Floresta,PB,Nordeste,71.07438016528926,72.64,1.5656198347107448,121,0.28962653881312667
2600906,Amaraji,PE,Nordeste,67.91044776119402,73.97,6.059552238805978,134,0.28953062291832604
1302504,Manacapuru,AM,Norte,52.591894439208296,61.21,8.618105560791705,1061,0.28923786324925904
4314464,Pinhal da Serra,RS,Sul,73.91304347826086,76.78,2.866956521739141,23,0.2890040702640457
2402006,Caicó,RN,Nordeste,54.285714285714285,56.34,2.0542857142857187,315,0.28890961848769164
3118601,Contagem,MG,Sudeste,67.99812030075188,66.36,-1.6381203007518792,4256,0.28824030458895983
2930709,Simões Filho,BA,Nordeste,57.833482542524614,60.45,2.616517457475389,1117,0.28823356743621426
1303403,Parintins,AM,Norte,58.794587945879464,65.41,6.615412054120533,813,0.287996900900113
2609006,Macaparana,PE,Nordeste,81.640625,75.97,-5.670625000000001,256,0.28775956874813957
1600204,Calçoene,AP,Norte,51.041666666666664,56.01,4.968333333333334,192,0.2875472042571327
3517109,Glicério,SP,Sudeste,79.3103448275862,74.95,-4.360344827586204,58,0.28705954938648753
2100832,Apicum-Açu,MA,Nordeste,49.26108374384236,53.75,4.488916256157637,203,0.2869833586762658
3557154,Zacarias,SP,Sudeste,48.0,57.99,9.990000000000002,25,0.2868832891278736
4300901,Aratiba,RS,Sul,86.66666666666667,80.0,-6.666666666666671,30,0.2865714820806003
2919702,Macarani,BA,Nordeste,61.904761904761905,63.93,2.0252380952380946,168,0.28622214743964525
3131158,Ipaba,MG,Sudeste,73.09417040358744,71.04,-2.0541704035874346,223,0.28576398689615207
4107306,Doutor Camargo,PR,Sul,78.125,79.5,1.375,64,0.2851980364016318
2931350,Teixeira de Freitas,BA,Nordeste,61.86742694226657,65.39,3.5225730577334318,1403,0.2850211986720376
3162302,São João da Mata,MG,Sudeste,75.60975609756098,78.95,3.3402439024390276,41,0.28486493826916925
3513603,Cunha,SP,Sudeste,59.333333333333336,64.4,5.06666666666667,150,0.2838797868744948
4215752,São Bernardino,SC,Sul,76.92307692307693,80.0,3.076923076923066,39,0.28384127504646384
3519808,Icém,SP,Sudeste,71.83098591549296,76.36,4.52901408450704,71,0.2837399779890126
2604106,Caruaru,PE,Nordeste,65.13421783400184,66.99,1.85578216599815,3241,0.2834578010368867
3554607,Timburi,SP,Sudeste,60.0,58.48,-1.5200000000000031,30,0.2827768910850011
3545407,Salto Grande,SP,Sudeste,69.02654867256636,69.66,0.6334513274336331,113,0.2826943171166329
3111309,Campo do Meio,MG,Sudeste,72.72727272727273,73.36,0.6327272727272657,132,0.2826390962689353
4314001,Paraí,RS,Sul,82.75862068965517,80.0,-2.7586206896551744,29,0.2824698336617595
1503077,Garrafão do Norte,PA,Norte,50.429799426934096,57.77,7.340200573065907,349,0.2823978233465788
3524501,Jaci,SP,Sudeste,64.81481481481481,67.44,2.625185185185188,108,0.2823461298876957
3205309,Vitória,ES,Sudeste,79.34821112291888,72.51,-6.838211122918878,2823,0.2822591260604441
2410405,Pureza,RN,Nordeste,49.18032786885246,56.54,7.359672131147541,122,0.2816452868419486
1505064,Novo Repartimento,PA,Norte,59.745222929936304,67.32,7.574777070063689,785,0.2816076686743695
3552007,Silveiras,SP,Sudeste,55.42168674698795,62.23,6.808313253012045,83,0.28139127396702374
2606804,Igarassu,PE,Nordeste,75.41703248463566,70.86,-4.557032484635656,1139,0.280783571329725
2616308,Vicência,PE,Nordeste,69.70684039087948,68.26,-1.4468403908794727,307,0.2807289717126316
1502905,Curuçá,PA,Norte,53.64238410596026,53.29,-0.3523841059602617,302,0.27999877059713085
1715150,Novo Alegre,TO,Norte,66.66666666666666,75.48,8.813333333333347,18,0.27972590228629574
2903409,Belmonte,BA,Nordeste,47.03557312252965,56.47,9.43442687747035,253,0.27951761432918315
4201802,Atalanta,SC,Sul,80.0,75.2,-4.799999999999997,35,0.27932075625404434
3109501,Cabo Verde,MG,Sudeste,74.46808510638297,75.65,1.1819148936170336,141,0.27889394352335556
1505031,Novo Progresso,PA,Norte,68.0064308681672,70.27,2.2635691318327957,622,0.27884860919841764
4313037,Nova Esperança do Sul,RS,Sul,78.0,80.0,2.0,50,0.2787189951275926
4215208,Romelândia,SC,Sul,60.526315789473685,65.51,4.98368421052632,38,0.278659862104851
2202075,Cajazeiras do Piauí,PI,Nordeste,77.14285714285715,80.0,2.857142857142847,35,0.278638680573594
4204103,Caxambu do Sul,SC,Sul,80.0,74.38,-5.6200000000000045,50,0.2786320300515537
3517000,Getulina,SP,Sudeste,61.72839506172839,64.19,2.4616049382716056,81,0.2782480844972464
3539202,Pirapozinho,SP,Sudeste,69.38775510204081,77.28,7.892244897959188,245,0.2779403757616922
3205200,Vila Velha,ES,Sudeste,80.21242207342415,73.63,-6.582422073424155,4331,0.27779276193943253
1720499,São Valério,TO,Norte,65.71428571428571,72.36,6.645714285714291,70,0.27771907438144033
4312054,Marques de Souza,RS,Sul,78.26086956521739,77.71,-0.5508695652173969,23,0.27765995697961027
4209409,Laguna,SC,Sul,49.39759036144578,54.89,5.492409638554221,83,0.27747731278184373
3202405,Guarapari,ES,Sudeste,81.54724159797084,75.56,-5.987241597970836,1577,0.2772674238020556
3148103,Patrocínio,MG,Sudeste,74.04479578392622,70.47,-3.57479578392622,759,0.2771805236391404
3541703,Quatá,SP,Sudeste,77.57009345794393,72.7,-4.8700934579439235,107,0.27711806945249084
2405801,João Câmara,RN,Nordeste,34.92537313432836,47.23,12.304626865671636,335,0.2769743092277623
3124906,Eugenópolis,MG,Sudeste,68.65671641791045,67.78,-0.8767164179104441,67,0.27688910999972244
3532827,Nova Campina,SP,Sudeste,58.490566037735846,61.82,3.3294339622641544,106,0.27613789294323265
3513207,Cristais Paulista,SP,Sudeste,57.25190839694656,64.42,7.1680916030534405,131,0.2761330329574281
4219853,Zortéa,SC,Sul,62.96296296296296,72.1,9.137037037037032,81,0.27598267316051767
4322608,Venâncio Aires,RS,Sul,70.74829931972789,78.95,8.201700680272111,294,0.27570133778519845
5001003,Aparecida do Taboado,MS,Centro-Oeste,52.7536231884058,65.19,12.4363768115942,345,0.27550408904345397
3110202,Cajuri,MG,Sudeste,65.625,71.67,6.045000000000002,32,0.27525211769475727
2927200,Ruy Barbosa,BA,Nordeste,53.103448275862064,57.94,4.836551724137934,290,0.27522451565359884
2514651,São José do Brejo do Cruz,PB,Nordeste,0.0,58.96,58.96,24,0.27506929044535866
4204806,Curitibanos,SC,Sul,60.738255033557046,63.67,2.931744966442956,298,0.27494635951993435
3540507,Porangaba,SP,Sudeste,68.57142857142857,74.57,5.998571428571424,105,0.27485345129353406
4213302,Ponte Alta,SC,Sul,51.85185185185185,59.52,7.6681481481481555,27,0.27472069526740345
4215406,Salto Veloso,SC,Sul,78.84615384615384,80.0,1.1538461538461604,52,0.27460204150839507
3521200,Iporanga,SP,Sudeste,40.909090909090914,65.63,24.720909090909082,22,0.2743862002425517
3541653,Quadra,SP,Sudeste,63.04347826086957,64.77,1.7265217391304262,46,0.274315304481698
2105922,Lagoa do Mato,MA,Nordeste,83.1858407079646,80.0,-3.1858407079646014,113,0.27426815358213363
4218806,Turvo,SC,Sul,67.67676767676768,69.17,1.49323232323232,99,0.27405878610339957
1502509,Chaves,PA,Norte,57.61904761904761,61.65,4.030952380952385,210,0.27384741150445147
3519907,Iepê,SP,Sudeste,59.77011494252874,65.35,5.579885057471252,87,0.2738473981351944
3517604,Guapiara,SP,Sudeste,68.33333333333333,73.05,4.716666666666669,180,0.27366635945074164
3157377,Santa Cruz de Salinas,MG,Sudeste,82.85714285714286,80.0,-2.857142857142861,35,0.2736012337098888
2205276,Jatobá do Piauí,PI,Nordeste,78.43137254901961,76.62,-1.8113725490196089,51,0.2735268769026614
2602803,Buíque,PE,Nordeste,70.31539888682747,65.75,-4.565398886827467,539,0.27350842463695313
3536406,Paulicéia,SP,Sudeste,71.56862745098039,73.2,1.6313725490196163,102,0.2733897106773812
2314102,Viçosa do Ceará,CE,Nordeste,87.08189158016147,80.0,-7.081891580161468,867,0.27334597694911406
2923407,Palmas de Monte Alto,BA,Nordeste,59.32203389830508,62.04,2.7179661016949197,177,0.2733065236149231
4314134,Paulo Bento,RS,Sul,65.21739130434783,70.81,5.592608695652174,23,0.2725869373068526
3164704,São Sebastião do Paraíso,MG,Sudeste,77.38264580369844,72.31,-5.072645803698435,703,0.2725768412167918
2903300,Barro Preto,BA,Nordeste,52.57731958762887,58.55,5.972680412371126,97,0.272524530854028
4306320,Derrubadas,RS,Sul,54.83870967741935,64.28,9.441290322580649,31,0.272147886762022
2604403,Chã de Alegria,PE,Nordeste,63.49206349206349,71.05,7.55793650793651,126,0.27206392594557766
3203908,Nova Venécia,ES,Sudeste,84.67583497053045,80.0,-4.675834970530445,509,0.2714875693781159
4117404,Ourizona,PR,Sul,91.66666666666666,80.0,-11.666666666666657,36,0.27143974926703485
4310538,Itaara,RS,Sul,63.63636363636363,69.01,5.373636363636372,55,0.2713698865607689
2509370,Mato Grosso,PB,Nordeste,35.714285714285715,58.96,23.245714285714286,14,0.271332029404991
2512705,Remígio,PB,Nordeste,68.96551724137932,68.92,-0.04551724137931501,174,0.271292123290497
4303673,Campestre da Serra,RS,Sul,76.0,80.0,4.0,25,0.2708865888793837
3124708,Estrela do Indaiá,MG,Sudeste,83.33333333333334,80.0,-3.333333333333343,24,0.27067380898701004
3549250,São João de Iracema,SP,Sudeste,57.14285714285714,61.21,4.067142857142862,14,0.270636923163035
2405900,João Dias,RN,Nordeste,58.620689655172406,62.39,3.769310344827595,29,0.27054477387983195
3161502,São Geraldo,MG,Sudeste,83.33333333333334,80.0,-3.333333333333343,72,0.26986486747037236
3148707,Pedra Azul,MG,Sudeste,60.0,68.04,8.040000000000006,230,0.2691947424764193
2310001,Palhano,CE,Nordeste,79.06976744186046,74.9,-4.169767441860458,86,0.2687010999564698
3543105,Ribeirão Corrente,SP,Sudeste,80.7017543859649,75.6,-5.1017543859649095,57,0.26869986446189265
3528809,Maracaí,SP,Sudeste,81.35593220338984,80.0,-1.355932203389841,118,0.2686533617252625
4312005,Mariano Moro,RS,Sul,90.9090909090909,80.0,-10.909090909090907,11,0.2685186099779039
3532405,Nazaré Paulista,SP,Sudeste,61.44578313253012,62.75,1.3042168674698829,166,0.268378187914447
4125456,São José das Palmeiras,PR,Sul,81.13207547169812,80.0,-1.1320754716981156,53,0.26826336566209835
2513406,Santa Luzia,PB,Nordeste,69.07894736842105,66.92,-2.158947368421053,152,0.2680168609835037
4125506,São José dos Pinhais,PR,Sul,74.39150699119628,73.18,-1.2115069911962735,3862,0.26790520754067704
3161601,São Geraldo da Piedade,MG,Sudeste,75.0,74.22,-0.7800000000000011,36,0.2678491269904573
3533502,Novo Horizonte,SP,Sudeste,72.83236994219652,70.33,-2.5023699421965233,346,0.2672955666127995
2607604,Ilha de Itamaracá,PE,Nordeste,51.569506726457405,66.08,14.510493273542593,223,0.2672130264820727
2508307,Lagoa Seca,PB,Nordeste,79.18367346938776,72.85,-6.333673469387762,245,0.2671741199474159
2203453,Dom Inocêncio,PI,Nordeste,82.35294117647058,80.0,-2.35294117647058,85,0.267123333173242
1600253,Itaubal,AP,Norte,56.56565656565656,64.68,8.114343434343446,99,0.2667316656629294
3535804,Paranapanema,SP,Sudeste,64.31535269709543,64.08,-0.23535269709543627,241,0.2666678958605256
3119708,Coronel Xavier Chaves,MG,Sudeste,78.57142857142857,75.91,-2.661428571428573,42,0.26652666243696715
2411601,São Bento do Norte,RN,Nordeste,52.63157894736842,68.42,15.788421052631584,38,0.26627138788501165
4217956,Tigrinhos,SC,Sul,82.5,79.47,-3.030000000000001,40,0.2662065506751814
3203601,Mucurici,ES,Sudeste,86.58536585365853,80.0,-6.58536585365853,82,0.26596406735554057
3157252,Santa Bárbara do Leste,MG,Sudeste,74.31192660550458,73.91,-0.4019266055045847,109,0.26501076997000333
4212403,Pedras Grandes,SC,Sul,86.27450980392157,80.0,-6.274509803921575,51,0.2648143284466122
3527256,Lourdes,SP,Sudeste,75.0,76.72,1.7199999999999989,20,0.2640606466353646
3542008,Quintana,SP,Sudeste,63.51351351351351,65.32,1.8064864864864845,74,0.2637394309079011
3542305,Redenção da Serra,SP,Sudeste,83.72093023255815,80.0,-3.720930232558146,43,0.263578505064517
3203320,Marataízes,ES,Sudeste,77.50865051903114,76.33,-1.1786505190311374,578,0.26357532687754154
4205456,Forquilhinha,SC,Sul,73.90180878552972,68.9,-5.001808785529718,387,0.263324764155506
3532157,Nantes,SP,Sudeste,67.74193548387096,69.17,1.4280645161290408,31,0.26324644599083175
5219605,Santa Tereza de Goiás,GO,Centro-Oeste,60.0,80.0,20.0,35,0.2631279048528921
4311239,Lagoa Bonita do Sul,RS,Sul,70.37037037037037,75.05,4.6796296296296305,27,0.2625207152381624
2415008,Vila Flor,RN,Nordeste,34.61538461538461,44.51,9.894615384615385,52,0.2623511086705212
3522158,Itaoca,SP,Sudeste,81.81818181818183,69.99,-11.828181818181832,11,0.2623064195065077
2601904,Bezerros,PE,Nordeste,65.81027667984189,65.2,-0.6102766798418884,506,0.26218574479800105
3531209,Monte Alegre do Sul,SP,Sudeste,67.03296703296702,67.07,0.03703296703297099,91,0.26209942079045995
3557303,Estiva Gerbi,SP,Sudeste,61.71875,61.84,0.12125000000000341,128,0.2617616719398728
4212205,Papanduva,SC,Sul,75.42857142857143,74.89,-0.53857142857143,175,0.2617494668460552
3528106,Macaubal,SP,Sudeste,85.91549295774648,80.0,-5.91549295774648,71,0.26166263124869266
2104057,Estreito,MA,Nordeste,65.34883720930232,66.96,1.6111627906976764,430,0.26157646524386413
3112703,Capitão Enéas,MG,Sudeste,71.19565217391305,70.49,-0.7056521739130517,184,0.26150454002823403
4202578,Bom Jesus do Oeste,SC,Sul,71.875,76.34,4.465000000000003,32,0.26144672662537577
2304277,Ereré,CE,Nordeste,86.20689655172413,80.0,-6.206896551724128,58,0.2609189972009357
4323507,Vista Alegre,RS,Sul,75.0,80.0,5.0,20,0.26085426258159705
4219200,Vidal Ramos,SC,Sul,80.0,76.33,-3.6700000000000017,60,0.2607892916826837
3304151,Quissamã,RJ,Sudeste,76.40845070422534,72.69,-3.718450704225347,284,0.260786196281638
4219309,Videira,SC,Sul,67.3469387755102,68.18,0.8330612244898106,441,0.26024315002190773
3547502,Santa Rita do Passa Quatro,SP,Sudeste,68.38235294117648,70.73,2.347647058823526,136,0.25990370491386283
4111902,Jaguapitã,PR,Sul,83.6842105263158,77.91,-5.774210526315798,190,0.2598012641325713
2911253,Gavião,BA,Nordeste,56.00000000000001,69.78,13.779999999999994,25,0.2597081363858466
3515152,Engenheiro Coelho,SP,Sudeste,59.90338164251207,66.16,6.256618357487923,207,0.2595916228558889
3140001,Mariana,MG,Sudeste,74.2663656884876,66.38,-7.886365688487601,443,0.25951537934872965
2506103,Fagundes,PB,Nordeste,62.19512195121951,69.9,7.704878048780493,82,0.2594498324041633
2300754,Amontada,CE,Nordeste,86.5353037766831,80.0,-6.535303776683094,609,0.2592898385087191
2920452,Mansidão,BA,Nordeste,46.55172413793103,53.22,6.668275862068967,116,0.25898560243868457
1303569,Rio Preto da Eva,AM,Norte,49.193548387096776,56.17,6.976451612903226,372,0.25867675087559644
2918803,Laje,BA,Nordeste,64.59627329192547,62.63,-1.966273291925468,161,0.25856421729976886
3145455,Olhos-d'Água,MG,Sudeste,74.69879518072288,73.71,-0.9887951807228887,83,0.2583463118837507
3500204,Adolfo,SP,Sudeste,72.22222222222221,71.34,-0.8822222222222109,54,0.258185252161646
3507159,Bom Sucesso de Itararé,SP,Sudeste,62.5,67.69,5.189999999999998,56,0.25740959547308057
1100080,Costa Marques,RO,Norte,75.22935779816514,80.0,4.77064220183486,218,0.2572768887894161
4121109,Quinta do Sol,PR,Sul,79.3103448275862,78.19,-1.1203448275862087,58,0.25695823106808763
2607109,Ingazeira,PE,Nordeste,84.84848484848484,79.19,-5.6584848484848465,33,0.25694626540765014
4211652,Novo Horizonte,SC,Sul,76.66666666666667,80.0,3.3333333333333286,30,0.25674709000355134
2929354,São José da Vitória,BA,Nordeste,41.25,53.62,12.369999999999997,80,0.2565687934509305
4300109,Agudo,RS,Sul,66.10169491525424,67.58,1.478305084745756,118,0.25641840332373134
1101401,Monte Negro,RO,Norte,80.23255813953489,75.75,-4.482558139534888,172,0.25626308809469944
2908507,Conceição do Jacuípe,BA,Nordeste,51.37931034482759,55.55,4.17068965517241,290,0.2557328951306537
3551900,Severínia,SP,Sudeste,60.0,60.18,0.17999999999999972,150,0.25558358313365465
2804805,Nossa Senhora do Socorro,SE,Nordeste,39.371428571428574,44.93,5.558571428571426,1750,0.25555425902189843
1502400,Castanhal,PA,Norte,43.371212121212125,49.7,6.328787878787878,2112,0.25543610079094836
2103000,Caxias,MA,Nordeste,61.370916079436256,61.08,-0.29091607943625775,1561,0.25537217134282764
2515930,Sertãozinho,PB,Nordeste,66.66666666666666,65.47,-1.1966666666666583,54,0.25533804480991595
3149002,Pedra Dourada,MG,Sudeste,66.66666666666666,66.37,-0.29666666666665265,33,0.2553088007071797
1705102,Chapada da Natividade,TO,Norte,53.65853658536586,63.91,10.251463414634138,41,0.25520176325343197
1100924,Chupinguaia,RO,Norte,74.69135802469135,80.0,5.308641975308646,162,0.2551402428124881
3513702,Descalvado,SP,Sudeste,70.95709570957096,69.22,-1.7370957095709656,303,0.25509093232898433
3132305,Itaipé,MG,Sudeste,65.55555555555556,68.27,2.714444444444439,90,0.254827271107895
3546405,Santa Cruz do Rio Pardo,SP,Sudeste,67.25352112676056,65.85,-1.403521126760566,284,0.25474975640630076
2615904,Tuparetama,PE,Nordeste,81.14754098360656,78.38,-2.7675409836065654,122,0.2545611153078549
2913002,Ibitiara,BA,Nordeste,66.29213483146067,70.64,4.347865168539329,89,0.2544001443460743
4315909,Rodeio Bonito,RS,Sul,81.63265306122449,80.0,-1.632653061224488,49,0.25433193183036584
4210407,Maracajá,SC,Sul,65.34653465346535,68.79,3.4434653465346514,101,0.25406122414162163
2706505,Passo de Camaragibe,AL,Nordeste,55.223880597014926,60.12,4.896119402985072,201,0.25386215309314564
3507605,Bragança Paulista,SP,Sudeste,65.35593220338983,65.48,0.12406779661017708,1475,0.25376427646482685
3150109,Piau,MG,Sudeste,55.00000000000001,52.49,-2.510000000000005,20,0.25353898662541824
1718402,Presidente Kennedy,TO,Norte,70.45454545454545,74.34,3.88545454545455,44,0.25339045278431604
3536307,Patrocínio Paulista,SP,Sudeste,66.45962732919256,61.58,-4.879627329192559,161,0.25330751990770384
2601052,Araçoiaba,PE,Nordeste,57.6271186440678,62.15,4.522881355932199,236,0.2529389715869074
2406502,Lagoa Nova,RN,Nordeste,48.275862068965516,55.82,7.544137931034484,174,0.25283496560514035
3133303,Itaobim,MG,Sudeste,64.75770925110133,64.27,-0.4877092511013359,227,0.2526633056173885
4201653,Arvoredo,SC,Sul,85.71428571428571,77.62,-8.094285714285704,35,0.2523551422900781
4200200,Agrolândia,SC,Sul,75.77639751552795,80.0,4.223602484472053,161,0.2523207551312197
4212239,Paraíso,SC,Sul,73.46938775510205,80.0,6.530612244897952,49,0.2522040185831108
4212106,Palmitos,SC,Sul,69.23076923076923,68.64,-0.5907692307692258,130,0.25218278224023394
2931400,Teodoro Sampaio,BA,Nordeste,52.17391304347826,59.55,7.376086956521739,46,0.25208266050652267
3549201,São João das Duas Pontes,SP,Sudeste,76.66666666666667,80.0,3.3333333333333286,30,0.25202292985839925
3537404,Pereira Barreto,SP,Sudeste,67.98029556650246,72.64,4.659704433497538,203,0.25154248366479803
3501152,Alumínio,SP,Sudeste,62.58064516129033,63.67,1.0893548387096743,155,0.251384108650893
3169356,Três Marias,MG,Sudeste,79.12457912457911,73.77,-5.354579124579118,297,0.25132090994920353
2802908,Itabaiana,SE,Nordeste,42.432814710042436,50.37,7.9371852899575615,707,0.2511588184050183
2803203,Itaporanga d'Ajuda,SE,Nordeste,37.77777777777778,48.63,10.852222222222224,360,0.25103316853567054
4116950,Nova Esperança do Sudoeste,PR,Sul,81.25,80.0,-1.25,64,0.25060836603359593
2902609,Baixa Grande,BA,Nordeste,56.71641791044776,56.77,0.05358208955224342,134,0.2503106434978698
2906303,Canavieiras,BA,Nordeste,46.95121951219512,52.05,5.098780487804881,328,0.24995642651578734
1600154,Pedra Branca do Amapari,AP,Norte,68.66666666666667,72.7,4.033333333333331,150,0.2498456782617191
2406700,Lajes,RN,Nordeste,43.47826086956522,52.14,8.661739130434782,115,0.24977431123172078
3509452,Campina do Monte Alegre,SP,Sudeste,55.84415584415584,62.18,6.335844155844157,77,0.24969469307843195
4202081,Bandeirante,SC,Sul,70.73170731707317,74.68,3.9482926829268337,41,0.24942673698807458
3549300,São João do Pau d'Alho,SP,Sudeste,84.21052631578947,80.0,-4.2105263157894655,19,0.24941631254648816
4103503,Califórnia,PR,Sul,80.18867924528303,80.0,-0.18867924528302638,106,0.24932581094592482
4301503,Augusto Pestana,RS,Sul,86.20689655172413,80.0,-6.206896551724128,29,0.2492899965130646
3549607,São José do Barreiro,SP,Sudeste,58.69565217391305,57.73,-0.9656521739130497,46,0.2492007542676017
1508308,Viseu,PA,Norte,50.903614457831324,55.53,4.626385542168677,664,0.24919331935552705
2205854,Madeiro,PI,Nordeste,70.1923076923077,70.58,0.3876923076923049,104,0.24916385463868856
3518206,Guararapes,SP,Sudeste,63.084112149532714,68.63,5.545887850467281,214,0.24878278148251579
2403707,Felipe Guerra,RN,Nordeste,68.08510638297872,66.69,-1.3951063829787245,47,0.2481545931244616
2909802,Cruz das Almas,BA,Nordeste,53.47826086956522,55.76,2.2817391304347794,460,0.24812343858146574
3514957,Embaúba,SP,Sudeste,85.71428571428571,80.0,-5.714285714285708,21,0.2479634955704991
3100708,Água Comprida,MG,Sudeste,84.21052631578947,80.0,-4.2105263157894655,38,0.24788247605695218
2505204,Cuitegi,PB,Nordeste,43.24324324324324,52.23,8.986756756756755,37,0.24777227728640475
1101476,Primavera de Rondônia,RO,Norte,81.3953488372093,80.0,-1.3953488372092977,43,0.24766516353933532
3202801,Itapemirim,ES,Sudeste,76.77543186180422,70.01,-6.765431861804217,521,0.247612430128381
4314027,Paraíso do Sul,RS,Sul,80.95238095238095,80.0,-0.952380952380949,42,0.247610851319316
3305133,São José de Ubá,RJ,Sudeste,80.3921568627451,77.3,-3.0921568627450995,51,0.24738127339639565
3150570,Pintópolis,MG,Sudeste,60.97560975609756,63.36,2.3843902439024376,123,0.24729440082895257
2902252,Arataca,BA,Nordeste,31.08108108108108,42.13,11.048918918918922,74,0.24713112562738798
3532207,Narandiba,SP,Sudeste,61.29032258064516,66.08,4.789677419354838,62,0.24678255884719236
3109402,Buritizeiro,MG,Sudeste,59.876543209876544,57.62,-2.256543209876547,324,0.24588308176639412
3541208,Presidente Bernardes,SP,Sudeste,72.88135593220339,71.68,-1.2013559322033842,59,0.24587045862195944
4316758,Santa Clara do Sul,RS,Sul,79.72972972972973,80.0,0.2702702702702737,74,0.2457455479910364
3521507,Irapuã,SP,Sudeste,75.67567567567568,74.4,-1.2756756756756715,74,0.24489402684085226
2200954,Aroeiras do Itaim,PI,Nordeste,40.909090909090914,66.16,25.250909090909083,22,0.24452764778009833
3142502,Monjolos,MG,Sudeste,85.71428571428571,80.0,-5.714285714285708,21,0.24451745828636728
2111029,São João do Carú,MA,Nordeste,76.84210526315789,72.15,-4.692105263157885,190,0.24445133556433318
2507309,Jacaraú,PB,Nordeste,53.52112676056338,55.84,2.318873239436627,142,0.24441233576166402
3126703,Francisco Sá,MG,Sudeste,60.97560975609756,59.89,-1.0856097560975613,82,0.2441394624347508
4316972,Santa Margarida do Sul,RS,Sul,58.06451612903226,60.33,2.265483870967735,31,0.24401252515779703
3533809,Óleo,SP,Sudeste,66.66666666666666,68.1,1.4333333333333371,18,0.24382187525810128
3162252,São João da Lagoa,MG,Sudeste,59.57446808510638,64.42,4.84553191489362,47,0.2438125623559428
4212254,Passo de Torres,SC,Sul,65.80310880829016,67.45,1.646891191709841,193,0.24364858280885696
3528908,Mariápolis,SP,Sudeste,68.18181818181817,66.0,-2.1818181818181728,22,0.243601096120653
4108007,Florestópolis,PR,Sul,85.07462686567165,71.76,-13.314626865671642,67,0.2434743770866266
3139508,Manhumirim,MG,Sudeste,70.61855670103093,73.9,3.28144329896908,194,0.2434532131444703
3141702,Mesquita,MG,Sudeste,67.44186046511628,66.08,-1.3618604651162798,43,0.24304280417545862
3545159,Saltinho,SP,Sudeste,71.56862745098039,72.37,0.801372549019618,102,0.24284357734995363
3545704,Santa Albertina,SP,Sudeste,74.19354838709677,72.37,-1.8235483870967641,62,0.24250365689832412
4312153,Mato Leitão,RS,Sul,79.48717948717949,80.0,0.512820512820511,39,0.24239569833722444
1502202,Capanema,PA,Norte,65.00672947510094,70.55,5.543270524899057,743,0.24233150143896598
4316477,Salvador das Missões,RS,Sul,90.9090909090909,80.0,-10.909090909090907,11,0.2423119038440456
3515186,Espírito Santo do Pinhal,SP,Sudeste,75.0,72.28,-2.719999999999999,156,0.24208233317516356
4305447,Chuvisca,RS,Sul,69.23076923076923,75.16,5.92923076923077,39,0.24196971381831636
3509957,Canas,SP,Sudeste,67.6056338028169,66.28,-1.3256338028168955,71,0.2419574339890914
2603702,Canhotinho,PE,Nordeste,60.59322033898306,63.51,2.916779661016939,236,0.2417222983175863
4215653,Santa Rosa do Sul,SC,Sul,68.42105263157895,67.26,-1.16105263157894,114,0.2416464348920158
4311643,Linha Nova,RS,Sul,90.9090909090909,80.0,-10.909090909090907,11,0.2416093473291361
4113700,Londrina,PR,Sul,80.59582919563059,76.64,-3.955829195630585,5035,0.24141817485464906
3205036,Vargem Alta,ES,Sudeste,82.71604938271605,75.1,-7.6160493827160565,243,0.24136507785312844
4120655,Quarto Centenário,PR,Sul,83.33333333333334,79.93,-3.403333333333336,60,0.24134021023549035
3511706,Charqueada,SP,Sudeste,58.92857142857143,61.54,2.6114285714285685,224,0.23975238873062182
3520905,Ipaussu,SP,Sudeste,68.75,67.41,-1.3400000000000034,144,0.23965034572451335
2201770,Boa Hora,PI,Nordeste,67.21311475409836,68.91,1.6968852459016404,61,0.2393425778947265
2209401,Santo Antônio de Lisboa,PI,Nordeste,67.64705882352942,70.16,2.5129411764705765,34,0.23924155461505794
4203907,Capinzal,SC,Sul,78.92857142857143,75.8,-3.1285714285714334,280,0.2392017673324771
2804003,Maruim,SE,Nordeste,36.45833333333333,46.27,9.811666666666675,96,0.23917097862592238
2919926,Madre de Deus,BA,Nordeste,58.82352941176471,59.37,0.5464705882352874,153,0.23915274035114947
3537503,Pereiras,SP,Sudeste,65.17857142857143,65.16,-0.018571428571434012,112,0.23910461525377197
4103370,Brasilândia do Sul,PR,Sul,75.0,76.88,1.8799999999999955,44,0.23889401277926597
3135407,Jeceaba,MG,Sudeste,66.66666666666666,73.37,6.703333333333347,57,0.23885568775977542
3137205,Lagoa da Prata,MG,Sudeste,81.59509202453987,75.95,-5.6450920245398635,326,0.23859836088910286
3503158,Arapeí,SP,Sudeste,46.42857142857143,63.4,16.971428571428568,28,0.23843861840565983
3102704,Cachoeira de Pajeú,MG,Sudeste,70.37037037037037,69.7,-0.6703703703703638,81,0.23821016162003075
1200138,Bujari,AC,Norte,35.82089552238806,44.74,8.919104477611945,134,0.23811455103592177
2919306,Lençóis,BA,Nordeste,62.7906976744186,56.7,-6.0906976744186,86,0.23800081632343556
4321626,Travesseiro,RS,Sul,75.86206896551724,80.0,4.137931034482762,29,0.23796549634712802
2920106,Mairi,BA,Nordeste,56.060606060606055,59.43,3.3693939393939445,132,0.2379164675030462
3112059,Cantagalo,MG,Sudeste,61.40350877192983,69.64,8.236491228070172,57,0.23791503508254427
2100956,Arame,MA,Nordeste,82.44274809160305,77.91,-4.532748091603054,131,0.23784932237278544
3534906,Pacaembu,SP,Sudeste,73.33333333333333,71.87,-1.463333333333324,75,0.23780716360022341
3305505,Saquarema,RJ,Sudeste,70.06172839506173,71.33,1.2682716049382634,1296,0.23752868014563955
5107156,Reserva do Cabaçal,MT,Centro-Oeste,61.53846153846154,77.92,16.38153846153846,39,0.23749235879200856
3135803,Jequitinhonha,MG,Sudeste,61.19402985074627,61.2,0.0059701492537342915,134,0.2373765078732382
2609154,Manari,PE,Nordeste,64.45497630331754,67.97,3.515023696682462,211,0.23681349721159536
3538709,Piracicaba,SP,Sudeste,67.48864373783258,66.88,-0.6086437378325797,3082,0.2367029728794624
2104503,Governador Archer,MA,Nordeste,82.29166666666666,80.0,-2.291666666666657,96,0.236633961615096
2403905,Francisco Dantas,RN,Nordeste,61.29032258064516,61.76,0.46967741935483787,31,0.2366006541151284
4305603,Colorado,RS,Sul,81.81818181818183,71.38,-10.438181818181832,11,0.23611989149493284
2208007,Picos,PI,Nordeste,63.064516129032256,65.96,2.8954838709677375,620,0.23607309003142865
2706448,Paripueira,AL,Nordeste,49.404761904761905,66.2,16.795238095238098,168,0.2360371700443221
3157401,Santa Cruz do Escalvado,MG,Sudeste,56.25,66.78,10.530000000000001,16,0.23572177585388096
1100403,Alto Paraíso,RO,Norte,76.30057803468208,70.32,-5.9805780346820825,173,0.23558633116510086
2612000,Sairé,PE,Nordeste,70.58823529411765,73.44,2.8517647058823457,68,0.23556134618853947
3200508,Apiacá,ES,Sudeste,71.7948717948718,68.74,-3.0548717948718007,78,0.2355083277950217
2915403,Itaju do Colônia,BA,Nordeste,24.691358024691358,45.21,20.518641975308643,81,0.23538616094571224
3127701,Governador Valadares,MG,Sudeste,72.59062776304155,65.5,-7.090627763041553,1131,0.23529317365759145
4308433,Forquetinha,RS,Sul,60.71428571428571,69.95,9.235714285714295,28,0.23506762705412285
2513968,São Domingos,PB,Nordeste,86.20689655172413,80.0,-6.206896551724128,29,0.23481832563613883
3524600,Jacupiranga,SP,Sudeste,77.30061349693251,71.49,-5.810613496932518,163,0.23481769571475583
4320578,Sete de Setembro,RS,Sul,92.3076923076923,79.19,-13.117692307692309,13,0.23448853365873196
2512101,Pombal,PB,Nordeste,74.5704467353952,68.87,-5.7004467353951895,291,0.2344154346497472
4215000,Rio Negrinho,SC,Sul,71.77033492822966,69.61,-2.160334928229659,418,0.23413207801077154
2918555,Jussari,BA,Nordeste,51.28205128205128,56.5,5.2179487179487225,78,0.23411718555304664
2109809,Santa Helena,MA,Nordeste,70.17543859649122,68.1,-2.0754385964912245,228,0.23399785149507663
2916401,Itapetinga,BA,Nordeste,57.32574679943101,58.75,1.424253200568991,703,0.23397923929687
3515194,Espírito Santo do Turvo,SP,Sudeste,69.0909090909091,68.82,-0.2709090909091003,55,0.23394531621118983
3200706,Atílio Vivácqua,ES,Sudeste,81.15942028985508,77.01,-4.1494202898550725,138,0.2334985502820956
2202554,Caridade do Piauí,PI,Nordeste,69.33333333333334,70.26,0.9266666666666623,75,0.23292254287976802
4304671,Capivari do Sul,RS,Sul,54.0,59.68,5.68,50,0.23290604994499806
2401453,Baraúna,RN,Nordeste,47.97979797979798,54.08,6.100202020202019,198,0.2328263987890385
5212600,Mairipotaba,GO,Centro-Oeste,60.71428571428571,80.0,19.285714285714292,28,0.23236358631819745
5106851,Porto Estrela,MT,Centro-Oeste,68.29268292682927,80.0,11.707317073170728,41,0.23234009474413228
2211506,Vera Mendes,PI,Nordeste,86.11111111111111,80.0,-6.111111111111114,36,0.23233692099146747
3124104,Esmeraldas,MG,Sudeste,66.19115549215407,64.81,-1.3811554921540647,701,0.2322676250337361
1501006,Aveiro,PA,Norte,64.60176991150442,68.15,3.548230088495586,113,0.23213330018101438
3530003,Mira Estrela,SP,Sudeste,65.71428571428571,69.99,4.275714285714287,35,0.23204061608674115
4122404,Rolândia,PR,Sul,80.406852248394,76.39,-4.016852248394002,934,0.23199635902612875
2505501,Vista Serrana,PB,Nordeste,0.0,61.27,61.27,32,0.2319391867513935
4109302,Guaraniaçu,PR,Sul,81.57894736842105,80.0,-1.5789473684210549,190,0.23187279674950603
1709807,Ipueiras,TO,Norte,41.17647058823529,50.84,9.663529411764713,17,0.23179403494138143
4304622,Capão Bonito do Sul,RS,Sul,72.22222222222221,66.43,-5.7922222222222075,18,0.2317803145920654
4211603,Nova Veneza,SC,Sul,77.34375,74.4,-2.9437499999999943,128,0.23130062530240503
4319802,São Vicente do Sul,RS,Sul,76.36363636363637,78.5,2.136363636363626,55,0.23098378541665712
2511400,Picuí,PB,Nordeste,69.68325791855203,65.74,-3.9432579185520353,221,0.23062904202506185
4104204,Campo Largo,PR,Sul,77.32919254658384,76.36,-0.9691925465838409,1610,0.23051389248131718
4308078,Fazenda Vilanova,RS,Sul,75.47169811320755,80.0,4.528301886792448,53,0.23051243004502564
1710706,Itaguatins,TO,Norte,43.47826086956522,54.42,10.941739130434783,69,0.23030303470247293
4322905,Viadutos,RS,Sul,83.33333333333334,80.0,-3.333333333333343,30,0.230255852699393
3536802,Pedra Bela,SP,Sudeste,59.57446808510638,59.56,-0.014468085106379647,47,0.23022983673113867
2915106,Itagi,BA,Nordeste,56.91056910569105,57.65,0.7394308943089456,123,0.2298665401907766
4120507,Primeiro de Maio,PR,Sul,61.627906976744185,65.18,3.5520930232558214,86,0.22984114362212518
1303007,Nhamundá,AM,Norte,71.65354330708661,71.9,0.246456692913398,127,0.2295227775778573
1721208,Tocantinópolis,TO,Norte,48.529411764705884,55.61,7.080588235294115,272,0.2292600628652941
2806107,Rosário do Catete,SE,Nordeste,58.415841584158414,58.49,0.07415841584158755,101,0.22916093403835705
2602407,Brejão,PE,Nordeste,74.76635514018692,73.09,-1.6763551401869137,107,0.22910649964355329
4321857,Três Palmeiras,RS,Sul,73.58490566037736,80.0,6.415094339622641,53,0.22897425852386893
2404002,Frutuoso Gomes,RN,Nordeste,10.714285714285714,45.07,34.355714285714285,28,0.22872297246734827
4206603,Guarujá do Sul,SC,Sul,81.94444444444444,80.0,-1.9444444444444429,72,0.22838009194705672
3539004,Pirangi,SP,Sudeste,86.13861386138613,80.0,-6.138613861386133,101,0.22791791743785053
4312658,Não-Me-Toque,RS,Sul,64.28571428571429,72.64,8.354285714285709,154,0.2278466740095279
3553203,Taiúva,SP,Sudeste,79.24528301886792,73.65,-5.595283018867917,53,0.22765370720082548
2924603,Pindobaçu,BA,Nordeste,46.464646464646464,55.46,8.995353535353537,198,0.22721698284503575
2109106,Presidente Dutra,MA,Nordeste,67.46506986027944,66.9,-0.5650698602794364,501,0.22700080828987185
2114007,Zé Doca,MA,Nordeste,81.3953488372093,80.0,-1.3953488372092977,473,0.22685312404447777
1600105,Amapá,AP,Norte,44.927536231884055,53.55,8.622463768115942,138,0.2268082296418556
4218103,Timbé do Sul,SC,Sul,75.60975609756098,75.28,-0.3297560975609741,82,0.22677025832768122
3501608,Americana,SP,Sudeste,72.83311772315653,68.82,-4.01311772315654,773,0.22636040916844036
3123601,Elói Mendes,MG,Sudeste,72.68518518518519,68.49,-4.195185185185196,216,0.22634562839989666
5204201,Cachoeira de Goiás,GO,Centro-Oeste,63.63636363636363,72.07,8.43363636363636,11,0.22632424761324094
3138906,Machacalis,MG,Sudeste,76.31578947368422,70.56,-5.755789473684217,76,0.22630779857176292
4311791,Maratá,RS,Sul,77.77777777777779,73.5,-4.277777777777786,27,0.22625005207763563
3548104,Santo Antônio do Jardim,SP,Sudeste,79.6875,75.37,-4.3174999999999955,64,0.2261247903002902
4302238,Boa Vista do Incra,RS,Sul,78.57142857142857,75.29,-3.281428571428563,28,0.2257948350813077
2903706,Boa Nova,BA,Nordeste,53.41614906832298,61.34,7.923850931677023,161,0.2256073970981487
2300101,Abaiara,CE,Nordeste,82.35294117647058,80.0,-2.35294117647058,119,0.22550810204427466
2615201,Terra Nova,PE,Nordeste,73.10924369747899,70.57,-2.5392436974789945,119,0.22550339020491486
3543238,Ribeirão dos Índios,SP,Sudeste,73.33333333333333,74.92,1.586666666666673,15,0.2254918742658547
4321204,Taquara,RS,Sul,65.27777777777779,71.53,6.2522222222222155,288,0.22541444333905658
4120150,Porto Barreiro,PR,Sul,87.87878787878788,80.0,-7.878787878787875,33,0.22540268537756628
2513000,Salgadinho,PB,Nordeste,80.0,76.04,-3.9599999999999937,30,0.22526849059857004
4309605,Horizontina,RS,Sul,68.16143497757847,75.25,7.088565022421534,223,0.22517704900972982
4305116,Centenário,RS,Sul,85.71428571428571,76.76,-8.954285714285703,14,0.22514350488323343
4315313,Quatro Irmãos,RS,Sul,62.5,65.96,3.4599999999999937,16,0.22512704248216825
4312757,Nova Alvorada,RS,Sul,85.71428571428571,80.0,-5.714285714285708,28,0.22509883006910958
4313391,Novo Cabrais,RS,Sul,77.77777777777779,80.0,2.2222222222222143,36,0.22508304490417277
3545605,Santa Adélia,SP,Sudeste,62.22222222222222,69.9,7.677777777777784,135,0.22497031783174787
3520509,Indaiatuba,SP,Sudeste,71.94978422910945,68.79,-3.159784229109448,2549,0.22488812766876182
4107900,Floresta,PR,Sul,73.2620320855615,77.99,4.727967914438494,187,0.2247555360231287
4304655,Capão do Cipó,RS,Sul,71.42857142857143,80.0,8.57142857142857,28,0.22440519236901388
2610608,Paudalho,PE,Nordeste,75.73529411764706,71.05,-4.685294117647061,544,0.22434220488682002
2414100,Tenente Ananias,RN,Nordeste,58.82352941176471,60.59,1.7664705882352933,85,0.22417792870202552
3520707,Indiaporã,SP,Sudeste,77.77777777777779,73.37,-4.407777777777781,27,0.2241373258207904
4212007,Palma Sola,SC,Sul,85.48387096774194,80.0,-5.483870967741936,62,0.22385851583972105
2404853,Itajá,RN,Nordeste,66.23376623376623,68.01,1.7762337662337728,77,0.22383527902314643
1702158,Araguanã,TO,Norte,53.70370370370371,57.63,3.926296296296293,54,0.22335587983024466
2604700,Correntes,PE,Nordeste,56.493506493506494,65.37,8.87649350649351,154,0.22333819931491067
3158409,Santana de Cataguases,MG,Sudeste,88.23529411764706,80.0,-8.235294117647058,34,0.22328749954258786
2107407,Olho d'Água das Cunhãs,MA,Nordeste,69.66292134831461,66.47,-3.192921348314613,178,0.22327782151025516
1100502,Novo Horizonte do Oeste,RO,Norte,84.76190476190476,75.93,-8.831904761904752,105,0.2231761163045517
2208205,Pio IX,PI,Nordeste,54.63917525773196,56.15,1.510824742268042,194,0.2230770542582207
4211058,Monte Carlo,SC,Sul,72.79411764705883,71.44,-1.3541176470588283,136,0.22299729770883236
3110103,Caiana,MG,Sudeste,61.76470588235294,68.81,7.04529411764706,34,0.22295605105814006
3107901,Bom Repouso,MG,Sudeste,66.2420382165605,67.8,1.5579617834394952,157,0.222279852292942
3144300,Nanuque,MG,Sudeste,67.36842105263158,65.46,-1.9084210526315815,95,0.22222360238589378
2504801,Coremas,PB,Nordeste,65.04065040650406,73.12,8.079349593495948,123,0.22221975119204365
1501808,Breves,PA,Norte,60.36199095022624,61.21,0.8480090497737578,1105,0.22203033603238653
3555307,Turmalina,SP,Sudeste,64.70588235294117,62.01,-2.695882352941176,17,0.22183193439581603
3151107,Pirapetinga,MG,Sudeste,73.7864077669903,70.89,-2.8964077669902935,103,0.22150884778219687
2210953,Tamboril do Piauí,PI,Nordeste,73.17073170731707,73.98,0.8092682926829298,41,0.22148605364530735
4305850,Coqueiros do Sul,RS,Sul,88.23529411764706,80.0,-8.235294117647058,17,0.22110554589495784
2602308,Bonito,PE,Nordeste,73.77049180327869,67.88,-5.890491803278692,366,0.22108827159536726
4123204,Santa Cecília do Pavão,PR,Sul,73.91304347826086,80.0,6.08695652173914,46,0.2210832865635277
1505502,Paragominas,PA,Norte,68.90699253224712,70.78,1.8730074677528847,1473,0.22102210423616855
3540903,Pradópolis,SP,Sudeste,76.68711656441718,76.83,0.14288343558281724,163,0.2210008887081289
1504406,Marapanim,PA,Norte,47.32142857142857,51.88,4.558571428571433,224,0.2209344212479095
2509800,Mulungu,PB,Nordeste,64.21052631578948,67.66,3.449473684210517,95,0.22083841970670187
3556958,Vitória Brasil,SP,Sudeste,100.0,72.91,-27.090000000000003,11,0.22073931041759942
2409308,Patu,RN,Nordeste,47.05882352941176,54.18,7.121176470588239,85,0.22070464071763463
2926301,Riachão do Jacuípe,BA,Nordeste,56.111111111111114,58.04,1.9288888888888849,180,0.2205010865341254
2513307,Santa Helena,PB,Nordeste,61.904761904761905,65.9,3.9952380952381006,63,0.22048449278226098
4316105,Ronda Alta,RS,Sul,71.69811320754717,77.4,5.701886792452839,53,0.22034177990382345
2412302,São José do Campestre,RN,Nordeste,42.30769230769231,43.28,0.9723076923076945,52,0.2203361472096733
3153202,Presidente Juscelino,MG,Sudeste,86.36363636363636,80.0,-6.36363636363636,22,0.22033172936873582
4302659,Brochier,RS,Sul,67.44186046511628,71.97,4.528139534883721,43,0.22025524736956154
4320677,Sinimbu,RS,Sul,72.05882352941177,74.43,2.3711764705882388,68,0.22011863932143158
2606309,Granito,PE,Nordeste,62.5,65.73,3.230000000000004,144,0.21995328322927263
3141306,Medeiros,MG,Sudeste,85.71428571428571,80.0,-5.714285714285708,42,0.2198888824498873
5213509,Monte Alegre de Goiás,GO,Centro-Oeste,70.73170731707317,76.64,5.908292682926827,82,0.21943782258283143
3203106,Jerônimo Monteiro,ES,Sudeste,80.60606060606061,74.69,-5.916060606060611,165,0.2193120192512191
2705101,Matriz de Camaragibe,AL,Nordeste,55.218855218855225,56.14,0.9211447811447755,297,0.21878663715704386
4322202,Tupanciretã,RS,Sul,70.45454545454545,75.61,5.155454545454546,88,0.2187699246314753
2927705,Santa Cruz Cabrália,BA,Nordeste,54.36893203883495,59.22,4.85106796116505,412,0.21875657959189004
3201001,Boa Esperança,ES,Sudeste,85.85365853658537,78.15,-7.703658536585365,205,0.21874629702077444
4204178,Cerro Negro,SC,Sul,45.45454545454545,52.01,6.555454545454545,33,0.21846633221193107
3527405,Lucélia,SP,Sudeste,78.65853658536585,71.83,-6.828536585365853,164,0.21827592777495305
4214201,Quilombo,SC,Sul,76.02739726027397,73.15,-2.877397260273966,146,0.2180803097329581
3170909,Varzelândia,MG,Sudeste,56.57894736842105,62.72,6.141052631578951,76,0.21805566648265717
4311908,Marcelino Ramos,RS,Sul,78.04878048780488,76.3,-1.7487804878048792,41,0.21784148885289997
2102804,Carolina,MA,Nordeste,59.57446808510638,61.51,1.935531914893616,235,0.2177603270216999
2310704,Pentecoste,CE,Nordeste,86.73218673218673,80.0,-6.732186732186733,407,0.21775602452260018
2503704,Cajazeiras,PB,Nordeste,68.95910780669145,65.31,-3.649107806691447,538,0.21766675964654866
2107605,Palmeirândia,MA,Nordeste,58.51063829787234,60.14,1.6293617021276603,94,0.21759114080235004
2206407,Monsenhor Gil,PI,Nordeste,73.48484848484848,69.71,-3.7748484848484907,132,0.21745876718299692
2612208,Salgueiro,PE,Nordeste,82.79883381924198,77.75,-5.0488338192419775,686,0.21743826901034594
5205307,Cavalcante,GO,Centro-Oeste,58.82352941176471,69.64,10.81647058823529,102,0.21731392540418756
1100023,Ariquemes,RO,Norte,79.69811320754717,70.71,-8.988113207547173,1325,0.21721982949004198
4204350,Cordilheira Alta,SC,Sul,65.27777777777779,70.79,5.512222222222221,72,0.21684151175412317
1506500,Santa Izabel do Pará,PA,Norte,54.791154791154796,59.42,4.628845208845206,814,0.21683639204337948
4204707,Cunha Porã,SC,Sul,85.71428571428571,80.0,-5.714285714285708,63,0.21671084999633922
2505006,Cubati,PB,Nordeste,83.33333333333334,75.57,-7.76333333333335,72,0.2165426359435768
2101350,Bacurituba,MA,Nordeste,90.9090909090909,80.0,-10.909090909090907,33,0.2165001777561665
2805109,Pedrinhas,SE,Nordeste,23.404255319148938,40.0,16.595744680851062,94,0.21634302363080565
4105904,Colorado,PR,Sul,79.22077922077922,80.0,0.779220779220779,231,0.21633555040542884
4218400,Treze de Maio,SC,Sul,80.8695652173913,75.59,-5.279565217391294,115,0.2161666828291504
4316956,Santa Maria do Herval,RS,Sul,72.22222222222221,79.04,6.817777777777792,36,0.2154859675920486
2108454,Peritoró,MA,Nordeste,67.96536796536796,68.18,0.2146320346320465,231,0.2154489712124817
4206801,Ibicaré,SC,Sul,88.57142857142857,77.61,-10.96142857142857,35,0.21534162413394692
4302378,Bom Progresso,RS,Sul,70.58823529411765,67.65,-2.9382352941176464,34,0.21501135725938297
3121605,Diamantina,MG,Sudeste,75.12437810945273,69.32,-5.804378109452742,201,0.21491303032056433
3534203,Orindiúva,SP,Sudeste,64.61538461538461,60.97,-3.6453846153846143,65,0.21484287082758988
4311734,Mampituba,RS,Sul,69.6969696969697,72.69,2.993030303030295,33,0.21459480604940626
3521903,Itajobi,SP,Sudeste,84.61538461538461,80.0,-4.615384615384613,143,0.21454115553386147
2910701,Euclides da Cunha,BA,Nordeste,51.25523012552301,54.77,3.5147698744769897,478,0.21450941478557023
4106506,Coronel Vivida,PR,Sul,82.74647887323944,80.0,-2.7464788732394396,284,0.2143408653844886
3155504,Rio Paranaíba,MG,Sudeste,81.06508875739645,79.26,-1.8050887573964474,169,0.2139166774490955
4323408,Vila Maria,RS,Sul,76.66666666666667,80.0,3.3333333333333286,30,0.21386758716520077
3505906,Batatais,SP,Sudeste,73.01204819277109,70.01,-3.0020481927710847,415,0.21370157487263378
4103602,Cambará,PR,Sul,76.62835249042146,70.82,-5.80835249042147,261,0.21360249455245708
3301504,Cordeiro,RJ,Sudeste,66.4804469273743,69.15,2.6695530726257033,179,0.21357692583467863
4215075,Riqueza,SC,Sul,88.05970149253731,80.0,-8.059701492537314,67,0.21356416250720653
4124202,Santo Antônio do Caiuá,PR,Sul,84.84848484848484,80.0,-4.848484848484844,33,0.21344244917128724
4121257,Ramilândia,PR,Sul,83.33333333333334,80.0,-3.333333333333343,66,0.21337923945914458
3535408,Panorama,SP,Sudeste,83.64779874213836,80.0,-3.647798742138363,159,0.21333737244919976
2904902,Cachoeira,BA,Nordeste,43.14720812182741,49.04,5.892791878172588,197,0.21306514650515013
3120409,Cristiano Otoni,MG,Sudeste,82.45614035087719,75.72,-6.736140350877193,57,0.2127047539549637
3547106,Santa Mercedes,SP,Sudeste,86.8421052631579,80.0,-6.8421052631579045,38,0.2124610542837125
2406007,José da Penha,RN,Nordeste,52.5,61.31,8.810000000000002,40,0.21234672393163262
1720853,Sucupira,TO,Norte,75.75757575757575,78.65,2.892424242424255,33,0.2122976199804618
3170305,Umburatiba,MG,Sudeste,70.0,71.41,1.4099999999999966,40,0.21224865954539532
4204194,Chapadão do Lageado,SC,Sul,60.97560975609756,65.7,4.724390243902441,41,0.21223362382130878
2204550,Guaribas,PI,Nordeste,62.96296296296296,68.58,5.617037037037036,81,0.21212886838219688
4305587,Colinas,RS,Sul,75.86206896551724,80.0,4.137931034482762,29,0.2120560293142664
3166956,Serranópolis de Minas,MG,Sudeste,92.85714285714286,80.0,-12.857142857142861,28,0.2119567918869113
2109759,Santa Filomena do Maranhão,MA,Nordeste,45.90163934426229,56.87,10.968360655737705,61,0.21172254902407472
4319372,São Pedro do Butiá,RS,Sul,100.0,80.0,-20.0,14,0.21168185481067883
2900702,Alagoinhas,BA,Nordeste,52.15398716773603,55.09,2.9360128322639767,1091,0.2116157412622024
2301109,Aracati,CE,Nordeste,86.80465717981889,80.0,-6.804657179818889,773,0.2116118103135185
2210805,Simplício Mendes,PI,Nordeste,80.55555555555556,80.0,-0.5555555555555571,108,0.2115308846862123
1703107,Barrolândia,TO,Norte,60.86956521739131,69.27,8.400434782608684,69,0.2113941027526356
4107801,Floraí,PR,Sul,81.81818181818183,78.51,-3.308181818181822,55,0.21116523626223285
3200409,Anchieta,ES,Sudeste,87.60330578512396,80.0,-7.603305785123965,363,0.21113258570219842
2109700,Sambaíba,MA,Nordeste,81.81818181818183,80.0,-1.8181818181818272,66,0.21109976424055407
2504504,Condado,PB,Nordeste,65.21739130434783,67.64,2.4226086956521726,69,0.21105708154041572
4202131,Bela Vista do Toldo,SC,Sul,80.89887640449437,80.0,-0.8988764044943736,89,0.21101579609742488
4115002,Marilena,PR,Sul,86.07594936708861,80.0,-6.0759493670886116,79,0.2108917157677069
1507300,São Félix do Xingu,PA,Norte,47.36225087924971,48.15,0.7877491207502914,853,0.21068427139429444
4125407,São José da Boa Vista,PR,Sul,83.09859154929578,80.0,-3.098591549295776,71,0.21052104280390133
3141405,Medina,MG,Sudeste,82.08955223880598,74.76,-7.329552238805974,201,0.2105080742091048
3543303,Ribeirão Pires,SP,Sudeste,70.20725388601036,71.74,1.5327461139896315,386,0.2104911134385405
3510203,Capão Bonito,SP,Sudeste,74.74541751527495,70.76,-3.9854175152749463,491,0.21036554633320426
2404903,Itaú,RN,Nordeste,59.375,65.96,6.584999999999994,32,0.21024679734640997
4211751,Otacílio Costa,SC,Sul,67.01570680628272,67.04,0.02429319371728411,191,0.21012809398154236
3304557,Rio de Janeiro,RJ,Sudeste,68.41811197765104,67.62,-0.7981119776510326,42955,0.20985058911986104
2105989,Lajeado Novo,MA,Nordeste,64.86486486486487,69.86,4.995135135135129,74,0.20969024940502726
2510204,Nova Olinda,PB,Nordeste,51.66666666666667,62.28,10.61333333333333,60,0.20956004625856414
2309904,Pacujá,CE,Nordeste,97.82608695652173,80.0,-17.826086956521735,92,0.20954699974045524
2405108,Jandaíra,RN,Nordeste,38.983050847457626,53.04,14.056949152542373,59,0.20940476404130023
3510906,Cássia dos Coqueiros,SP,Sudeste,78.37837837837837,73.19,-5.188378378378374,37,0.2093689691397314
2412401,São José do Seridó,RN,Nordeste,57.14285714285714,56.78,-0.36285714285713766,49,0.20936319798295483
3553500,Tapiraí,SP,Sudeste,64.19753086419753,66.34,2.1424691358024717,81,0.209349167989135
1507953,Tailândia,PA,Norte,56.019900497512445,57.6,1.5800995024875562,1005,0.2091339994935221
4114104,Mandaguaçu,PR,Sul,72.0626631853786,69.62,-2.442663185378592,383,0.20906300661613844
3122470,Dom Bosco,MG,Sudeste,69.44444444444444,67.3,-2.1444444444444457,36,0.20842620765476133
1503705,Itupiranga,PA,Norte,54.22535211267606,60.48,6.254647887323934,426,0.208346195396095
4300208,Ajuricaba,RS,Sul,74.28571428571429,80.0,5.714285714285708,35,0.20817459792305032
4109906,Icaraíma,PR,Sul,81.60919540229885,76.32,-5.2891954022988585,87,0.20811374500957036
3551108,Sarapuí,SP,Sudeste,59.04761904761905,59.78,0.7323809523809501,105,0.2076392009846787
4115200,Maringá,PR,Sul,84.99019882385886,80.0,-4.9901988238588615,3571,0.2075713750457405
4110607,Iporã,PR,Sul,70.17543859649122,71.64,1.4645614035087817,114,0.20753556900233525
4322525,Vale Verde,RS,Sul,76.19047619047619,80.0,3.80952380952381,42,0.20720355822699268
3507753,Brejo Alegre,SP,Sudeste,92.3076923076923,80.0,-12.307692307692307,26,0.2070166538094908
3529005,Marília,SP,Sudeste,72.6240286909743,69.12,-3.5040286909742946,1673,0.2068565684928832
2807501,Tomar do Geru,SE,Nordeste,57.66423357664233,60.58,2.915766423357667,137,0.20680874693393558
4113106,Kaloré,PR,Sul,80.3921568627451,80.0,-0.39215686274509665,51,0.2065455797794132
3164308,São Roque de Minas,MG,Sudeste,79.7752808988764,75.22,-4.555280898876404,89,0.20647905003927267
1303957,São Sebastião do Uatumã,AM,Norte,61.832061068702295,65.35,3.5179389312976994,131,0.20615371614801775
4320321,Senador Salgado Filho,RS,Sul,75.0,80.0,5.0,32,0.20611394550679232
3546900,Santa Lúcia,SP,Sudeste,76.47058823529412,73.0,-3.470588235294116,68,0.20605979460821658
2600807,Altinho,PE,Nordeste,72.44094488188976,68.74,-3.700944881889768,127,0.20591752197122784
4310850,Jaboticaba,RS,Sul,88.23529411764706,80.0,-8.235294117647058,17,0.20566140968526248
4110904,Itaguajé,PR,Sul,70.96774193548387,69.21,-1.7577419354838781,62,0.20565937466593423
2111573,São Pedro dos Crentes,MA,Nordeste,56.52173913043478,59.12,2.598260869565216,69,0.20564532616273726
2614600,Tabira,PE,Nordeste,87.12574850299401,76.14,-10.985748502994014,334,0.20555717710361862
4215604,Santa Rosa de Lima,SC,Sul,90.32258064516128,80.0,-10.322580645161281,31,0.2053478954803571
2929057,São Félix do Coribe,BA,Nordeste,64.53488372093024,66.96,2.425116279069755,172,0.20523960501783794
2606507,Iati,PE,Nordeste,78.94736842105263,72.75,-6.19736842105263,209,0.2052229781388607
3158102,Santa Maria do Salto,MG,Sudeste,65.625,63.01,-2.615000000000002,32,0.2044750407137471
2613206,São João,PE,Nordeste,73.28767123287672,69.96,-3.3276712328767246,292,0.20434239343669258
3121704,Diogo de Vasconcelos,MG,Sudeste,96.42857142857143,79.11,-17.31857142857143,28,0.20429282832332987
1507904,Soure,PA,Norte,70.74468085106383,70.94,0.1953191489361643,376,0.20393314729976583
4208005,Itá,SC,Sul,75.28089887640449,74.13,-1.1508988764044972,89,0.20390176399200124
4309704,Humaitá,RS,Sul,76.19047619047619,80.0,3.80952380952381,42,0.20377541581537778
2903201,Barreiras,BA,Nordeste,59.1295647823912,57.78,-1.349564782391198,1999,0.20373522115030335
3123700,Engenheiro Caldas,MG,Sudeste,74.22680412371135,68.65,-5.576804123711341,97,0.20371197382002013
1718865,Santa Fé do Araguaia,TO,Norte,27.419354838709676,41.94,14.520645161290322,62,0.20363726166184828
4304309,Cândido Godói,RS,Sul,88.23529411764706,77.52,-10.715294117647062,17,0.20334683092079864
3304409,Rio Claro,RJ,Sudeste,76.33587786259542,72.36,-3.975877862595425,131,0.202964544890298
3532504,Neves Paulista,SP,Sudeste,87.17948717948718,80.0,-7.179487179487182,78,0.20266298658700013
4321105,Tapes,RS,Sul,60.396039603960396,68.84,8.443960396039607,101,0.20192737872937247
3109303,Buritis,MG,Sudeste,63.77708978328174,65.54,1.762910216718268,323,0.20169956379963233
3204500,Santa Leopoldina,ES,Sudeste,86.23853211009175,80.0,-6.238532110091754,109,0.2016514763138173
2616001,Venturosa,PE,Nordeste,64.55026455026454,66.12,1.569735449735461,189,0.2016360658553483
3522901,Itapuí,SP,Sudeste,55.03875968992248,55.99,0.9512403100775231,129,0.20162097401786722
3101409,Albertina,MG,Sudeste,79.06976744186046,74.4,-4.669767441860458,43,0.20156287401711914
2800209,Aquidabã,SE,Nordeste,37.267080745341616,46.3,9.032919254658381,161,0.20136844336480628
2928406,Santa Rita de Cássia,BA,Nordeste,64.8068669527897,62.82,-1.986866952789704,233,0.20109833709408054
4218905,Urubici,SC,Sul,73.46938775510205,69.64,-3.829387755102047,147,0.20108423051779845
2919108,Lamarão,BA,Nordeste,32.467532467532465,46.97,14.502467532467534,77,0.20102411792447605
2925402,Potiraguá,BA,Nordeste,39.81481481481482,51.28,11.465185185185184,108,0.20084374678284703
3502101,Andradina,SP,Sudeste,68.71035940803382,68.02,-0.690359408033828,473,0.20061366880358755
4114401,Mangueirinha,PR,Sul,80.46511627906978,75.77,-4.695116279069779,215,0.20056906438986258
2605202,Escada,PE,Nordeste,62.149532710280376,66.76,4.6104672897196295,428,0.20051495539154443
4320909,Tapejara,RS,Sul,65.83629893238434,74.46,8.623701067615656,281,0.20048918983427286
3135100,Janaúba,MG,Sudeste,63.725490196078425,64.24,0.5145098039215696,306,0.20040459818040354
2504850,Coxixola,PB,Nordeste,91.66666666666666,77.24,-14.426666666666662,12,0.20038607258022165
3122108,Divino das Laranjeiras,MG,Sudeste,58.620689655172406,59.76,1.1393103448275923,29,0.20035316045376209
5005103,Jateí,MS,Centro-Oeste,64.28571428571429,72.91,8.624285714285705,14,0.20011448793256956
3113701,Carlos Chagas,MG,Sudeste,67.2514619883041,67.75,0.4985380116958993,171,0.20004651917039284
3300936,Carapebus,RJ,Sudeste,68.18181818181817,64.96,-3.221818181818179,132,0.19984362806209505
2908903,Coração de Maria,BA,Nordeste,48.837209302325576,53.38,4.542790697674427,215,0.1995809633430902
4309951,Ibirapuitã,RS,Sul,65.625,74.01,8.385000000000005,32,0.19950169194122833
2203404,Dom Expedito Lopes,PI,Nordeste,84.61538461538461,78.39,-6.225384615384613,52,0.19944776234578382
1718899,Santa Rita do Tocantins,TO,Norte,68.96551724137932,71.13,2.1644827586206787,29,0.19906354086028763
4123857,Santa Maria do Oeste,PR,Sul,79.0,77.91,-1.0900000000000034,100,0.19894801806120602
2111300,São Luís,MA,Nordeste,64.02597402597404,63.1,-0.9259740259740354,6160,0.19877334223117765
4309258,Guabiju,RS,Sul,90.0,71.61,-18.39,10,0.1985619987854995
1721109,Tocantínia,TO,Norte,51.92307692307693,60.64,8.716923076923074,52,0.19815078332560282
2514503,São José de Piranhas,PB,Nordeste,43.94904458598726,55.42,11.470955414012742,157,0.19767413056452526
3524204,Jaborandi,SP,Sudeste,88.13559322033898,80.0,-8.135593220338976,59,0.19752804428937587
4305801,Constantina,RS,Sul,80.76923076923077,80.0,-0.7692307692307736,78,0.19710133798864368
2109205,Presidente Juscelino,MA,Nordeste,51.9607843137255,57.13,5.169215686274505,102,0.19702441947267368
2932804,Utinga,BA,Nordeste,61.71875,55.26,-6.458750000000002,128,0.19653138088773267
3501103,Alto Alegre,SP,Sudeste,72.97297297297297,69.37,-3.602972972972964,37,0.19648193630085592
2411106,Ruy Barbosa,RN,Nordeste,70.37037037037037,68.65,-1.720370370370361,27,0.19646282723021585
2913507,Iguaí,BA,Nordeste,63.1578947368421,64.2,1.0421052631579002,171,0.19624297605687088
2923001,Nova Viçosa,BA,Nordeste,64.8936170212766,67.71,2.8163829787233965,470,0.19610430341744609
3162203,São João Batista do Glória,MG,Sudeste,87.36842105263159,80.0,-7.368421052631589,95,0.19604593416993818
4305702,Condor,RS,Sul,74.24242424242425,80.0,5.757575757575751,66,0.19586403508893693
2902054,Araçás,BA,Nordeste,58.76288659793815,57.0,-1.7628865979381487,97,0.195686886710225
3501301,Álvares Machado,SP,Sudeste,69.51219512195121,66.46,-3.0521951219512147,246,0.19555848490646616
3304508,Rio das Flores,RJ,Sudeste,76.25,69.39,-6.859999999999999,80,0.19553712426887038
4127882,Tunas do Paraná,PR,Sul,70.6896551724138,71.29,0.6003448275862127,116,0.19552979632803996
2109239,Presidente Médici,MA,Nordeste,88.67924528301887,77.49,-11.189245283018877,53,0.1953186260089524
2507200,Itatuba,PB,Nordeste,34.177215189873415,47.85,13.672784810126586,79,0.1953096174688971
2309607,Pacajus,CE,Nordeste,87.44588744588745,80.0,-7.44588744588745,693,0.1952237337564999
2301000,Aquiraz,CE,Nordeste,86.57407407407408,80.0,-6.574074074074076,1080,0.1952080092497033
3149903,Perdões,MG,Sudeste,76.47058823529412,75.26,-1.2105882352941109,187,0.19516572915188837
3519402,Ibirá,SP,Sudeste,78.35051546391753,75.22,-3.1305154639175328,97,0.19503950358486596
3523008,Itapura,SP,Sudeste,65.3061224489796,64.22,-1.0861224489795944,49,0.1948875236701812
3541307,Presidente Epitácio,SP,Sudeste,63.49206349206349,63.58,0.08793650793651153,126,0.19454649446448463
4309555,Harmonia,RS,Sul,76.36363636363637,80.0,3.636363636363626,55,0.19444655503641511
2922003,Mucuri,BA,Nordeste,61.06382978723405,63.95,2.886170212765954,470,0.19438884022714262
4106571,Cruzeiro do Iguaçu,PR,Sul,83.33333333333334,80.0,-3.333333333333343,60,0.19436482999033997
4315057,Porto Mauá,RS,Sul,63.63636363636363,59.58,-4.056363636363635,11,0.19427870810133147
3537206,Pedro de Toledo,SP,Sudeste,55.65217391304348,56.06,0.40782608695652556,115,0.1940873499587279
4316006,Rolante,RS,Sul,74.81481481481481,80.0,5.1851851851851904,135,0.1939680744482978
3100807,Aguanil,MG,Sudeste,89.65517241379311,80.0,-9.65517241379311,29,0.1939515726283769
3129657,Ibiracatu,MG,Sudeste,73.17073170731707,71.71,-1.4607317073170805,41,0.19393877888289338
3302452,Macuco,RJ,Sudeste,81.31868131868131,71.37,-9.94868131868131,91,0.19368824165304493
4309902,Ibiraiaras,RS,Sul,77.96610169491525,79.13,1.163898305084743,59,0.19337361623666194
4116208,Morretes,PR,Sul,74.04255319148936,73.81,-0.23255319148935882,235,0.1933152443020388
2908200,Conceição da Feira,BA,Nordeste,52.63157894736842,53.87,1.2384210526315798,228,0.19329648756316278
3129509,Ibiá,MG,Sudeste,71.07438016528926,65.74,-5.334380165289261,242,0.19310272439184067
3106309,Belo Oriente,MG,Sudeste,72.44897959183673,68.08,-4.368979591836734,294,0.1930645612942025
2705705,Olho d'Água das Flores,AL,Nordeste,58.42696629213483,59.03,0.6030337078651726,267,0.19297597688861215
4206405,Guaraciaba,SC,Sul,78.86178861788618,80.0,1.1382113821138233,123,0.1929140588214781
2702405,Delmiro Gouveia,AL,Nordeste,49.72375690607735,53.49,3.766243093922654,724,0.19288559967635885
5209903,Iaciara,GO,Centro-Oeste,63.559322033898304,71.57,8.010677966101689,118,0.19282608700482148
4304903,Casca,RS,Sul,81.03448275862068,80.0,-1.0344827586206833,58,0.19280438427445246
4101804,Araucária,PR,Sul,76.17827868852459,74.37,-1.808278688524581,1952,0.19266163604747466
3136207,João Monlevade,MG,Sudeste,70.36082474226805,70.01,-0.3508247422680455,388,0.19235362328183306
4217204,São Miguel do Oeste,SC,Sul,80.05050505050505,73.92,-6.13050505050505,396,0.19222631426600298
2411403,Santana do Matos,RN,Nordeste,50.0,46.53,-3.469999999999999,36,0.19205671751067943
2803005,Itabaianinha,SE,Nordeste,74.16829745596868,69.07,-5.098297455968691,511,0.19185523613487407
2611408,Primavera,PE,Nordeste,81.81818181818183,78.61,-3.208181818181828,77,0.1918398642695574
2207793,Pau D'Arco do Piauí,PI,Nordeste,90.9090909090909,80.0,-10.909090909090907,22,0.19183698603796098
3201407,Castelo,ES,Sudeste,84.4311377245509,75.76,-8.671137724550888,334,0.19180943144184448
1100296,Santa Luzia D'Oeste,RO,Norte,94.6236559139785,77.84,-16.783655913978492,93,0.19165310857419735
3158003,Santa Maria de Itabira,MG,Sudeste,68.69565217391305,66.83,-1.8656521739130483,115,0.19163255842013152
2207702,Parnaíba,PI,Nordeste,51.469583048530424,53.42,1.9504169514695775,1463,0.1915466293274427
2202711,Cocal de Telha,PI,Nordeste,78.94736842105263,73.36,-5.587368421052631,57,0.19154231408346953
3133501,Itapecerica,MG,Sudeste,81.0126582278481,75.85,-5.162658227848112,79,0.19139039081851017
4117057,Nova Laranjeiras,PR,Sul,83.15789473684211,78.59,-4.567894736842106,95,0.19138919254941086
4306932,Entre-Ijuís,RS,Sul,68.18181818181817,61.97,-6.211818181818174,22,0.19124250323307662
3105509,Barão do Monte Alto,MG,Sudeste,75.0,71.33,-3.6700000000000017,52,0.1912205354588216
2105302,Imperatriz,MA,Nordeste,60.2810650887574,61.87,1.5889349112425961,2704,0.19083625196724208
4312385,Monte Belo do Sul,RS,Sul,88.88888888888889,80.0,-8.888888888888886,18,0.19072679482497656
3136108,Joanésia,MG,Sudeste,90.9090909090909,80.0,-10.909090909090907,22,0.19052686471351976
1708205,Formoso do Araguaia,TO,Norte,68.52791878172589,71.4,2.8720812182741184,197,0.19040749698395362
3300159,Aperibé,RJ,Sudeste,74.11764705882354,69.21,-4.907647058823542,85,0.1903467621248999
3109204,Buenópolis,MG,Sudeste,85.71428571428571,80.0,-5.714285714285708,91,0.19020582462862734
1506906,Santarém Novo,PA,Norte,60.86956521739131,65.56,4.6904347826086905,69,0.19015731772922484
4100202,Adrianópolis,PR,Sul,63.44086021505376,69.59,6.149139784946243,93,0.19012638704174215
2513356,Santa Inês,PB,Nordeste,63.1578947368421,65.81,2.6521052631578996,19,0.1901192514744412
3145356,Novo Oriente de Minas,MG,Sudeste,64.28571428571429,61.74,-2.54571428571429,70,0.19004045964752717
3530904,Mombuca,SP,Sudeste,69.11764705882352,67.44,-1.6776470588235242,68,0.19003557531587312
2102903,Carutapera,MA,Nordeste,71.50997150997152,67.31,-4.199971509971519,351,0.1896881670353163
2110278,Santo Amaro do Maranhão,MA,Nordeste,47.61904761904761,54.92,7.300952380952388,168,0.18923887334480083
3120003,Córrego Novo,MG,Sudeste,60.97560975609756,62.68,1.7043902439024379,41,0.18916981345168346
2925105,Poções,BA,Nordeste,60.28513238289206,61.22,0.9348676171079404,491,0.18906610776942753
3505807,Bastos,SP,Sudeste,69.04761904761905,65.41,-3.6376190476190544,210,0.18906126734903403
3139706,Maravilhas,MG,Sudeste,81.57894736842105,74.65,-6.928947368421049,76,0.1890219459981052
4217402,Schroeder,SC,Sul,75.67567567567568,71.08,-4.595675675675679,222,0.18847034268534263
3154408,Ressaquinha,MG,Sudeste,74.0,67.31,-6.689999999999998,50,0.1881773751008794
3549508,São José da Bela Vista,SP,Sudeste,67.05882352941175,63.18,-3.878823529411754,85,0.18809887030007105
4207205,Imaruí,SC,Sul,64.54545454545455,58.07,-6.4754545454545465,110,0.18799178622704948
4307559,Estação,RS,Sul,75.40983606557377,76.41,1.0001639344262259,61,0.18774460075354146
3115201,Conceição da Barra de Minas,MG,Sudeste,85.71428571428571,73.98,-11.734285714285704,35,0.18757197955901608
3522000,Itaju,SP,Sudeste,66.66666666666666,66.42,-0.2466666666666555,51,0.18719803343603336
2414159,Tenente Laurentino Cruz,RN,Nordeste,53.94736842105263,61.57,7.62263157894737,76,0.18711173269539208
3109253,Bugre,MG,Sudeste,86.95652173913044,80.0,-6.956521739130437,46,0.18683201768517316
2516508,Taperoá,PB,Nordeste,83.84615384615385,79.06,-4.7861538461538515,130,0.18682303620366916
4309803,Ibiaçá,RS,Sul,87.5,74.79,-12.709999999999994,32,0.18671940987952415
2500601,Alhandra,PB,Nordeste,66.66666666666666,68.2,1.5333333333333456,282,0.18663660206434127
4115101,Mariluz,PR,Sul,70.43478260869566,70.78,0.34521739130434526,115,0.18662501231598902
4305405,Chiapetta,RS,Sul,72.22222222222221,79.19,6.967777777777783,36,0.1865839907516362
2801504,Carmópolis,SE,Nordeste,37.76223776223776,49.04,11.27776223776224,143,0.18648909935103453
4125704,São Miguel do Iguaçu,PR,Sul,83.39350180505414,76.48,-6.913501805054139,277,0.18630039550785715
3119005,Cordislândia,MG,Sudeste,61.904761904761905,62.92,1.0152380952380966,42,0.18625815671988133
3504602,Bady Bassitt,SP,Sudeste,73.2824427480916,67.34,-5.942442748091594,262,0.18603589295390108
2905156,Caetanos,BA,Nordeste,44.73684210526316,49.05,4.31315789473684,38,0.1858475936510064
5201801,Aragoiânia,GO,Centro-Oeste,57.89473684210527,67.0,9.105263157894733,171,0.18572291155245088
2925204,Pojuca,BA,Nordeste,68.98954703832753,69.82,0.8304529616724636,287,0.1856149881722119
5003488,Dois Irmãos do Buriti,MS,Centro-Oeste,44.680851063829785,57.89,13.209148936170216,141,0.1854235748229393
3534302,Orlândia,SP,Sudeste,62.695924764890286,61.73,-0.9659247648902891,319,0.1854216733832828
3116308,Cipotânea,MG,Sudeste,89.47368421052632,76.23,-13.243684210526311,19,0.1851135567532333
3162948,São José da Barra,MG,Sudeste,83.33333333333334,80.0,-3.333333333333343,120,0.18480722226446358
3550209,São Miguel Arcanjo,SP,Sudeste,74.0053050397878,68.03,-5.9753050397877985,377,0.18471830084681037
1300201,Atalaia do Norte,AM,Norte,64.48598130841121,66.6,2.1140186915887824,214,0.18468776631008035
3550902,São Simão,SP,Sudeste,74.57627118644068,70.98,-3.5962711864406742,59,0.18465163986885766
3131208,Ipanema,MG,Sudeste,84.61538461538461,79.35,-5.265384615384619,208,0.18450722758274812
2800704,Brejo Grande,SE,Nordeste,33.60655737704918,50.84,17.233442622950825,122,0.18443493421354143
2407203,Macau,RN,Nordeste,43.037974683544306,50.84,7.802025316455698,158,0.18428733059016655
3114006,Carmo da Mata,MG,Sudeste,86.32478632478633,79.46,-6.864786324786337,117,0.1841981255537888
4314423,Picada Café,RS,Sul,72.41379310344827,80.0,7.5862068965517295,58,0.18411333996000834
2414704,Várzea,RN,Nordeste,50.0,42.51,-7.490000000000002,32,0.18387086116462295
1502855,Curuá,PA,Norte,51.19047619047619,57.52,6.329523809523813,168,0.18369520053091443
2932002,Uauá,BA,Nordeste,63.272727272727266,61.72,-1.5527272727272674,275,0.1836438284455659
3101607,Alfenas,MG,Sudeste,76.12293144208037,69.07,-7.052931442080379,423,0.18358561315271513
2102101,Brejo,MA,Nordeste,65.27331189710611,64.59,-0.6833118971061083,311,0.18348660224895325
4315503,Restinga Sêca,RS,Sul,67.05882352941175,62.03,-5.028823529411753,85,0.1833821484550536
2402402,Carnaúba dos Dantas,RN,Nordeste,76.31578947368422,72.33,-3.985789473684221,76,0.18334443592198016
1600303,Macapá,AP,Norte,62.753690036900366,60.84,-1.9136900369003627,4336,0.18332661931072106
4107850,Flor da Serra do Sul,PR,Sul,83.33333333333334,80.0,-3.333333333333343,66,0.18323281465388344
4114351,Manfrinópolis,PR,Sul,92.3076923076923,80.0,-12.307692307692307,26,0.18318110847047417
4119905,Ponta Grossa,PR,Sul,82.64195351573991,77.66,-4.981953515739917,3399,0.18308353496228075
3169604,Tupaciguara,MG,Sudeste,59.73154362416108,58.4,-1.3315436241610783,298,0.18305155042023727
3127107,Frutal,MG,Sudeste,71.11853088480802,66.46,-4.65853088480803,599,0.18293045313817963
5200852,Americano do Brasil,GO,Centro-Oeste,79.22077922077922,76.87,-2.3507792207792164,77,0.18292308954376432
5100508,Alto Paraguai,MT,Centro-Oeste,65.17857142857143,73.37,8.191428571428574,112,0.1828455029880751
3111150,Campo Azul,MG,Sudeste,87.75510204081633,80.0,-7.755102040816325,49,0.18268614334878155
2206209,Miguel Alves,PI,Nordeste,57.40318906605923,58.41,1.0068109339407698,439,0.18267173155592664
4104659,Carambeí,PR,Sul,77.12418300653596,77.29,0.16581699346404832,306,0.18251704378525926
2902906,Barra do Choça,BA,Nordeste,52.38095238095239,56.65,4.269047619047612,462,0.18247553613401643
3547908,Santo Antônio da Alegria,SP,Sudeste,66.66666666666666,64.25,-2.416666666666657,72,0.18246564458736203
2105427,Itinga do Maranhão,MA,Nordeste,79.92277992277992,79.95,0.02722007722007902,259,0.18236667664506145
4219606,Xavantina,SC,Sul,84.84848484848484,75.44,-9.408484848484846,33,0.18224483818213377
3548203,Santo Antônio do Pinhal,SP,Sudeste,61.79775280898876,60.59,-1.207752808988758,89,0.18213255993684435
4104808,Cascavel,PR,Sul,84.61538461538461,80.0,-4.615384615384613,3523,0.18193624965172764
3302106,Itaocara,RJ,Sudeste,73.18181818181819,72.23,-0.951818181818183,220,0.18186691317098766
3150703,Pirajuba,MG,Sudeste,76.08695652173914,71.26,-4.826956521739135,92,0.18178991947469794
1302306,Jutaí,AM,Norte,53.125,56.98,3.854999999999997,320,0.1817143672013128
2804508,Nossa Senhora da Glória,SE,Nordeste,45.41387024608501,52.44,7.0261297539149865,447,0.1817113589898848
4321493,Toropi,RS,Sul,91.30434782608695,80.0,-11.304347826086953,23,0.18120314427515818
4205209,Erval Velho,SC,Sul,71.23287671232876,67.77,-3.4628767123287645,73,0.18120021590034477
2609501,Nazaré da Mata,PE,Nordeste,72.53886010362694,66.88,-5.6588601036269495,193,0.18077615666975916
2508406,Lastro,PB,Nordeste,23.333333333333332,45.74,22.40666666666667,30,0.18048746736461735
2925907,Quijingue,BA,Nordeste,54.601226993865026,58.07,3.468773006134974,163,0.18001983910677985
4301552,Áurea,RS,Sul,89.47368421052632,80.0,-9.473684210526315,19,0.179626602584155
2611507,Quipapá,PE,Nordeste,63.10679611650486,63.44,0.33320388349513763,206,0.17962251734321005
4310108,Igrejinha,RS,Sul,76.11940298507463,80.0,3.880597014925371,335,0.17957286344070775
2606002,Garanhuns,PE,Nordeste,71.73228346456693,65.62,-6.112283464566929,1270,0.17955658746276304
3136801,Juramento,MG,Sudeste,82.35294117647058,71.17,-11.182941176470578,34,0.17953857783924085
2206803,Nossa Senhora dos Remédios,PI,Nordeste,77.62237762237763,71.66,-5.96237762237763,143,0.17950646533877163
1100940,Cujubim,RO,Norte,88.84462151394422,78.58,-10.26462151394422,251,0.1784216974432651
2512788,Riacho de Santo Antônio,PB,Nordeste,90.9090909090909,79.19,-11.719090909090909,22,0.17815535729897
3149408,Pedro Teixeira,MG,Sudeste,100.0,80.0,-20.0,12,0.17773990346839266
1500503,Almeirim,PA,Norte,45.36082474226804,53.2,7.839175257731959,388,0.17771953212145822
3145703,Oliveira Fortes,MG,Sudeste,92.3076923076923,75.36,-16.947692307692307,13,0.1777114045931411
3532843,Nova Canaã Paulista,SP,Sudeste,100.0,79.4,-20.599999999999994,14,0.17738369150589348
3302700,Maricá,RJ,Sudeste,68.38653257542632,67.85,-0.536532575426321,2287,0.17733404972720157
1702109,Araguaína,TO,Norte,55.73613766730402,56.25,0.5138623326959788,2092,0.1772726239906021
5213806,Morrinhos,GO,Centro-Oeste,63.934426229508205,70.7,6.765573770491798,427,0.17724879335331858
3157658,Santa Helena de Minas,MG,Sudeste,73.68421052631578,69.2,-4.484210526315778,38,0.17721806849324073
2615706,Triunfo,PE,Nordeste,86.80555555555556,80.0,-6.805555555555557,144,0.17700884661082913
1713957,Muricilândia,TO,Norte,33.33333333333333,43.13,9.796666666666674,36,0.17688317516108973
4311759,Manoel Viana,RS,Sul,64.28571428571429,51.76,-12.525714285714294,28,0.17682346527793588
1505486,Pacajá,PA,Norte,55.534351145038165,57.39,1.855648854961835,524,0.17681465390617
2610103,Palmeirina,PE,Nordeste,70.58823529411765,69.83,-0.7582352941176538,51,0.17673106302115205
2703304,Inhapi,AL,Nordeste,74.2081447963801,72.09,-2.1181447963800935,221,0.17669898972162695
4310751,Ivorá,RS,Sul,83.33333333333334,67.53,-15.803333333333342,12,0.17668888570939598
4108502,General Carneiro,PR,Sul,79.75460122699386,79.46,-0.29460122699386204,163,0.1765165877594327
3517208,Guaiçara,SP,Sudeste,70.99236641221374,64.77,-6.222366412213745,131,0.17648739615642364
4116604,Nova América da Colina,PR,Sul,87.09677419354838,70.83,-16.266774193548386,31,0.17640417988782128
2514552,São José de Princesa,PB,Nordeste,88.88888888888889,80.0,-8.888888888888886,27,0.1762802986162864
4111001,Itambaracá,PR,Sul,89.0625,79.5,-9.5625,64,0.17625032393710383
3546504,Santa Ernestina,SP,Sudeste,85.41666666666666,80.0,-5.416666666666657,48,0.17606156882467483
3130606,Inconfidentes,MG,Sudeste,88.23529411764706,80.0,-8.235294117647058,51,0.1759287121623415
4313003,Nova Bréscia,RS,Sul,88.23529411764706,78.49,-9.745294117647063,34,0.17574747587718756
4126108,São Tomé,PR,Sul,84.28571428571429,80.0,-4.285714285714292,70,0.17569883642178422
3141207,Matutina,MG,Sudeste,89.58333333333334,80.0,-9.583333333333343,48,0.1755102512087395
3509304,Cajobi,SP,Sudeste,75.30864197530865,70.16,-5.148641975308649,81,0.17546940985523488
3169000,Tocantins,MG,Sudeste,74.13793103448276,68.72,-5.417931034482763,174,0.17539048209701558
2104099,Formosa da Serra Negra,MA,Nordeste,83.85093167701864,80.0,-3.850931677018636,161,0.17533341705470298
4218855,União do Oeste,SC,Sul,85.71428571428571,73.29,-12.424285714285702,42,0.17532459325129812
1705557,Combinado,TO,Norte,72.72727272727273,70.6,-2.1272727272727394,55,0.1751859568434052
3518305,Guararema,SP,Sudeste,76.44110275689223,71.94,-4.501102756892237,399,0.17492427459523538
4114609,Marechal Cândido Rondon,PR,Sul,82.82009724473258,77.4,-5.420097244732574,617,0.17486044749370364
2500502,Alagoinha,PB,Nordeste,71.07438016528926,68.18,-2.894380165289249,121,0.17477450323777347
2203859,Floresta do Piauí,PI,Nordeste,100.0,80.0,-20.0,26,0.17452931218313203
2922730,Nova Fátima,BA,Nordeste,64.70588235294117,62.74,-1.965882352941172,34,0.17448168437384134
3505351,Barra do Chapéu,SP,Sudeste,78.26086956521739,72.1,-6.160869565217396,69,0.17432636352445224
4202099,Barra Bonita,SC,Sul,72.0,64.43,-7.569999999999993,25,0.17431422726405316
3115003,Cascalho Rico,MG,Sudeste,87.87878787878788,71.51,-16.36878787878787,33,0.17421246014033334
3125606,Felisburgo,MG,Sudeste,69.11764705882352,65.58,-3.5376470588235236,68,0.17411376191969444
2111052,São João do Paraíso,MA,Nordeste,57.14285714285714,55.03,-2.1128571428571377,112,0.17410780638199053
3168606,Teófilo Otoni,MG,Sudeste,69.8517298187809,64.82,-5.031729818780903,607,0.1740707935551885
4214151,Princesa,SC,Sul,91.17647058823529,80.0,-11.17647058823529,34,0.17404615482902883
4315073,Porto Vera Cruz,RS,Sul,92.3076923076923,71.14,-21.167692307692306,13,0.17396152280450675
3101631,Alfredo Vasconcelos,MG,Sudeste,85.41666666666666,75.66,-9.75666666666666,48,0.1739432167869977
2516003,Solânea,PB,Nordeste,83.45864661654136,79.19,-4.268646616541361,266,0.1737622383559828
4128625,Alto Paraíso,PR,Sul,86.11111111111111,72.43,-13.681111111111107,36,0.1737481831206887
4307906,Farroupilha,RS,Sul,76.21283255086072,80.0,3.7871674491392753,639,0.17351963287761665
4323770,Westfália,RS,Sul,92.0,80.0,-12.0,25,0.17350170020300973
2924009,Paulo Afonso,BA,Nordeste,43.00083822296731,49.0,5.99916177703269,1193,0.1734432237539091
3158607,Santana do Deserto,MG,Sudeste,80.0,68.7,-11.299999999999997,30,0.1734287531601552
3514908,Elias Fausto,SP,Sudeste,70.58823529411765,67.08,-3.508235294117654,238,0.1733739922274425
2918704,Lafaiete Coutinho,BA,Nordeste,72.0,73.41,1.4099999999999966,50,0.17326001196807186
3529500,Mendonça,SP,Sudeste,78.94736842105263,74.59,-4.357368421052627,76,0.17325508875028242
2902708,Barra,BA,Nordeste,44.669117647058826,50.53,5.860882352941175,544,0.17325330791663016
2901353,Andorinha,BA,Nordeste,46.24277456647399,54.7,8.457225433526013,173,0.17324154343284304
3105608,Barbacena,MG,Sudeste,76.9090909090909,69.18,-7.7290909090909,550,0.17306215026912647
2401008,Apodi,RN,Nordeste,63.42857142857142,57.12,-6.308571428571426,175,0.17274224293455182
2614204,Sirinhaém,PE,Nordeste,73.80281690140845,69.7,-4.1028169014084455,355,0.17271852314806996
3100401,Acaiaca,MG,Sudeste,88.88888888888889,80.0,-8.888888888888886,27,0.17249992697962294
1100304,Vilhena,RO,Norte,77.06032285471538,72.38,-4.680322854715385,1177,0.1724733392354634
4207502,Indaial,SC,Sul,70.91412742382272,67.12,-3.794127423822715,722,0.17246811336786
2502300,Bom Sucesso,PB,Nordeste,87.87878787878788,72.27,-15.60878787878788,33,0.17235796637781853
3171501,Mathias Lobato,MG,Sudeste,81.25,65.24,-16.010000000000005,32,0.17235432188283045
3536000,Parapuã,SP,Sudeste,80.41237113402062,77.55,-2.86237113402062,97,0.17213929228199798
2803906,Malhador,SE,Nordeste,49.24242424242424,55.54,6.297575757575757,132,0.1721381744688062
3201506,Colatina,ES,Sudeste,86.56093489148581,76.58,-9.980934891485816,1198,0.17205921345098038
4315149,Presidente Lucena,RS,Sul,82.97872340425532,80.0,-2.9787234042553195,47,0.17204473978405146
4111308,Itaúna do Sul,PR,Sul,88.88888888888889,78.53,-10.358888888888885,36,0.17192768569373995
4318457,São José das Missões,RS,Sul,90.0,79.12,-10.879999999999995,30,0.17187059901709936
4311700,Machadinho,RS,Sul,75.40983606557377,73.47,-1.9398360655737719,61,0.17183147444503985
4101051,Anahy,PR,Sul,91.30434782608695,70.76,-20.54434782608695,23,0.17176173845234954
3503406,Arealva,SP,Sudeste,88.13559322033898,75.98,-12.155593220338972,59,0.17167056542367404
2517407,Zabelê,PB,Nordeste,93.75,80.0,-13.75,32,0.17156579055014215
4301701,Barão de Cotegipe,RS,Sul,83.63636363636363,80.0,-3.636363636363626,55,0.17155001208228193
2807402,Tobias Barreto,SE,Nordeste,60.49382716049383,60.04,-0.4538271604938302,486,0.17145748316324627
4100459,Altamira do Paraná,PR,Sul,86.53846153846155,79.48,-7.058461538461543,52,0.17144897235594017
3523602,Itirapina,SP,Sudeste,72.92817679558011,69.1,-3.82817679558012,181,0.17142625297479192
3144904,Nova Módica,MG,Sudeste,88.46153846153845,80.0,-8.461538461538453,26,0.1713958458488735
3548005,Santo Antônio de Posse,SP,Sudeste,71.58671586715867,66.65,-4.936715867158668,271,0.1712546870623432
4315750,Riozinho,RS,Sul,87.09677419354838,77.78,-9.316774193548383,31,0.17125116688613076
2209450,Santo Antônio dos Milagres,PI,Nordeste,100.0,80.0,-20.0,19,0.17124873186661665
1200807,Porto Acre,AC,Norte,56.62650602409639,54.56,-2.066506024096391,249,0.17123190287155365
2209302,Santa Luz,PI,Nordeste,88.05970149253731,80.0,-8.059701492537314,67,0.1710917089013981
4211108,Monte Castelo,SC,Sul,61.19402985074627,56.92,-4.274029850746267,67,0.17102705199020127
2102408,Cajapió,MA,Nordeste,74.60317460317461,72.59,-2.0131746031746047,63,0.17081792970757229
3162658,São João do Pacuí,MG,Sudeste,88.23529411764706,76.8,-11.43529411764706,34,0.17060217170142156
2904001,Boninal,BA,Nordeste,60.8,61.79,0.990000000000002,125,0.17030175563465186
2613800,São Vicente Férrer,PE,Nordeste,59.88023952095808,63.7,3.819760479041925,167,0.1700740114395483
2927002,Rio Real,BA,Nordeste,57.714285714285715,59.52,1.8057142857142878,350,0.17004400995973126
2928703,Santo Antônio de Jesus,BA,Nordeste,56.196943972835314,55.02,-1.1769439728353106,589,0.16994304164036533
3115904,Chácara,MG,Sudeste,54.54545454545454,51.93,-2.61545454545454,55,0.16991300790318636
2805505,Poço Verde,SE,Nordeste,48.148148148148145,53.26,5.111851851851853,162,0.16982210806741915
4123956,Santa Mônica,PR,Sul,86.27450980392157,79.25,-7.024509803921575,51,0.16968821343589746
3104106,Arceburgo,MG,Sudeste,86.3013698630137,80.0,-6.301369863013704,73,0.1693612030860464
1710904,Itapiratins,TO,Norte,51.02040816326531,56.04,5.019591836734691,49,0.16934580493039428
2706604,Paulo Jacinto,AL,Nordeste,53.01204819277109,57.26,4.247951807228908,83,0.16929397858991688
4206751,Ibiam,SC,Sul,86.36363636363636,72.37,-13.993636363636355,22,0.16922763645203984
4128203,União da Vitória,PR,Sul,81.9376026272578,77.21,-4.727602627257809,609,0.1690768234541759
4212270,Passos Maia,SC,Sul,90.47619047619048,64.04,-26.436190476190475,21,0.16899310163810521
2202778,Colônia do Piauí,PI,Nordeste,75.0,69.49,-5.510000000000005,96,0.16895168893363996
2906402,Candeal,BA,Nordeste,47.45762711864407,53.36,5.90237288135593,59,0.16891775851262456
2510709,Passagem,PB,Nordeste,87.8048780487805,79.73,-8.07487804878049,41,0.16876644680596153
2702207,Coqueiro Seco,AL,Nordeste,46.42857142857143,55.69,9.261428571428567,84,0.1687467824980905
4213401,Ponte Serrada,SC,Sul,70.65217391304348,66.02,-4.632173913043488,92,0.16870683425848393
3136009,Joaíma,MG,Sudeste,62.99212598425197,60.67,-2.3221259842519686,127,0.16862807842182143
4111209,Itapejara d'Oeste,PR,Sul,83.6842105263158,77.5,-6.184210526315795,190,0.16852849725990135
2413508,Serrinha,RN,Nordeste,69.6969696969697,67.62,-2.076969696969698,66,0.16841410177271132
2915205,Itagibá,BA,Nordeste,62.18749999999999,57.15,-5.037499999999994,320,0.16817135511971035
3531407,Monte Aprazível,SP,Sudeste,81.59509202453987,76.46,-5.135092024539873,163,0.16805978350870493
4127601,Tijucas do Sul,PR,Sul,77.91164658634538,79.3,1.3883534136546132,249,0.1680278059059182
4323606,Vista Alegre do Prata,RS,Sul,100.0,80.0,-20.0,16,0.16798087116116414
4128401,Uraí,PR,Sul,84.84848484848484,78.08,-6.768484848484846,66,0.1679307440481381
4110656,Iracema do Oeste,PR,Sul,100.0,80.0,-20.0,17,0.1677812024623338
2104909,Guimarães,MA,Nordeste,82.66666666666667,80.0,-2.6666666666666714,150,0.1676077198407038
3505302,Barra Bonita,SP,Sudeste,69.26829268292683,68.34,-0.9282926829268234,205,0.16751748862098034
4112603,Jardim Olinda,PR,Sul,84.61538461538461,64.43,-20.185384615384606,13,0.1672010089348092
2613602,São José do Egito,PE,Nordeste,81.62650602409639,73.35,-8.276506024096392,332,0.1671287640681313
3528304,Magda,SP,Sudeste,96.7741935483871,80.0,-16.774193548387103,31,0.16709546858151297
4122206,Rio Branco do Sul,PR,Sul,74.89082969432314,70.7,-4.190829694323142,458,0.16701579627299667
2505279,Curral de Cima,PB,Nordeste,74.28571428571429,68.1,-6.1857142857142975,70,0.16701340768964665
4111605,Ivatuba,PR,Sul,100.0,79.33,-20.67,16,0.16691523613264367
3165560,Sem-Peixe,MG,Sudeste,90.0,78.03,-11.969999999999999,20,0.1667996250548573
4213005,Pinheiro Preto,SC,Sul,70.0,69.18,-0.8199999999999932,40,0.16673314011584367
2600401,Água Preta,PE,Nordeste,77.77777777777779,70.12,-7.657777777777781,189,0.16659203315832521
1704600,Chapada de Areia,TO,Norte,60.86956521739131,64.43,3.560434782608695,23,0.16658648731936884
3122702,Dom Silvério,MG,Sudeste,77.5,73.0,-4.5,40,0.1665147936866511
3552551,Suzanápolis,SP,Sudeste,100.0,80.0,-20.0,33,0.16646315383940963
2705804,Olho d'Água do Casado,AL,Nordeste,51.048951048951054,55.5,4.451048951048946,143,0.16641383832041062
2916807,Itarantim,BA,Nordeste,60.86956521739131,57.9,-2.969565217391313,184,0.16638040155308362
3515806,Flora Rica,SP,Sudeste,71.42857142857143,52.75,-18.67857142857143,14,0.1663401468094114
3166402,Seritinga,MG,Sudeste,80.76923076923077,71.56,-9.209230769230771,26,0.16628372444699702
4107157,Diamante D'Oeste,PR,Sul,83.92857142857143,73.19,-10.738571428571433,56,0.16627516149932703
2616100,Verdejante,PE,Nordeste,63.49206349206349,66.19,2.697936507936511,63,0.16607577873507273
5103106,Cocalinho,MT,Centro-Oeste,73.07692307692307,79.27,6.19307692307693,78,0.1659250414778758
4104451,Cantagalo,PR,Sul,77.41935483870968,72.41,-5.009354838709683,155,0.16590372594952185
4217808,Taió,SC,Sul,77.61194029850746,73.83,-3.7819402985074646,134,0.16585879518192376
3306156,Varre-Sai,RJ,Sudeste,88.0,80.0,-8.0,50,0.16581169078910366
3510401,Capivari,SP,Sudeste,75.44483985765125,71.8,-3.644839857651249,562,0.16561584395055737
3544400,Rubiácea,SP,Sudeste,63.63636363636363,66.2,2.5636363636363697,33,0.16547394673011293
4321634,Três Arroios,RS,Sul,100.0,80.0,-20.0,15,0.16544595797463008
3128204,Guaraciaba,MG,Sudeste,90.9090909090909,76.76,-14.149090909090901,11,0.16536092427932292
3133709,Itatiaiuçu,MG,Sudeste,78.26086956521739,75.85,-2.4108695652173964,184,0.16527994164132367
3156700,Sabará,MG,Sudeste,72.23650385604114,68.11,-4.12650385604114,1167,0.16525902796123657
3106606,Bertópolis,MG,Sudeste,75.0,69.28,-5.719999999999999,32,0.16516130310427096
3109808,Cachoeira Dourada,MG,Sudeste,90.0,80.0,-10.0,20,0.16509566679398208
3518008,Guarani d'Oeste,SP,Sudeste,100.0,80.0,-20.0,17,0.1650361861942885
4208955,Jardinópolis,SC,Sul,92.0,80.0,-12.0,25,0.16489620347961517
4314308,Pejuçara,RS,Sul,88.88888888888889,70.28,-18.608888888888885,18,0.1647717312830453
3539400,Piratininga,SP,Sudeste,64.46280991735537,63.86,-0.6028099173553727,121,0.16472384552873096
4128104,Umuarama,PR,Sul,78.99824253075572,71.63,-7.368242530755722,1138,0.1646468698494687
4212700,Petrolândia,SC,Sul,77.21518987341773,71.69,-5.52518987341773,79,0.16462973764479924
4217105,São Martinho,SC,Sul,91.30434782608695,73.59,-17.71434782608695,23,0.164618698033159
4316428,Sagrada Família,RS,Sul,85.0,79.33,-5.670000000000002,40,0.164606446140354
3548609,São Bento do Sapucaí,SP,Sudeste,77.38095238095238,70.52,-6.860952380952384,84,0.16409512966504058
3153608,Prudente de Morais,MG,Sudeste,67.64705882352942,65.95,-1.6970588235294173,102,0.16407494450110777
3202702,Itaguaçu,ES,Sudeste,84.86842105263158,76.68,-8.188421052631568,152,0.1640005021089115
1304237,Tonantins,AM,Norte,55.2870090634441,62.27,6.9829909365559,331,0.16398811572463812
1700350,Aliança do Tocantins,TO,Norte,86.66666666666667,80.0,-6.666666666666671,60,0.1639679325365894
3542503,Reginópolis,SP,Sudeste,87.5,80.0,-7.5,56,0.1639467231872004
2103802,Dom Pedro,MA,Nordeste,61.261261261261254,59.19,-2.071261261261256,222,0.16391978865074874
3533007,Nova Granada,SP,Sudeste,72.67441860465115,70.16,-2.514418604651155,172,0.16378797197386874
5006259,Novo Horizonte do Sul,MS,Centro-Oeste,51.80722891566265,63.04,11.232771084337351,83,0.16368139936543147
4214508,Rio do Campo,SC,Sul,84.81012658227847,73.6,-11.210126582278477,79,0.16356723266261475
1301159,Careiro da Várzea,AM,Norte,57.615894039735096,57.82,0.20410596026490424,151,0.1634972016822961
3157807,Santa Luzia,MG,Sudeste,70.49571020019066,65.21,-5.285710200190664,2098,0.16328349713191168
2301406,Aratuba,CE,Nordeste,87.09677419354838,80.0,-7.096774193548384,155,0.16316063572601439
4211256,Morro Grande,SC,Sul,95.65217391304348,75.36,-20.292173913043484,23,0.1630116871995677
4107546,Espigão Alto do Iguaçu,PR,Sul,77.77777777777779,75.63,-2.14777777777779,54,0.1629326107834084
3147204,Paraguaçu,MG,Sudeste,76.47058823529412,70.78,-5.690588235294115,204,0.16252989489627753
3124005,Ervália,MG,Sudeste,81.69014084507043,66.75,-14.940140845070431,142,0.16246446474272275
1101203,Ministro Andreazza,RO,Norte,83.9506172839506,75.92,-8.030617283950605,81,0.16243453975336616
2401859,Caiçara do Norte,RN,Nordeste,49.18032786885246,53.55,4.369672131147539,61,0.16240654552106146
4113429,Lidianópolis,PR,Sul,89.13043478260869,80.0,-9.130434782608688,46,0.16228282513971498
4312351,Montauri,RS,Sul,94.73684210526315,80.0,-14.73684210526315,19,0.1622326950800419
4119707,Planaltina do Paraná,PR,Sul,85.45454545454545,79.88,-5.574545454545458,55,0.16218621124692773
2307007,Jaguaruana,CE,Nordeste,86.45418326693228,80.0,-6.454183266932276,251,0.16217418348064236
3136900,Juruaia,MG,Sudeste,84.35374149659864,79.15,-5.203741496598639,147,0.1621569026396591
4210555,Marema,SC,Sul,95.83333333333334,77.38,-18.453333333333347,24,0.16209685685603842
2616183,Vertente do Lério,PE,Nordeste,87.27272727272727,80.0,-7.272727272727266,110,0.16207410227876343
3113107,Caranaíba,MG,Sudeste,92.3076923076923,74.62,-17.687692307692302,13,0.16202302756226214
3144672,Nova Belém,MG,Sudeste,62.06896551724138,64.43,2.361034482758626,29,0.16195450196984398
3163904,São Pedro da União,MG,Sudeste,88.23529411764706,78.31,-9.925294117647056,51,0.16187304511705336
4219408,Witmarsum,SC,Sul,82.8125,79.98,-2.832499999999996,64,0.161852083005176
1505700,Ponta de Pedras,PA,Norte,54.629629629629626,58.21,3.5803703703703746,216,0.16173277959301807
4304101,Campos Borges,RS,Sul,36.666666666666664,50.25,13.583333333333336,30,0.16163150871307802
3200300,Alfredo Chaves,ES,Sudeste,88.18897637795276,76.98,-11.208976377952752,127,0.1616066930646253
2507507,João Pessoa,PB,Nordeste,66.10468535581259,62.69,-3.414685355812594,5101,0.16159551475888287
1300060,Amaturá,AM,Norte,75.86206896551724,70.89,-4.972068965517238,116,0.16155602918021308
1301704,Humaitá,AM,Norte,62.5,64.56,2.0600000000000023,680,0.16140543242857544
3501004,Altinópolis,SP,Sudeste,77.33333333333333,73.85,-3.4833333333333343,150,0.16137984774188985
3113503,Carbonita,MG,Sudeste,80.45977011494253,71.84,-8.619770114942526,87,0.161025658564023
2909703,Cristópolis,BA,Nordeste,63.2258064516129,61.5,-1.7258064516128968,155,0.16102376211739994
2504033,Capim,PB,Nordeste,70.78651685393258,67.54,-3.246516853932576,89,0.16090079818065128
2603603,Camutanga,PE,Nordeste,71.42857142857143,67.57,-3.8585714285714374,49,0.16070624719037443
4201901,Aurora,SC,Sul,90.9090909090909,70.85,-20.059090909090912,22,0.16063175007380687
2211407,Várzea Grande,PI,Nordeste,92.3076923076923,80.0,-12.307692307692307,39,0.1604921683065584
4207858,Irati,SC,Sul,90.0,80.0,-10.0,30,0.16039288200740887
5103403,Cuiabá,MT,Centro-Oeste,61.739990113692535,66.47,4.730009886307464,6069,0.1603391105129513
3128501,Guarará,MG,Sudeste,90.32258064516128,80.0,-10.322580645161281,31,0.16031551662747862
4308458,Fortaleza dos Valos,RS,Sul,88.57142857142857,80.0,-8.57142857142857,35,0.1602673461811922
3135357,Japonvar,MG,Sudeste,88.46153846153845,77.21,-11.251538461538459,52,0.16003395503583226
1504059,Mãe do Rio,PA,Norte,61.28133704735376,62.02,0.7386629526462443,359,0.15999337259279398
3147956,Patis,MG,Sudeste,96.42857142857143,78.28,-18.14857142857143,28,0.15985279880428263
2108900,Poção de Pedras,MA,Nordeste,84.21052631578947,80.0,-4.2105263157894655,133,0.15972365096267796
2705200,Messias,AL,Nordeste,52.28070175438596,53.29,1.0092982456140405,285,0.15956924226276453
1302801,Maraã,AM,Norte,43.56435643564357,45.89,2.325643564356433,101,0.1595631697957754
2513927,São Bentinho,PB,Nordeste,79.41176470588235,72.56,-6.851764705882346,68,0.15936975641664325
3164902,São Sebastião do Rio Verde,MG,Sudeste,88.88888888888889,73.81,-15.078888888888883,27,0.1593369684533705
4207759,Iraceminha,SC,Sul,84.375,69.81,-14.564999999999998,32,0.15905342493195884
4101705,Araruna,PR,Sul,77.62237762237763,77.81,0.18762237762237532,143,0.15888249632688828
4209458,Lajeado Grande,SC,Sul,93.10344827586206,79.19,-13.913448275862066,29,0.15851657648780318
4119251,Pinhal de São Bento,PR,Sul,100.0,80.0,-20.0,33,0.15811880941060896
2308906,Morrinhos,CE,Nordeste,92.25806451612904,80.0,-12.25806451612904,310,0.1580453976103887
2515104,São Sebastião de Lagoa de Roça,PB,Nordeste,76.27118644067797,71.76,-4.51118644067796,59,0.1579269880720494
3163300,São José do Divino,MG,Sudeste,58.97435897435898,61.96,2.985641025641023,39,0.1579015633128258
3163003,São José da Safira,MG,Sudeste,86.95652173913044,75.93,-11.02652173913043,46,0.15780466153049533
2708709,São Miguel dos Milagres,AL,Nordeste,50.0,55.68,5.68,152,0.15763564201524385
5206602,Cumari,GO,Centro-Oeste,72.72727272727273,77.88,5.152727272727262,33,0.15759958024161233
3109006,Brumadinho,MG,Sudeste,77.72397094430993,74.76,-2.9639709443099207,413,0.1575058976794615
3305158,São José do Vale do Rio Preto,RJ,Sudeste,81.640625,75.35,-6.290625000000006,256,0.15748251721081094
4125902,São Pedro do Paraná,PR,Sul,89.65517241379311,75.62,-14.035172413793106,29,0.15745200301422663
3158300,Santana da Vargem,MG,Sudeste,96.0,72.0,-24.0,50,0.1573349576704222
4215554,Santa Helena,SC,Sul,91.17647058823529,79.06,-12.116470588235288,34,0.15731453276179316
3544251,Rosana,SP,Sudeste,76.40449438202246,69.31,-7.094494382022461,89,0.15695340413533826
3120904,Curvelo,MG,Sudeste,74.24441524310119,72.24,-2.0044152431011923,761,0.15685452023882004
5005806,Nioaque,MS,Centro-Oeste,57.377049180327866,66.47,9.092950819672133,183,0.1568534483046238
4202701,Botuverá,SC,Sul,80.48780487804879,74.27,-6.217804878048796,41,0.15680639245834846
4115358,Maripá,PR,Sul,83.75,80.0,-3.75,80,0.15672749453468948
1100148,Nova Brasilândia D'Oeste,RO,Norte,86.61087866108787,77.14,-9.470878661087866,239,0.15667367645027094
3150505,Pimenta,MG,Sudeste,86.20689655172413,76.08,-10.12689655172413,87,0.156668728327063
2100105,Afonso Cunha,MA,Nordeste,83.87096774193549,75.72,-8.150967741935489,62,0.15659295111821864
3140100,Marilac,MG,Sudeste,74.13793103448276,71.1,-3.0379310344827672,58,0.15658302719112147
4104055,Campo Bonito,PR,Sul,88.88888888888889,76.11,-12.778888888888886,45,0.15658236431551006
3128808,Guidoval,MG,Sudeste,74.11764705882354,70.47,-3.6476470588235372,85,0.15656296588367594
2914901,Itacaré,BA,Nordeste,50.8833922261484,54.28,3.396607773851599,283,0.15634270510311257
3529658,Mesópolis,SP,Sudeste,53.57142857142857,55.84,2.268571428571434,28,0.1559690196560723
4213203,Pomerode,SC,Sul,79.25170068027211,71.14,-8.111700680272108,294,0.1558097764672055
2800100,Amparo do São Francisco,SE,Nordeste,62.5,59.64,-2.8599999999999994,24,0.15578978802682325
4103206,Bom Sucesso,PR,Sul,64.77272727272727,66.26,1.4872727272727388,88,0.1557416908398713
3121407,Desterro de Entre Rios,MG,Sudeste,90.47619047619048,80.0,-10.476190476190482,63,0.15572108248777575
2802809,Indiaroba,SE,Nordeste,54.46428571428571,57.99,3.525714285714294,224,0.15571882849676952
4317806,Santo Augusto,RS,Sul,81.33333333333333,78.71,-2.623333333333335,75,0.15569988404711466
2922052,Mulungu do Morro,BA,Nordeste,53.2608695652174,47.16,-6.100869565217401,92,0.15568935861514047
3106804,Bias Fortes,MG,Sudeste,82.6086956521739,73.98,-8.628695652173903,23,0.1556534496023547
3302205,Itaperuna,RJ,Sudeste,76.88953488372093,73.91,-2.9795348837209303,688,0.1555143964237886
2912806,Ibirapuã,BA,Nordeste,74.26470588235294,69.79,-4.474705882352936,136,0.15545241382173125
4311130,Jari,RS,Sul,69.23076923076923,52.24,-16.990769230769224,26,0.15542224558696108
3527504,Lucianópolis,SP,Sudeste,87.5,77.16,-10.340000000000003,16,0.15529833257457082
2922706,Nova Canaã,BA,Nordeste,50.68493150684932,52.39,1.7050684931506837,146,0.15527101462467927
3115706,Central de Minas,MG,Sudeste,85.91549295774648,75.27,-10.645492957746484,71,0.15519599299907522
3119302,Coromandel,MG,Sudeste,85.71428571428571,60.03,-25.684285714285707,84,0.15512969496450302
1701002,Ananás,TO,Norte,57.41935483870968,58.93,1.51064516129032,155,0.1550256570182331
2933307,Vitória da Conquista,BA,Nordeste,62.19151036525172,63.3,1.108489634748274,3039,0.15497289352623467
3541505,Presidente Venceslau,SP,Sudeste,71.42857142857143,69.58,-1.8485714285714323,245,0.15484108155387802
3103108,Antônio Prado de Minas,MG,Sudeste,93.33333333333333,79.19,-14.14333333333333,15,0.15479731509050657
2610509,Passira,PE,Nordeste,84.93150684931507,77.18,-7.751506849315064,219,0.1547959205286266
4300646,Ametista do Sul,RS,Sul,61.64383561643836,63.89,2.2461643835616414,73,0.1547621492973928
1715101,Novo Acordo,TO,Norte,55.38461538461539,58.52,3.1353846153846163,65,0.15474123468530382
4108551,Godoy Moreira,PR,Sul,88.88888888888889,80.0,-8.888888888888886,27,0.15465462277830708
2209500,Santo Inácio do Piauí,PI,Nordeste,90.0,76.4,-13.599999999999994,30,0.15454065731564035
2509008,Manaíra,PB,Nordeste,87.6923076923077,80.0,-7.692307692307693,65,0.15437718620025287
3533205,Nova Independência,SP,Sudeste,66.66666666666666,64.32,-2.346666666666664,51,0.15422379085389992
2511202,Pedras de Fogo,PB,Nordeste,56.994818652849744,57.38,0.3851813471502581,386,0.15418348703997597
3148202,Patrocínio do Muriaé,MG,Sudeste,86.66666666666667,75.99,-10.676666666666677,60,0.1541104923777337
2403806,Florânia,RN,Nordeste,54.285714285714285,56.75,2.4642857142857153,70,0.15395797678679674
4306809,Encantado,RS,Sul,78.46153846153847,80.0,1.538461538461533,130,0.15389573450159771
2932606,Urandi,BA,Nordeste,76.97368421052632,69.16,-7.8136842105263185,152,0.15373370231954733
4101853,Ariranha do Ivaí,PR,Sul,100.0,77.56,-22.439999999999998,24,0.15363975154211434
3204708,São Gabriel da Palha,ES,Sudeste,87.6010781671159,75.89,-11.7110781671159,371,0.1536302380776914
3125101,Extrema,MG,Sudeste,75.49668874172185,68.38,-7.116688741721859,755,0.15349624191173875
3528700,Marabá Paulista,SP,Sudeste,82.85714285714286,75.36,-7.497142857142862,35,0.15293266069860129
3123528,Durandé,MG,Sudeste,87.5,78.99,-8.510000000000005,56,0.15285206592441922
3102050,Alto Caparaó,MG,Sudeste,88.60759493670885,80.0,-8.60759493670885,79,0.1528305231356626
4217154,São Miguel da Boa Vista,SC,Sul,95.83333333333334,80.0,-15.833333333333343,24,0.15253819725740275
1508050,Trairão,PA,Norte,76.30522088353415,75.05,-1.2552208835341503,249,0.15236129717547794
4209003,Joaçaba,SC,Sul,69.63350785340315,69.12,-0.5135078534031408,191,0.15231390966706812
3107109,Boa Esperança,MG,Sudeste,72.74881516587678,66.41,-6.338815165876781,422,0.15223802082910248
2408300,Nova Cruz,RN,Nordeste,47.78761061946903,53.11,5.322389380530971,113,0.15215750187868596
4115507,Marumbi,PR,Sul,79.66101694915254,68.37,-11.291016949152535,59,0.15214085008973116
2303907,Chaval,CE,Nordeste,87.70949720670392,77.4,-10.30949720670391,179,0.15195994334679575
2102705,Cantanhede,MA,Nordeste,75.10917030567686,66.01,-9.09917030567685,229,0.15187192719992695
2508802,Malta,PB,Nordeste,83.07692307692308,73.81,-9.266923076923078,65,0.1518569491748724
3203403,Mimoso do Sul,ES,Sudeste,84.89795918367346,73.61,-11.287959183673465,245,0.15185666238081677
4301958,Barra Funda,RS,Sul,89.47368421052632,73.98,-15.493684210526311,19,0.15180326120545182
2409100,Passa e Fica,RN,Nordeste,40.0,48.83,8.829999999999998,80,0.15175947717452642
3529609,Meridiano,SP,Sudeste,83.33333333333334,73.22,-10.113333333333344,30,0.15175682476375185
3161205,São Francisco de Paula,MG,Sudeste,89.83050847457628,79.25,-10.580508474576277,59,0.15174955695675882
3160207,Santo Antônio do Itambé,MG,Sudeste,70.73170731707317,62.82,-7.911707317073173,41,0.1517368451964106
4215307,Salete,SC,Sul,85.9375,78.87,-7.0674999999999955,64,0.15170817284999435
3169802,Turvolândia,MG,Sudeste,73.84615384615385,70.39,-3.4561538461538532,65,0.15168509126458307
2615607,Trindade,PE,Nordeste,76.0705289672544,69.39,-6.6805289672544035,397,0.15158950463484194
2205805,Luzilândia,PI,Nordeste,76.85185185185185,65.33,-11.52185185185185,216,0.15153836420763706
3127404,Gonçalves,MG,Sudeste,73.77049180327869,70.63,-3.1404918032786924,61,0.151511180128377
3130002,Ibituruna,MG,Sudeste,79.16666666666666,69.84,-9.326666666666654,24,0.15132956419924096
5005681,Mundo Novo,MS,Centro-Oeste,76.54867256637168,80.0,3.4513274336283217,226,0.15118276217207505
2111631,São Raimundo do Doca Bezerra,MA,Nordeste,73.21428571428571,67.67,-5.5442857142857065,56,0.15114735562871673
3130705,Indianópolis,MG,Sudeste,62.5,60.73,-1.7700000000000031,104,0.15114133003015467
3160702,Santos Dumont,MG,Sudeste,71.27659574468085,67.5,-3.776595744680847,94,0.15092380491066024
4310801,Ivoti,RS,Sul,70.08547008547008,78.54,8.454529914529928,234,0.15078414347974242
3108602,Brasília de Minas,MG,Sudeste,84.84848484848484,77.27,-7.578484848484848,66,0.15069774554907472
2610004,Palmares,PE,Nordeste,59.7911227154047,60.67,0.8788772845953048,383,0.1506843825186628
3145901,Ouro Branco,MG,Sudeste,76.0705289672544,72.26,-3.810528967254399,397,0.15068008691464638
4103040,Boa Ventura de São Roque,PR,Sul,86.15384615384616,77.12,-9.033846153846156,65,0.15050491942827188
3162559,São João do Manhuaçu,MG,Sudeste,81.33333333333333,78.18,-3.1533333333333218,150,0.15048598500330806
2924801,Piritiba,BA,Nordeste,62.857142857142854,60.7,-2.1571428571428513,140,0.15037978706839136
2302107,Baturité,CE,Nordeste,87.83783783783784,78.8,-9.037837837837841,370,0.1502309476991251
4307815,Estrela Velha,RS,Sul,91.42857142857143,80.0,-11.42857142857143,35,0.15019216529339835
4202503,Bom Jardim da Serra,SC,Sul,79.3103448275862,59.32,-19.990344827586206,29,0.15001103699428897
1200203,Cruzeiro do Sul,AC,Norte,59.190556492411474,56.26,-2.930556492411476,593,0.1499781514383812
1100015,Alta Floresta D'Oeste,RO,Norte,78.14814814814814,71.84,-6.308148148148135,270,0.14993140674073552
4316436,Saldanha Marinho,RS,Sul,67.85714285714286,60.58,-7.277142857142863,28,0.14982469212232305
2500734,Amparo,PB,Nordeste,100.0,80.0,-20.0,31,0.14972786158775603
3137502,Lagoa Formosa,MG,Sudeste,83.18181818181817,69.81,-13.37181818181817,220,0.14969067556023033
2205250,Jardim do Mulato,PI,Nordeste,84.0,68.7,-15.299999999999997,25,0.1496880437711565
4128559,Vera Cruz do Oeste,PR,Sul,80.0,65.66,-14.340000000000003,60,0.14953960517451417
4102505,Barbosa Ferraz,PR,Sul,85.36585365853658,80.0,-5.3658536585365795,82,0.1494487326611725
2807105,Simão Dias,SE,Nordeste,48.34437086092716,54.84,6.495629139072847,302,0.14906155644363422
4320503,Sertão,RS,Sul,70.73170731707317,69.45,-1.2817073170731703,41,0.14902812680500047
2108058,Paulino Neves,MA,Nordeste,83.25358851674642,72.0,-11.253588516746419,209,0.14901796315739435
3113008,Caraí,MG,Sudeste,68.0,60.12,-7.880000000000003,25,0.14894068321225915
2402303,Caraúbas,RN,Nordeste,50.96153846153846,49.33,-1.6315384615384616,104,0.14861530281717256
4200804,Anchieta,SC,Sul,87.09677419354838,78.61,-8.486774193548385,62,0.14843706058997758
3138609,Lima Duarte,MG,Sudeste,64.47368421052632,62.57,-1.9036842105263148,152,0.14837135950074365
3162955,São José da Lapa,MG,Sudeste,71.50997150997152,70.76,-0.7499715099715161,351,0.14817231370829062
1100288,Rolim de Moura,RO,Norte,87.01472556894244,74.01,-13.004725568942433,747,0.14816333754268698
2105401,Itapecuru Mirim,MA,Nordeste,77.65108323831242,66.17,-11.481083238312422,877,0.14802504920864124
3161700,São Gonçalo do Abaeté,MG,Sudeste,89.85507246376811,80.0,-9.85507246376811,69,0.1480010556167139
1703800,Buriti do Tocantins,TO,Norte,60.431654676258994,61.59,1.1583453237410097,139,0.14797346927736235
3510104,Cândido Rodrigues,SP,Sudeste,83.78378378378379,74.4,-9.383783783783784,37,0.14784083704643772
5221304,Três Ranchos,GO,Centro-Oeste,96.42857142857143,79.69,-16.738571428571433,28,0.14777830424956745
2923357,Ourolândia,BA,Nordeste,52.63157894736842,47.31,-5.321578947368415,190,0.14776567817328282
4113254,Laranjal,PR,Sul,58.333333333333336,59.2,0.8666666666666671,84,0.14770243528191937
3170701,Varginha,MG,Sudeste,70.03338898163605,64.79,-5.243388981636045,1198,0.1476110642859034
1504000,Limoeiro do Ajuru,PA,Norte,60.983606557377044,63.18,2.1963934426229557,305,0.147546585732596
5209200,Guapó,GO,Centro-Oeste,69.1119691119691,71.66,2.548030888030894,259,0.14741634371741813
4218509,Treze Tílias,SC,Sul,78.125,76.88,-1.2450000000000045,128,0.14739255610056937
2307205,Jati,CE,Nordeste,83.87096774193549,76.9,-6.970967741935482,93,0.14730314720921758
2515708,Serra Grande,PB,Nordeste,40.0,58.96,18.96,35,0.14728512550454362
2200053,Acauã,PI,Nordeste,93.22033898305084,80.0,-13.220338983050837,59,0.14723045381833502
2403004,Cruzeta,RN,Nordeste,64.51612903225806,65.37,0.8538709677419405,62,0.14713561940688716
4122107,Rio Bom,PR,Sul,90.32258064516128,80.0,-10.322580645161281,31,0.1470856940106132
4315354,Quinze de Novembro,RS,Sul,94.73684210526315,74.05,-20.686842105263153,19,0.14698882387098824
4104709,Carlópolis,PR,Sul,87.43169398907104,76.55,-10.881693989071039,183,0.1469491583971355
4204152,Celso Ramos,SC,Sul,93.54838709677419,78.52,-15.028387096774196,31,0.1468950668002628
4108957,Guamiranga,PR,Sul,86.66666666666667,79.73,-6.936666666666667,105,0.1466378397601647
2902005,Aracatu,BA,Nordeste,58.71559633027523,60.07,1.3544036697247677,109,0.1465970019773415
3134400,Iturama,MG,Sudeste,71.59904534606206,67.44,-4.159045346062058,419,0.14650996567336003
4313490,Novo Barreiro,RS,Sul,73.52941176470588,70.59,-2.9394117647058806,34,0.14648095610738718
4301008,Arroio do Meio,RS,Sul,74.47916666666666,80.0,5.520833333333343,192,0.1464331961281496
2931004,Tanhaçu,BA,Nordeste,72.1590909090909,68.91,-3.24909090909091,176,0.1464084180246377
5201207,Anhanguera,GO,Centro-Oeste,85.71428571428571,80.0,-5.714285714285708,14,0.14638557306410296
2108009,Pastos Bons,MA,Nordeste,84.31372549019608,76.79,-7.523725490196071,204,0.14632008760881235
3500402,Águas da Prata,SP,Sudeste,77.35849056603774,71.95,-5.408490566037742,53,0.14630332249157235
3106655,Berizal,MG,Sudeste,80.48780487804879,73.74,-6.747804878048797,41,0.14625950458729617
2613008,São Bento do Una,PE,Nordeste,75.56270096463022,67.47,-8.092700964630225,622,0.14620758770755807
5206909,Davinópolis,GO,Centro-Oeste,80.76923076923077,80.0,-0.7692307692307736,26,0.14619856947303406
3127354,Glaucilândia,MG,Sudeste,80.0,68.1,-11.900000000000006,25,0.14619126846116554
3115805,Centralina,MG,Sudeste,88.75,79.04,-9.709999999999994,80,0.14611900273899017
4108908,Guairaçá,PR,Sul,84.52380952380952,75.95,-8.573809523809516,84,0.14603993154005007
2700409,Atalaia,AL,Nordeste,56.355932203389834,54.31,-2.0459322033898317,472,0.14595113161968631
1505650,Placas,PA,Norte,71.34831460674157,64.92,-6.428314606741566,178,0.14593048918452134
3514924,Elisiário,SP,Sudeste,88.46153846153845,75.85,-12.611538461538458,26,0.14592298771065376
2204600,Hugo Napoleão,PI,Nordeste,93.33333333333333,80.0,-13.333333333333329,45,0.1458012117475486
4122909,Salto do Itararé,PR,Sul,80.3921568627451,71.83,-8.562156862745098,51,0.14571862915547037
3112604,Capinópolis,MG,Sudeste,66.22516556291392,65.05,-1.175165562913918,151,0.14570469676120693
1100106,Guajará-Mirim,RO,Norte,72.03389830508475,59.97,-12.063898305084749,472,0.14565327932507505
4118857,Perobal,PR,Sul,75.0,68.33,-6.670000000000002,88,0.14559907057662383
2506202,Frei Martinho,PB,Nordeste,69.23076923076923,58.21,-11.020769230769226,26,0.14545162532768716
2204402,Gilbués,PI,Nordeste,55.33980582524271,53.61,-1.729805825242714,103,0.14535760433626738
2509503,Montadas,PB,Nordeste,78.57142857142857,72.51,-6.061428571428564,84,0.1453296664448519
3204203,Piúma,ES,Sudeste,81.26801152737752,70.79,-10.478011527377518,347,0.14528017470290366
4313805,Palmitinho,RS,Sul,88.23529411764706,80.0,-8.235294117647058,51,0.1451566863397803
3507803,Brodowski,SP,Sudeste,70.24221453287197,66.33,-3.912214532871971,289,0.14515516132855372
3501509,Alvinlândia,SP,Sudeste,86.20689655172413,76.87,-9.336896551724124,29,0.145155070918188
3170602,Vargem Bonita,MG,Sudeste,80.0,68.95,-11.049999999999997,15,0.14515420521914424
2918902,Lajedão,BA,Nordeste,81.25,68.73,-12.519999999999996,32,0.1451178981895868
3103751,Araporã,MG,Sudeste,80.0,70.92,-9.079999999999998,95,0.14511395266642843
2302404,Boa Viagem,CE,Nordeste,90.45643153526972,80.0,-10.456431535269715,482,0.14507221606628481
4212056,Palmeira,SC,Sul,86.20689655172413,73.16,-13.046896551724132,29,0.14502516881175537
3557105,Votuporanga,SP,Sudeste,67.33333333333333,64.27,-3.0633333333333326,750,0.14499611652241978
2929503,São Sebastião do Passé,BA,Nordeste,66.78200692041523,64.4,-2.382006920415222,289,0.14487146152948002
3504701,Balbinos,SP,Sudeste,100.0,80.0,-20.0,18,0.1447886655727929
3148806,Pedra do Anta,MG,Sudeste,89.65517241379311,80.0,-9.65517241379311,29,0.14456374607452718
1501451,Belterra,PA,Norte,72.08121827411168,69.86,-2.2212182741116777,197,0.14453128930443182
2706307,Palmeira dos Índios,AL,Nordeste,52.43328100470958,54.19,1.75671899529042,637,0.14441474309317506
2516755,Tenório,PB,Nordeste,79.06976744186046,70.64,-8.429767441860463,43,0.14436019297315186
4116406,Nossa Senhora das Graças,PR,Sul,91.42857142857143,79.52,-11.908571428571435,35,0.1442602932463244
2112456,Turilândia,MA,Nordeste,72.54901960784314,67.74,-4.80901960784314,255,0.1440784882248473
4109658,Honório Serpa,PR,Sul,72.3076923076923,67.51,-4.7976923076923015,65,0.14400558280932976
2516201,Sousa,PB,Nordeste,71.9022687609075,61.29,-10.612268760907504,573,0.1439967927852773
5100359,Alto Boa Vista,MT,Centro-Oeste,82.14285714285714,80.0,-2.142857142857139,84,0.14386050158810273
3552601,Tabapuã,SP,Sudeste,87.75510204081633,80.0,-7.755102040816325,98,0.14375936443710993
2407609,Messias Targino,RN,Nordeste,32.25806451612903,42.37,10.111935483870965,31,0.14375915104027132
4109104,Guaporema,PR,Sul,90.625,80.0,-10.625,32,0.14364101091780873
3119807,Córrego Danta,MG,Sudeste,93.10344827586206,80.0,-13.103448275862064,29,0.1435149592072202
2702355,Craíbas,AL,Nordeste,63.837638376383765,62.14,-1.6976383763837646,271,0.1434983563132348
3144003,Mutum,MG,Sudeste,78.4090909090909,70.29,-8.1190909090909,88,0.14348767718041106
2502003,Belém do Brejo do Cruz,PB,Nordeste,72.22222222222221,68.28,-3.942222222222213,54,0.14345188781241167
3169307,Três Corações,MG,Sudeste,70.84639498432603,64.79,-6.056394984326019,638,0.14339461473022075
4205803,Garuva,SC,Sul,74.03508771929825,66.87,-7.165087719298242,285,0.14339332426358053
1101104,Itapuã do Oeste,RO,Norte,85.51724137931035,80.0,-5.517241379310349,145,0.14332873824766112
4108320,Francisco Alves,PR,Sul,79.71014492753623,73.95,-5.760144927536231,138,0.14324718214581095
3123304,Dores do Turvo,MG,Sudeste,85.45454545454545,78.16,-7.294545454545457,55,0.14323489490747995
3114550,Carneirinho,MG,Sudeste,77.77777777777779,65.58,-12.197777777777787,99,0.14312078734528644
3534500,Oscar Bressane,SP,Sudeste,91.30434782608695,73.71,-17.59434782608696,23,0.14309933591376167
4116307,Munhoz de Melo,PR,Sul,70.6896551724138,66.11,-4.579655172413794,58,0.1429715215853551
3143203,Monte Santo de Minas,MG,Sudeste,62.365591397849464,60.19,-2.175591397849466,186,0.1428715000461643
3103900,Araújos,MG,Sudeste,84.31372549019608,76.71,-7.603725490196084,102,0.14284715873358086
4112959,Juranda,PR,Sul,73.41772151898735,69.43,-3.9877215189873425,79,0.14283589117722578
2911303,Gentio do Ouro,BA,Nordeste,66.66666666666666,61.8,-4.86666666666666,96,0.14282073378304996
4126652,Sulina,PR,Sul,83.33333333333334,71.75,-11.583333333333343,42,0.14271440509538544
3134301,Itumirim,MG,Sudeste,76.31578947368422,69.15,-7.165789473684214,38,0.14270532033319783
2200459,Alvorada do Gurguéia,PI,Nordeste,78.57142857142857,73.78,-4.791428571428568,56,0.14249917261850137
1713304,Miranorte,TO,Norte,64.23357664233576,65.76,1.5264233576642425,137,0.14223640597485054
3171071,Veredinha,MG,Sudeste,96.875,70.62,-26.254999999999995,64,0.14215672290128095
4111555,Ivaté,PR,Sul,90.78947368421053,80.0,-10.789473684210535,76,0.14214239171563955
2933406,Wagner,BA,Nordeste,63.91752577319587,66.2,2.2824742268041334,97,0.14207844173594047
3520301,Iguape,SP,Sudeste,68.83561643835617,68.12,-0.7156164383561645,292,0.14198118897244308
4322855,Vespasiano Corrêa,RS,Sul,100.0,80.0,-20.0,26,0.1419758789001435
4204459,Coronel Martins,SC,Sul,96.66666666666667,76.54,-20.126666666666665,30,0.14188568758572276
2306405,Itapipoca,CE,Nordeste,88.19212808539027,80.0,-8.192128085390266,1499,0.14187666953098674
4307864,Fagundes Varela,RS,Sul,92.85714285714286,80.0,-12.857142857142861,28,0.14181333528693432
3146008,Ouro Fino,MG,Sudeste,76.69172932330827,71.48,-5.211729323308262,266,0.1418032539080393
4119657,Pitangueiras,PR,Sul,91.11111111111111,80.0,-11.111111111111114,45,0.14166619560254204
3100203,Abaeté,MG,Sudeste,67.15328467153284,65.64,-1.513284671532844,137,0.14153367719321835
3140407,Marmelópolis,MG,Sudeste,85.36585365853658,78.22,-7.145853658536581,41,0.1414913263908264
2614006,Serrita,PE,Nordeste,68.65671641791045,66.36,-2.296716417910446,201,0.14140578398612785
3550803,São Sebastião da Grama,SP,Sudeste,75.90361445783132,71.95,-3.9536144578313213,83,0.14139923621205588
3156809,Sabinópolis,MG,Sudeste,66.66666666666666,59.3,-7.36666666666666,36,0.1412512095755042
2204659,Ilha Grande,PI,Nordeste,60.60606060606061,58.9,-1.7060606060606105,132,0.1412022718835235
3512704,Corumbataí,SP,Sudeste,63.46153846153846,61.01,-2.451538461538462,52,0.14111497106773546
3169703,Turmalina,MG,Sudeste,73.95833333333334,66.47,-7.488333333333344,96,0.1411052520588036
4309100,Gramado,RS,Sul,72.5,79.48,6.980000000000004,400,0.14101457813785928
3117405,Conceição de Ipanema,MG,Sudeste,87.17948717948718,80.0,-7.179487179487182,39,0.14096260831583382
2210300,São Julião,PI,Nordeste,88.88888888888889,80.0,-8.888888888888886,54,0.14094994572329642
3126307,Fortaleza de Minas,MG,Sudeste,81.57894736842105,69.2,-12.378947368421052,38,0.14080711259043666
2102036,Bom Jesus das Selvas,MA,Nordeste,80.75117370892019,71.37,-9.381173708920187,426,0.14070290753508713
3146503,Pains,MG,Sudeste,84.61538461538461,73.35,-11.265384615384619,78,0.14059002978095217
2403756,Fernando Pedroza,RN,Nordeste,34.883720930232556,54.62,19.73627906976744,43,0.1405822543805483
2512721,Pedro Régis,PB,Nordeste,70.37037037037037,63.06,-7.310370370370364,27,0.14037232319128293
2301950,Barreira,CE,Nordeste,90.41095890410958,80.0,-10.410958904109577,292,0.14034029160173703
2605152,Dormentes,PE,Nordeste,79.16666666666666,72.03,-7.136666666666656,192,0.14033752262151292
4207809,Irani,SC,Sul,84.40366972477065,76.65,-7.753669724770646,109,0.1403194866764416
2919801,Macaúbas,BA,Nordeste,63.578274760383394,60.94,-2.6382747603833963,313,0.14029677534484333
3536257,Parisi,SP,Sudeste,87.09677419354838,78.18,-8.916774193548378,31,0.14026213481855296
4128658,Virmond,PR,Sul,88.23529411764706,79.26,-8.975294117647053,51,0.14026066060599332
4123105,Santa Amélia,PR,Sul,100.0,80.0,-20.0,28,0.1401672922805592
3114303,Carmo do Paranaíba,MG,Sudeste,80.6949806949807,74.83,-5.8649806949807015,259,0.14005598848588807
4215687,Santa Terezinha do Progresso,SC,Sul,79.41176470588235,66.56,-12.851764705882346,34,0.14004804144453104
2705903,Olho d'Água Grande,AL,Nordeste,88.0,80.0,-8.0,50,0.13994220392211554
1504752,Mojuí dos Campos,PA,Norte,64.47368421052632,67.11,2.6363157894736844,228,0.13992203432825942
2108306,Penalva,MA,Nordeste,79.71014492753623,67.25,-12.460144927536234,345,0.13985420445682883
2701704,Capela,AL,Nordeste,63.576158940397356,59.67,-3.9061589403973542,151,0.1396554343013452
4216909,São Lourenço do Oeste,SC,Sul,76.52173913043478,75.35,-1.171739130434787,345,0.13958051644808633
2110708,São Domingos do Maranhão,MA,Nordeste,64.32432432432432,60.0,-4.324324324324323,370,0.13953876207130175
4208609,Jaborá,SC,Sul,83.92857142857143,76.64,-7.28857142857143,56,0.13951180095883212
4315172,Protásio Alves,RS,Sul,96.7741935483871,79.99,-16.78419354838711,31,0.13944437628429684
5100102,Acorizal,MT,Centro-Oeste,50.0,57.82,7.82,84,0.13940249271266492
2917300,Ituberá,BA,Nordeste,64.70588235294117,61.26,-3.445882352941176,170,0.13932473749303617
3150406,Piedade dos Gerais,MG,Sudeste,86.53846153846155,75.63,-10.908461538461552,52,0.1392408430494753
1600808,Vitória do Jari,AP,Norte,49.47916666666667,51.85,2.37083333333333,192,0.13920468807196673
2608453,Lagoa do Carro,PE,Nordeste,64.12213740458014,63.57,-0.5521374045801437,131,0.1390545054887772
2209856,São João da Canabrava,PI,Nordeste,100.0,80.0,-20.0,41,0.13897126316466224
1501105,Bagre,PA,Norte,65.2439024390244,62.68,-2.563902439024396,328,0.13893783886745073
4210308,Major Vieira,SC,Sul,85.18518518518519,74.14,-11.04518518518519,81,0.13875740643026574
4123824,Santa Lúcia,PR,Sul,88.37209302325581,79.72,-8.652093023255816,43,0.13867932816888123
4206108,Grão-Pará,SC,Sul,88.09523809523809,72.14,-15.955238095238087,42,0.13863538754245952
1200351,Marechal Thaumaturgo,AC,Norte,76.43312101910828,69.25,-7.183121019108285,157,0.13856847636995073
3159209,Santa Rita de Caldas,MG,Sudeste,91.37931034482759,80.0,-11.379310344827587,58,0.13847397397432346
3546207,Santa Cruz da Conceição,SP,Sudeste,87.87878787878788,72.87,-15.00878787878787,33,0.13841210126381934
3143708,Morro do Pilar,MG,Sudeste,71.7948717948718,68.65,-3.14487179487179,39,0.13840397991815448
2101731,Belágua,MA,Nordeste,75.21367521367522,70.11,-5.103675213675217,117,0.1383290683548784
3146750,Palmópolis,MG,Sudeste,71.01449275362319,58.21,-12.804492753623187,69,0.13827898907340072
4318499,São José do Inhacorá,RS,Sul,96.55172413793103,80.0,-16.551724137931032,29,0.1381910153601633
2606606,Ibimirim,PE,Nordeste,73.28990228013029,64.83,-8.459902280130294,307,0.13808757322920664
2514206,São José da Lagoa Tapada,PB,Nordeste,92.85714285714286,80.0,-12.857142857142861,70,0.13797395562686257
4107405,Enéas Marques,PR,Sul,88.46153846153845,80.0,-8.461538461538453,52,0.13790907267647823
1200179,Capixaba,AC,Norte,45.63758389261745,51.21,5.572416107382551,149,0.13790418225002843
1501253,Bannach,PA,Norte,57.692307692307686,59.67,1.9776923076923154,52,0.13788754803177986
4214003,Presidente Getúlio,SC,Sul,81.56028368794325,70.66,-10.900283687943258,141,0.1378612510642082
3202504,Ibiraçu,ES,Sudeste,85.3211009174312,73.44,-11.881100917431198,109,0.137841417365808
1501907,Bujaru,PA,Norte,64.34426229508196,65.16,0.8157377049180354,244,0.1378291431582232
1508084,Tucumã,PA,Norte,67.77777777777779,68.94,1.162222222222212,540,0.13778678331284258
3548807,São Caetano do Sul,SP,Sudeste,70.59282371294852,70.03,-0.5628237129485143,1282,0.13773116895493165
3121308,Descoberto,MG,Sudeste,79.66101694915254,70.9,-8.761016949152534,59,0.13772240738420097
4107538,Entre Rios do Oeste,PR,Sul,88.57142857142857,80.0,-8.57142857142857,70,0.13768290083177087
2927309,Salinas da Margarida,BA,Nordeste,63.013698630136986,63.28,0.2663013698630152,219,0.1376073432445764
4217253,São Pedro de Alcântara,SC,Sul,91.30434782608695,76.7,-14.60434782608695,46,0.1375856935355912
1100809,Candeias do Jamari,RO,Norte,62.01550387596899,63.88,1.8644961240310138,387,0.13732870047813223
2925006,Planalto,BA,Nordeste,59.89010989010989,59.01,-0.8801098901098925,182,0.1372080357030687
3159704,Santa Rosa da Serra,MG,Sudeste,85.0,76.16,-8.840000000000003,40,0.13714803443613655
4108809,Guaíra,PR,Sul,79.31873479318735,71.17,-8.148734793187344,411,0.13705006981145432
4126504,Sertanópolis,PR,Sul,71.0691823899371,72.96,1.8908176100628964,159,0.1370444342952825
4202073,Balneário Gaivota,SC,Sul,63.53591160220995,60.85,-2.6859116022099485,181,0.13701555277579489
2928109,Santa Maria da Vitória,BA,Nordeste,54.97076023391813,54.29,-0.6807602339181287,342,0.13698871219881303
4304713,Caraá,RS,Sul,83.6734693877551,80.0,-3.6734693877551052,49,0.13697376185404012
2608404,Jurema,PE,Nordeste,73.20261437908496,66.23,-6.972614379084959,153,0.13688980624064223
2304459,Fortim,CE,Nordeste,88.18565400843882,80.0,-8.185654008438817,237,0.13685238507467626
2803708,Macambira,SE,Nordeste,57.14285714285714,57.97,0.8271428571428601,56,0.13680447088148073
3161403,São Francisco do Glória,MG,Sudeste,82.22222222222221,69.25,-12.972222222222214,45,0.13677437097697298
2913804,Ipecaetá,BA,Nordeste,49.473684210526315,55.88,6.4063157894736875,95,0.13664231420416093
5204250,Cachoeira Dourada,GO,Centro-Oeste,75.5813953488372,75.92,0.3386046511627967,86,0.13657212680582925
2905602,Camacan,BA,Nordeste,52.82258064516129,55.36,2.537419354838711,248,0.13650758681585323
3551207,Sarutaiá,SP,Sudeste,88.88888888888889,79.41,-9.47888888888889,36,0.13649111556225313
3122801,Dom Viçoso,MG,Sudeste,100.0,80.0,-20.0,22,0.13643917160412816
2911659,Guajeru,BA,Nordeste,54.929577464788736,52.2,-2.7295774647887328,71,0.13620761938962936
2906899,Caraíbas,BA,Nordeste,60.747663551401864,62.62,1.8723364485981335,107,0.13603147650743067
3545100,Salmourão,SP,Sudeste,71.66666666666667,68.09,-3.576666666666668,60,0.13595405242681288
2210201,São José do Piauí,PI,Nordeste,94.44444444444444,80.0,-14.444444444444443,36,0.1359403435742159
5003108,Corguinho,MS,Centro-Oeste,55.55555555555556,62.12,6.56444444444444,72,0.13590944734776023
5001243,Aral Moreira,MS,Centro-Oeste,69.18604651162791,76.66,7.473953488372089,172,0.1358922561187778
4321329,Taquaruçu do Sul,RS,Sul,92.5925925925926,80.0,-12.592592592592595,27,0.1358734256640441
3131109,Inimutaba,MG,Sudeste,64.1025641025641,59.34,-4.762564102564099,78,0.13587217462677328
2511004,Pedra Branca,PB,Nordeste,92.0,80.0,-12.0,50,0.1358129395715849
4128302,Uniflor,PR,Sul,95.83333333333334,69.66,-26.173333333333346,24,0.13578375267123352
2406155,Jundiá,RN,Nordeste,55.55555555555556,50.01,-5.545555555555559,9,0.13575700570986396
3539608,Planalto,SP,Sudeste,85.45454545454545,76.98,-8.47454545454545,55,0.135697498539625
2610400,Parnamirim,PE,Nordeste,66.85393258426966,63.73,-3.12393258426966,178,0.13557735217737985
3503356,Arco-Íris,SP,Sudeste,43.47826086956522,51.76,8.28173913043478,23,0.13551836213047308
3202306,Guaçuí,ES,Sudeste,82.80254777070064,76.73,-6.072547770700638,314,0.13549731415009747
2921500,Monte Santo,BA,Nordeste,50.31645569620253,53.35,3.03354430379747,316,0.13548844656780965
3112901,Caputira,MG,Sudeste,74.31192660550458,69.24,-5.071926605504586,109,0.1354839203977816
2914000,Ipirá,BA,Nordeste,56.27906976744186,52.73,-3.549069767441864,430,0.13542897288090155
4106456,Coronel Domingos Soares,PR,Sul,80.0,79.03,-0.9699999999999989,85,0.13541825778774969
3107406,Bom Despacho,MG,Sudeste,66.15853658536585,60.58,-5.578536585365853,328,0.13531918194289902
4320107,Sarandi,RS,Sul,72.3404255319149,75.38,3.0395744680850925,141,0.1353079812667715
1100601,Cacaulândia,RO,Norte,89.85507246376811,66.82,-23.035072463768117,69,0.13529781160126594
2932200,Ubaitaba,BA,Nordeste,55.15151515151515,52.6,-2.5515151515151473,165,0.1352512352246156
4115903,Mirador,PR,Sul,89.65517241379311,74.8,-14.855172413793113,29,0.13501728960064008
4306452,Dois Lajeados,RS,Sul,92.85714285714286,80.0,-12.857142857142861,28,0.1349694305626855
2510600,Ouro Velho,PB,Nordeste,100.0,80.0,-20.0,27,0.13496753813619056
3117306,Conceição das Alagoas,MG,Sudeste,69.72789115646259,67.21,-2.5178911564625963,294,0.13491167499965864
3148400,Paulistas,MG,Sudeste,86.36363636363636,74.81,-11.553636363636357,44,0.13478287404144673
3159357,Santa Rita de Minas,MG,Sudeste,76.5625,70.21,-6.352500000000006,64,0.13477600255593045
2921203,Miguel Calmon,BA,Nordeste,64.13043478260869,63.27,-0.8604347826086851,184,0.1347495377535197
3102605,Andradas,MG,Sudeste,79.33130699088146,67.67,-11.661306990881457,329,0.1346465094632885
1500305,Afuá,PA,Norte,52.84431137724551,53.29,0.4456886227544885,668,0.13464158459417955
2707503,Porto Real do Colégio,AL,Nordeste,75.43859649122807,73.44,-1.9985964912280707,114,0.134623035413128
5005202,Ladário,MS,Centro-Oeste,35.85434173669468,49.29,13.43565826330532,357,0.1343867839939849
4323101,Vicente Dutra,RS,Sul,88.57142857142857,75.8,-12.771428571428572,35,0.1343819653161849
3164100,São Pedro do Suaçuí,MG,Sudeste,86.11111111111111,73.1,-13.01111111111112,36,0.1343736946914034
2112308,Tuntum,MA,Nordeste,63.278688524590166,58.34,-4.938688524590162,305,0.1343717401675283
3151008,Piranguinho,MG,Sudeste,82.0754716981132,74.28,-7.795471698113204,106,0.1342781289164967
2204006,Francinópolis,PI,Nordeste,100.0,78.86,-21.14,24,0.13426836747080123
4103354,Braganey,PR,Sul,82.85714285714286,80.0,-2.857142857142861,70,0.13416831606625926
3164803,São Sebastião do Rio Preto,MG,Sudeste,100.0,72.91,-27.090000000000003,12,0.1341223776115572
3114204,Carmo do Cajuru,MG,Sudeste,82.23140495867769,73.19,-9.041404958677688,242,0.13411966707509276
4121307,Rancho Alegre,PR,Sul,96.66666666666667,78.33,-18.336666666666673,30,0.13398566531394193
2401503,Barcelona,RN,Nordeste,75.0,67.15,-7.849999999999994,28,0.13396400844831963
3146305,Padre Paraíso,MG,Sudeste,67.56756756756756,63.88,-3.6875675675675623,111,0.13378475563952252
2919504,Livramento de Nossa Senhora,BA,Nordeste,59.865470852017935,58.05,-1.8154708520179383,446,0.13361224555530257
1501956,Cachoeira do Piriá,PA,Norte,69.66292134831461,63.23,-6.432921348314615,178,0.1335363440157476
3106002,Bela Vista de Minas,MG,Sudeste,76.59574468085107,71.46,-5.135744680851076,94,0.13352316329350097
3203502,Montanha,ES,Sudeste,84.06374501992032,71.08,-12.98374501992032,251,0.1334508939039509
3108800,Braúnas,MG,Sudeste,92.5925925925926,75.77,-16.8225925925926,27,0.1334475868230836
3154507,Riacho dos Machados,MG,Sudeste,79.71014492753623,73.36,-6.350144927536235,69,0.1334346791123381
1302207,Juruá,AM,Norte,62.5,59.31,-3.1899999999999977,72,0.13336670179378543
4313359,Nova Roma do Sul,RS,Sul,100.0,80.0,-20.0,31,0.13333465691988858
2902500,Baianópolis,BA,Nordeste,61.87845303867403,58.88,-2.998453038674029,181,0.13323112851539184
4202537,Bom Jesus,SC,Sul,83.78378378378379,71.9,-11.883783783783784,37,0.13313957800128845
2709103,Taquarana,AL,Nordeste,60.629921259842526,61.23,0.6000787401574712,254,0.13300240240708286
1707405,Esperantina,TO,Norte,63.33333333333333,59.43,-3.903333333333329,120,0.13298392924750624
1707306,Dueré,TO,Norte,59.42028985507246,55.95,-3.4702898550724584,69,0.1329807388435767
4114302,Mandirituba,PR,Sul,81.49253731343283,79.65,-1.8425373134328282,335,0.13297261043308856
2405603,Jardim de Piranhas,RN,Nordeste,60.75949367088608,53.02,-7.739493670886077,79,0.1328467797013427
3517406,Guaíra,SP,Sudeste,67.96116504854369,66.94,-1.0211650485436934,309,0.13281956897536834
2207934,Pedro Laurentino,PI,Nordeste,75.0,57.66,-17.340000000000003,20,0.13276747078817291
4113403,Leópolis,PR,Sul,91.83673469387756,80.0,-11.83673469387756,49,0.13270621447430508
5202502,Aruanã,GO,Centro-Oeste,88.28828828828829,79.9,-8.38828828828828,111,0.13269266177942948
3555356,Ubarana,SP,Sudeste,82.85714285714286,69.87,-12.987142857142857,70,0.13268094452225346
2702553,Estrela de Alagoas,AL,Nordeste,60.47904191616767,55.7,-4.779041916167664,167,0.13265499084672944
4125357,São Jorge do Patrocínio,PR,Sul,83.56164383561644,76.88,-6.681643835616441,73,0.13263716849064067
2304806,Granjeiro,CE,Nordeste,92.40506329113924,80.0,-12.405063291139243,79,0.1325724044417558
1100130,Machadinho D'Oeste,RO,Norte,67.79661016949152,65.16,-2.6366101694915187,413,0.1324333605547391
3507209,Borá,SP,Sudeste,75.0,66.52,-8.480000000000004,12,0.13242485576332316
3142403,Moema,MG,Sudeste,89.28571428571429,80.0,-9.285714285714292,84,0.13232931283989266
1501576,Bom Jesus do Tocantins,PA,Norte,71.42857142857143,68.59,-2.838571428571427,168,0.13220498134614095
3548302,Santo Expedito,SP,Sudeste,90.0,80.0,-10.0,30,0.13210719048211644
3152131,Ponto Chique,MG,Sudeste,82.22222222222221,70.21,-12.01222222222222,45,0.13206355497689826
2901700,Antônio Cardoso,BA,Nordeste,52.21238938053098,55.29,3.07761061946902,113,0.13199331571983935
3155405,Rio Novo,MG,Sudeste,62.82051282051282,58.4,-4.420512820512819,78,0.1319018364479261
5000252,Alcinópolis,MS,Centro-Oeste,78.50467289719626,78.16,-0.3446728971962614,107,0.13175993229329952
2701902,Chã Preta,AL,Nordeste,79.51807228915662,61.13,-18.388072289156618,83,0.13173092144131981
2515203,São Sebastião do Umbuzeiro,PB,Nordeste,89.36170212765957,80.0,-9.36170212765957,47,0.13167845409701945
3503802,Artur Nogueira,SP,Sudeste,69.0909090909091,64.49,-4.600909090909099,605,0.131653567378008
4127106,Telêmaco Borba,PR,Sul,75.83603020496224,71.16,-4.676030204962245,927,0.13158453085815336
4315156,Progresso,RS,Sul,95.83333333333334,79.11,-16.723333333333343,24,0.13157992700372856
3515301,Estrela do Norte,SP,Sudeste,89.65517241379311,76.17,-13.485172413793109,29,0.13152594927450648
3304102,Porciúncula,RJ,Sudeste,67.76859504132231,56.22,-11.548595041322315,121,0.13152018463317117
2911857,Heliópolis,BA,Nordeste,49.152542372881356,53.68,4.527457627118643,118,0.13150182394272414
3511201,Catiguá,SP,Sudeste,70.58823529411765,66.65,-3.9382352941176464,68,0.13147861663089425
1506138,Redenção,PA,Norte,66.06409202958093,67.04,0.9759079704190725,1217,0.13144521110237117
5102603,Campinápolis,MT,Centro-Oeste,53.03030303030303,58.26,5.229696969696967,132,0.1314448511629659
2924900,Planaltino,BA,Nordeste,69.23076923076923,66.39,-2.840769230769226,39,0.13141673571877932
5101308,Arenápolis,MT,Centro-Oeste,63.46153846153846,70.72,7.258461538461539,156,0.1313352505793187
4311270,Lagoa dos Três Cantos,RS,Sul,93.33333333333333,70.5,-22.83333333333333,15,0.13114370624444788
2933604,Xique-Xique,BA,Nordeste,50.20325203252033,53.43,3.2267479674796675,492,0.13101563518794995
4110300,Inajá,PR,Sul,92.85714285714286,76.56,-16.29714285714286,28,0.1309711590977637
2512754,Riachão do Bacamarte,PB,Nordeste,60.0,61.52,1.5200000000000031,60,0.13097025004274576
2929909,Seabra,BA,Nordeste,64.19491525423729,63.73,-0.4649152542372903,472,0.13092678421033713
3125507,São Gonçalo do Rio Preto,MG,Sudeste,100.0,80.0,-20.0,15,0.13082532081784104
3544806,Sales,SP,Sudeste,82.85714285714286,73.58,-9.277142857142863,70,0.13080232566519795
4123303,Santa Cruz de Monte Castelo,PR,Sul,85.43689320388349,80.0,-5.436893203883486,103,0.13046903223652623
2613701,São Lourenço da Mata,PE,Nordeste,60.166468489892985,61.25,1.083531510107015,841,0.1304405349774045
4115853,Mercedes,PR,Sul,88.1578947368421,80.0,-8.157894736842096,76,0.13042478538593955
3164431,São Sebastião da Vargem Alegre,MG,Sudeste,83.33333333333334,66.18,-17.153333333333336,30,0.13036138841704498
2106631,Matões do Norte,MA,Nordeste,76.04166666666666,71.46,-4.5816666666666634,96,0.1303379614486728
2207553,Paquetá,PI,Nordeste,87.5,80.0,-7.5,48,0.13025978252063158
3553302,Tambaú,SP,Sudeste,70.45454545454545,63.24,-7.214545454545451,220,0.1302570558612917
2210979,Tanque do Piauí,PI,Nordeste,76.47058823529412,68.7,-7.770588235294113,34,0.13021852996827096
2202406,Capitão de Campos,PI,Nordeste,69.42675159235668,66.34,-3.086751592356677,157,0.13021194692991941
4103024,Boa Esperança do Iguaçu,PR,Sul,89.1891891891892,77.24,-11.949189189189198,37,0.1302058716392977
4210506,Maravilha,SC,Sul,83.90243902439025,80.0,-3.9024390243902474,205,0.1300587580422119
2111722,Satubinha,MA,Nordeste,91.56626506024097,80.0,-11.566265060240966,83,0.12986351892180728
2930600,Serrolândia,BA,Nordeste,49.2063492063492,54.62,5.413650793650795,126,0.12974730404642382
4128500,Wenceslau Braz,PR,Sul,81.85654008438819,80.0,-1.856540084388186,237,0.1296707215679837
4201604,Arroio Trinta,SC,Sul,100.0,80.0,-20.0,46,0.12953478525076306
4101309,Antônio Olinto,PR,Sul,91.35802469135803,80.0,-11.358024691358025,81,0.12931003807071928
4212601,Peritiba,SC,Sul,94.87179487179486,80.0,-14.871794871794862,39,0.1292832662483945
2106672,Milagres do Maranhão,MA,Nordeste,90.36144578313254,80.0,-10.361445783132538,83,0.1292270452750495
2110500,São Bento,MA,Nordeste,87.83783783783784,80.0,-7.837837837837839,296,0.12915558528428187
4118204,Paranaguá,PR,Sul,73.43848580441642,70.51,-2.928485804416411,1585,0.12909054435393758
2919009,Lajedinho,BA,Nordeste,71.42857142857143,64.43,-6.998571428571424,21,0.12907041013836554
2921401,Mirangaba,BA,Nordeste,55.55555555555556,55.19,-0.3655555555555594,153,0.12901930539358833
2501302,Aroeiras,PB,Nordeste,82.44897959183673,73.57,-8.878979591836739,245,0.12898589368536406
4321907,Três Passos,RS,Sul,75.33632286995515,80.0,4.663677130044846,223,0.12898262153418782
3548401,Santópolis do Aguapeí,SP,Sudeste,86.88524590163934,76.64,-10.245245901639336,61,0.1289668031657636
3104601,Astolfo Dutra,MG,Sudeste,81.42857142857143,77.18,-4.248571428571424,140,0.1289595120511439
2209559,São Braz do Piauí,PI,Nordeste,89.47368421052632,80.0,-9.473684210526315,57,0.12891133877647828
2107258,Nova Colinas,MA,Nordeste,87.14285714285714,80.0,-7.142857142857139,70,0.12888040220090968
3131000,Inhaúma,MG,Sudeste,66.66666666666666,62.83,-3.836666666666659,75,0.12881057192789164
3147501,Passabém,MG,Sudeste,100.0,80.0,-20.0,23,0.1287596853931959
3161106,São Francisco,MG,Sudeste,67.11229946524064,62.43,-4.682299465240639,374,0.12874446477535625
2803609,Laranjeiras,SE,Nordeste,33.04347826086956,41.54,8.496521739130436,230,0.1286771116726921
4211009,Mondaí,SC,Sul,76.61290322580645,73.9,-2.7129032258064427,124,0.12866419850685398
4302352,Bom Princípio,RS,Sul,75.96899224806202,76.55,0.5810077519379746,129,0.12846033279250918
4108106,Flórida,PR,Sul,97.14285714285714,70.96,-26.182857142857145,35,0.12843433951942554
3145372,Novorizonte,MG,Sudeste,84.48275862068965,73.62,-10.862758620689647,58,0.12842314226163754
3125804,Fernandes Tourinho,MG,Sudeste,80.76923076923077,71.29,-9.479230769230767,26,0.12837665860212885
3155603,Rio Pardo de Minas,MG,Sudeste,83.63636363636363,76.37,-7.2663636363636215,220,0.12835879892916593
2512002,Pocinhos,PB,Nordeste,72.88888888888889,60.19,-12.698888888888888,225,0.12811260418187886
3155009,Rio Doce,MG,Sudeste,100.0,80.0,-20.0,24,0.128091613177414
3165909,Senador Modestino Gonçalves,MG,Sudeste,89.47368421052632,77.46,-12.013684210526321,38,0.12808017849354444
3511904,Clementina,SP,Sudeste,70.96774193548387,64.98,-5.987741935483868,93,0.12788097145636815
2205508,José de Freitas,PI,Nordeste,70.77244258872652,64.34,-6.432442588726516,479,0.12786792336625294
2802304,Frei Paulo,SE,Nordeste,40.909090909090914,44.38,3.470909090909089,110,0.12784450170119258
3147402,Paraopeba,MG,Sudeste,66.16915422885572,63.82,-2.349154228855717,201,0.12778683317712777
2924405,Pilão Arcado,BA,Nordeste,44.650205761316876,48.31,3.6597942386831264,486,0.12776052439766963
1505205,Oeiras do Pará,PA,Norte,35.40372670807454,43.74,8.336273291925465,483,0.12770192576536435
3110400,Camacho,MG,Sudeste,91.42857142857143,80.0,-11.42857142857143,35,0.127502716130475
2105708,Lago da Pedra,MA,Nordeste,86.34361233480176,80.0,-6.343612334801762,454,0.12739208276327255
3161056,São Félix de Minas,MG,Sudeste,84.84848484848484,73.64,-11.208484848484844,33,0.1273394433025751
4211207,Morro da Fumaça,SC,Sul,78.03030303030303,73.6,-4.430303030303037,264,0.12728075425630114
1718709,Rio dos Bois,TO,Norte,60.0,42.77,-17.229999999999997,30,0.12726369032281817
2705309,Minador do Negrão,AL,Nordeste,48.0,52.76,4.759999999999998,75,0.1271165613968463
1709005,Goiatins,TO,Norte,40.714285714285715,37.38,-3.3342857142857127,140,0.12710124686435878
4113007,Jussara,PR,Sul,88.88888888888889,75.8,-13.088888888888889,90,0.12703375762175195
2203420,Domingos Mourão,PI,Nordeste,94.54545454545455,80.0,-14.545454545454547,55,0.12697037479587908
2603801,Capoeiras,PE,Nordeste,73.36448598130842,64.93,-8.434485981308413,214,0.1269567105771181
3114402,Carmo do Rio Claro,MG,Sudeste,79.62962962962963,71.16,-8.469629629629637,162,0.1268869196588526
3205069,Venda Nova do Imigrante,ES,Sudeste,89.58333333333334,80.0,-9.583333333333343,288,0.12666196785628892
4102752,Bela Vista da Caroba,PR,Sul,93.47826086956522,78.24,-15.238260869565224,46,0.1266536782922502
2510501,Olivedos,PB,Nordeste,87.09677419354838,66.64,-20.456774193548384,31,0.1265361350545008
3505203,Bariri,SP,Sudeste,76.2589928057554,71.98,-4.278992805755394,278,0.12648719035607933
3103504,Araguari,MG,Sudeste,72.57142857142857,63.34,-9.231428571428566,700,0.1264798328515214
2211605,Vila Nova do Piauí,PI,Nordeste,100.0,80.0,-20.0,20,0.12645094341177346
4321402,Tenente Portela,RS,Sul,70.0,73.39,3.3900000000000006,120,0.126385486073269
2708501,São Luís do Quitunde,AL,Nordeste,61.64021164021164,58.73,-2.9102116402116422,378,0.12635142731371085
3535002,Palestina,SP,Sudeste,74.52830188679245,68.53,-5.998301886792447,106,0.1262708406850414
4300505,Alpestre,RS,Sul,78.87323943661971,77.21,-1.663239436619719,71,0.1260238689289398
3119906,Córrego do Bom Jesus,MG,Sudeste,86.95652173913044,76.6,-10.356521739130443,46,0.12598806523390443
2930774,Sobradinho,BA,Nordeste,47.239263803680984,50.24,3.000736196319018,326,0.12584131927070713
3168101,Tapira,MG,Sudeste,75.80645161290323,67.57,-8.236451612903238,62,0.1257436277880703
3502200,Angatuba,SP,Sudeste,64.98316498316498,63.51,-1.4731649831649847,297,0.12573751778870162
4205506,Fraiburgo,SC,Sul,79.32692307692307,72.85,-6.476923076923072,416,0.12568030924135917
3520806,Inúbia Paulista,SP,Sudeste,93.75,80.0,-13.75,32,0.12531149431474134
2906006,Campo Formoso,BA,Nordeste,59.82142857142857,57.07,-2.751428571428569,672,0.1252491987153834
2411205,Santa Cruz,RN,Nordeste,39.9390243902439,46.23,6.290975609756096,328,0.12512548758426778
3138625,Limeira do Oeste,MG,Sudeste,81.52173913043478,72.16,-9.361739130434785,92,0.1250860839204914
2209153,Santa Cruz dos Milagres,PI,Nordeste,77.41935483870968,65.7,-11.719354838709677,31,0.12503733248991394
3122504,Dom Cavati,MG,Sudeste,87.5,77.1,-10.400000000000006,56,0.12500104227221517
3159902,Santo Antônio do Amparo,MG,Sudeste,85.29411764705883,80.0,-5.294117647058826,170,0.12485399216453313
1302108,Japurá,AM,Norte,83.06451612903226,78.49,-4.574516129032261,124,0.12482997136325488
4205001,Dionísio Cerqueira,SC,Sul,81.20805369127517,69.37,-11.838053691275164,149,0.12477016120735175
2931053,Tanque Novo,BA,Nordeste,83.09178743961353,71.29,-11.80178743961352,207,0.12452888370799176
2506509,Gurjão,PB,Nordeste,93.47826086956522,76.34,-17.138260869565215,46,0.12442268347047299
2930154,Serra do Ramalho,BA,Nordeste,57.85714285714286,56.7,-1.1571428571428584,420,0.12440998128726596
2205532,Jurema,PI,Nordeste,98.21428571428571,80.0,-18.214285714285708,56,0.12435825934585339
3300605,Bom Jesus do Itabapoana,RJ,Sudeste,73.06273062730627,68.49,-4.572730627306271,271,0.12427324430053703
3148905,Pedra do Indaiá,MG,Sudeste,96.96969696969697,80.0,-16.96969696969697,33,0.12424342765234518
3202603,Iconha,ES,Sudeste,87.5776397515528,77.96,-9.617639751552801,161,0.12416009471689253
2915601,Itamaraju,BA,Nordeste,61.89069423929099,61.25,-0.6406942392909869,677,0.12414417821095783
2205904,Manoel Emídio,PI,Nordeste,91.48936170212765,80.0,-11.489361702127653,47,0.12410755876936738
3103207,Araçaí,MG,Sudeste,90.625,80.0,-10.625,32,0.12398544453201163
3111507,Campos Altos,MG,Sudeste,78.66666666666666,68.67,-9.996666666666655,150,0.12397555386325938
3554508,Tietê,SP,Sudeste,71.29629629629629,63.56,-7.736296296296288,324,0.12396996514217236
2403301,Encanto,RN,Nordeste,66.66666666666666,63.13,-3.5366666666666546,63,0.12392278853136013
5103809,Figueirópolis D'Oeste,MT,Centro-Oeste,81.3953488372093,80.0,-1.3953488372092977,43,0.12391693091489635
3116506,Claro dos Poções,MG,Sudeste,86.95652173913044,74.64,-12.316521739130437,69,0.12384937714387417
2201572,Belém do Piauí,PI,Nordeste,100.0,80.0,-20.0,24,0.12378573572507048
4310439,Ipê,RS,Sul,89.36170212765957,80.0,-9.36170212765957,47,0.12376664189658891
4108452,Foz do Jordão,PR,Sul,87.87878787878788,80.0,-7.878787878787875,66,0.12376124290077159
4102703,Barra do Jacaré,PR,Sul,96.42857142857143,71.04,-25.388571428571424,28,0.12368560832692897
3122207,Divinolândia de Minas,MG,Sudeste,82.82828282828282,73.35,-9.478282828282829,99,0.12355902729646595
2513901,São Bento,PB,Nordeste,71.7557251908397,60.36,-11.395725190839698,262,0.1235096336920272
2400406,Água Nova,RN,Nordeste,51.21951219512195,54.91,3.690487804878046,41,0.12349493502731701
2700300,Arapiraca,AL,Nordeste,63.04436304436305,58.64,-4.404363044363052,2457,0.1232371136815729
3117207,Conceição das Pedras,MG,Sudeste,85.18518518518519,68.5,-16.68518518518519,27,0.12313752236555596
3113206,Carandaí,MG,Sudeste,82.14285714285714,75.55,-6.592857142857142,196,0.12307341635683804
5211305,Itarumã,GO,Centro-Oeste,76.08695652173914,78.17,2.083043478260862,46,0.1230474630573662
2802205,Feira Nova,SE,Nordeste,40.74074074074074,52.46,11.71925925925926,54,0.12298448869329437
2207850,Pavussu,PI,Nordeste,80.95238095238095,72.74,-8.212380952380954,42,0.12293843191047983
4211850,Ouro Verde,SC,Sul,80.76923076923077,61.52,-19.24923076923077,26,0.12278311155600935
2508554,Logradouro,PB,Nordeste,97.26027397260275,80.0,-17.260273972602747,73,0.12277484860946204
4110102,Imbituva,PR,Sul,81.59806295399515,80.0,-1.5980629539951536,413,0.12274500768538232
3541901,Queluz,SP,Sudeste,78.3132530120482,70.52,-7.793253012048197,83,0.12273174615080842
4107108,Diamante do Norte,PR,Sul,87.5,76.17,-11.329999999999998,48,0.1225980675617769
2509339,Matinhas,PB,Nordeste,94.44444444444444,79.59,-14.85444444444444,36,0.12259613022378887
4100707,Alto Piquiri,PR,Sul,78.44827586206897,77.1,-1.3482758620689737,116,0.12256424223257222
3517307,Guaimbê,SP,Sudeste,89.41176470588236,80.0,-9.411764705882362,85,0.12255397173104503
2112902,Vitória do Mearim,MA,Nordeste,64.70588235294117,63.89,-0.8158823529411734,255,0.12253454620119997
2105609,Joselândia,MA,Nordeste,78.62595419847328,66.78,-11.84595419847328,131,0.12247444577378146
2932408,Uibaí,BA,Nordeste,59.64912280701754,54.78,-4.86912280701754,114,0.1224557540793019
2922102,Mundo Novo,BA,Nordeste,52.84090909090909,50.36,-2.480909090909094,176,0.12232836698628341
3103801,Arapuá,MG,Sudeste,96.66666666666667,80.0,-16.66666666666667,30,0.12227896929209205
3515905,Floreal,SP,Sudeste,92.85714285714286,80.0,-12.857142857142861,28,0.12212233044845934
3170057,Ubaporanga,MG,Sudeste,82.02247191011236,73.83,-8.19247191011236,89,0.12208409021686259
2202851,Coronel José Dias,PI,Nordeste,77.08333333333334,70.12,-6.963333333333338,48,0.12208038647537953
2909604,Crisópolis,BA,Nordeste,70.34482758620689,64.59,-5.754827586206886,145,0.12205998170991696
3532306,Natividade da Serra,SP,Sudeste,63.38028169014085,59.15,-4.230281690140849,71,0.12204941251564962
1711506,Jaú do Tocantins,TO,Norte,75.67567567567568,70.1,-5.575675675675683,37,0.12194191979570096
2208858,Riacho Frio,PI,Nordeste,100.0,80.0,-20.0,72,0.1219278442210581
3168309,Taquaraçu de Minas,MG,Sudeste,82.0,72.61,-9.39,50,0.12179317658084475
2106300,Magalhães de Almeida,MA,Nordeste,75.72254335260115,65.26,-10.462543352601145,173,0.12178959593931035
2501534,Baraúna,PB,Nordeste,78.33333333333333,69.22,-9.11333333333333,60,0.12178049887648897
2903805,Boa Vista do Tupim,BA,Nordeste,56.774193548387096,54.98,-1.7941935483870992,155,0.12177068148125399
1200500,Sena Madureira,AC,Norte,77.85087719298247,70.47,-7.380877192982467,456,0.12159556297254374
2801108,Canhoba,SE,Nordeste,64.28571428571429,62.01,-2.275714285714294,56,0.12157317418170935
1715705,Palmeirante,TO,Norte,30.555555555555557,32.58,2.024444444444441,72,0.12133127173671228
1200336,Mâncio Lima,AC,Norte,58.671586715867164,53.44,-5.2315867158671665,271,0.12115748760063169
3507456,Borebi,SP,Sudeste,75.60975609756098,70.11,-5.499756097560976,41,0.12112943174357509
3540101,Pongaí,SP,Sudeste,100.0,80.0,-20.0,31,0.12104313986437924
3114709,Carvalhópolis,MG,Sudeste,92.85714285714286,78.3,-14.557142857142864,28,0.12102675901119196
5200159,Adelândia,GO,Centro-Oeste,81.81818181818183,80.0,-1.8181818181818272,22,0.12099696877760159
2207355,Pajeú do Piauí,PI,Nordeste,88.88888888888889,72.58,-16.308888888888887,27,0.12087833107370842
4108403,Francisco Beltrão,PR,Sul,84.6823324630113,79.81,-4.872332463011304,1149,0.12076812459711488
3159407,Santa Rita de Ibitipoca,MG,Sudeste,88.46153846153845,72.26,-16.201538461538448,26,0.12072347281347878
3129608,Ibiaí,MG,Sudeste,72.27722772277228,68.01,-4.267227722772276,101,0.12066676832793516
2901403,Angical,BA,Nordeste,61.206896551724135,57.83,-3.376896551724137,116,0.12062599231982857
3126802,Frei Gaspar,MG,Sudeste,70.66666666666667,65.38,-5.286666666666676,75,0.12059944020104624
4303707,Campina das Missões,RS,Sul,89.1891891891892,80.0,-9.189189189189193,37,0.12055783747244614
2806800,São Domingos,SE,Nordeste,52.94117647058824,52.47,-0.4711764705882402,68,0.12053109975991058
3167301,Silveirânia,MG,Sudeste,96.66666666666667,80.0,-16.66666666666667,30,0.1204621760432928
3515129,Emilianópolis,SP,Sudeste,82.75862068965517,63.33,-19.428620689655176,29,0.12044135974563437
3200904,Barra de São Francisco,ES,Sudeste,88.61985472154964,79.11,-9.509854721549644,413,0.1203599861909624
2804458,Nossa Senhora Aparecida,SE,Nordeste,63.793103448275865,57.85,-5.943103448275863,58,0.12033462014861873
3141801,Minas Novas,MG,Sudeste,81.81818181818183,74.69,-7.1281818181818295,242,0.12031731547116689
3124609,Estrela Dalva,MG,Sudeste,93.93939393939394,80.0,-13.939393939393938,33,0.12027902048710402
3164605,São Sebastião do Oeste,MG,Sudeste,82.87671232876713,75.39,-7.486712328767126,146,0.1202628888270405
2613305,São Joaquim do Monte,PE,Nordeste,85.99221789883269,73.85,-12.142217898832698,257,0.12021464866763283
3158805,Santana do Jacaré,MG,Sudeste,86.88524590163934,77.92,-8.965245901639335,61,0.12019611937504823
3151206,Pirapora,MG,Sudeste,69.34046345811052,64.17,-5.170463458110518,561,0.12016016666229073
2208700,Redenção do Gurguéia,PI,Nordeste,92.1875,80.0,-12.1875,64,0.12013052467224797
1101708,Urupá,RO,Norte,79.28571428571428,75.09,-4.195714285714274,140,0.12004259299530028
4209151,José Boiteux,SC,Sul,59.036144578313255,57.27,-1.7661445783132521,83,0.11999815101037091
3527108,Lins,SP,Sudeste,80.0,76.84,-3.1599999999999966,170,0.11999696599848016
2107209,Nina Rodrigues,MA,Nordeste,72.3076923076923,66.03,-6.2776923076923055,130,0.11999015556041867
2504009,Campina Grande,PB,Nordeste,69.42697414395528,60.33,-9.09697414395528,2862,0.11993808913785023
5206503,Cromínia,GO,Centro-Oeste,63.1578947368421,67.46,4.302105263157891,38,0.11990258549380965
3523404,Itatiba,SP,Sudeste,78.31558567279767,72.12,-6.195585672797662,1033,0.11981142403735674
3110509,Camanducaia,MG,Sudeste,73.79032258064517,66.83,-6.960322580645169,248,0.11971330558877818
2202604,Castelo do Piauí,PI,Nordeste,85.35564853556485,77.29,-8.065648535564847,239,0.11962672027874478
2414308,Timbaúba dos Batistas,RN,Nordeste,30.0,45.79,15.79,20,0.11960360321867856
4120333,Prado Ferreira,PR,Sul,89.47368421052632,78.13,-11.34368421052632,57,0.11960141419236887
2201507,Batalha,PI,Nordeste,80.50541516245488,61.03,-19.47541516245488,277,0.11955155916804405
4112900,Jundiaí do Sul,PR,Sul,85.0,67.95,-17.049999999999997,40,0.11953012839683506
2412559,São Miguel do Gostoso,RN,Nordeste,42.71844660194174,47.86,5.141553398058257,103,0.11946390692115363
2910008,Dário Meira,BA,Nordeste,55.94405594405595,57.68,1.7359440559440529,143,0.11944696596686766
4104501,Capanema,PR,Sul,82.28346456692913,79.13,-3.153464566929131,254,0.11944416961800117
5107297,São José do Povo,MT,Centro-Oeste,85.71428571428571,80.0,-5.714285714285708,35,0.11937905445414758
2933158,Várzea Nova,BA,Nordeste,59.183673469387756,54.59,-4.593673469387753,196,0.11937846908492158
2924702,Piripá,BA,Nordeste,78.75,71.69,-7.060000000000002,80,0.1193429694049899
3151503,Piumhi,MG,Sudeste,72.96511627906976,68.17,-4.7951162790697595,344,0.11929013155330688
2906907,Caravelas,BA,Nordeste,60.984848484848484,59.48,-1.5048484848484875,264,0.11916912056834307
3543253,Ribeirão Grande,SP,Sudeste,83.14606741573034,71.41,-11.736067415730346,89,0.1191391234802128
3107000,Biquinhas,MG,Sudeste,96.42857142857143,80.0,-16.42857142857143,28,0.11911884364967343
3515400,Fartura,SP,Sudeste,76.76056338028168,70.91,-5.8505633802816845,142,0.11889503003102206
2111748,Senador Alexandre Costa,MA,Nordeste,88.0,80.0,-8.0,100,0.11889145835752678
2204154,Francisco Macedo,PI,Nordeste,88.23529411764706,69.23,-19.005294117647054,34,0.11888400775060995
3201100,Bom Jesus do Norte,ES,Sudeste,80.18867924528303,73.15,-7.038679245283021,106,0.1188761303489727
1720937,Taipas do Tocantins,TO,Norte,82.14285714285714,67.45,-14.692857142857136,28,0.11862917290265014
3169406,Três Pontas,MG,Sudeste,77.15827338129496,70.13,-7.028273381294966,556,0.11861728049172494
4205431,Formosa do Sul,SC,Sul,89.1891891891892,72.27,-16.919189189189197,37,0.11859996272323989
2923902,Pau Brasil,BA,Nordeste,64.17910447761194,61.57,-2.609104477611943,134,0.11853547353293203
2600104,Afogados da Ingazeira,PE,Nordeste,85.26570048309179,72.87,-12.395700483091787,414,0.11848713066797596
2306306,Itapajé,CE,Nordeste,90.57471264367815,80.0,-10.574712643678154,435,0.11845158068832413
2613503,São José do Belmonte,PE,Nordeste,69.34782608695652,62.68,-6.6678260869565165,460,0.11841438603443792
3505005,Barão de Antonina,SP,Sudeste,82.5,72.35,-10.150000000000006,40,0.11840073210594333
2411700,São Bento do Trairí,RN,Nordeste,54.347826086956516,54.95,0.6021739130434867,46,0.11837158440374125
3129707,Ibiraci,MG,Sudeste,68.26923076923077,54.59,-13.67923076923077,104,0.11833646449371339
3533106,Nova Guataporanga,SP,Sudeste,90.47619047619048,72.91,-17.566190476190485,21,0.11831961243339585
2410801,Riacho de Santana,RN,Nordeste,72.22222222222221,63.11,-9.112222222222215,36,0.11825142402872377
3110608,Cambuí,MG,Sudeste,82.0,72.15,-9.849999999999994,300,0.11820454269428689
4216354,São João do Itaperiú,SC,Sul,79.41176470588235,67.06,-12.351764705882346,68,0.11806277109757403
4108601,Goioerê,PR,Sul,79.7945205479452,74.87,-4.924520547945193,292,0.11803687744647283
3132404,Itajubá,MG,Sudeste,81.46279949558638,69.43,-12.032799495586374,793,0.1180085561482752
2905107,Caém,BA,Nordeste,55.55555555555556,56.21,0.6544444444444437,99,0.11794017050965303
3536505,Paulínia,SP,Sudeste,67.83681214421252,63.64,-4.196812144212515,1054,0.11792247629315279
2500205,Aguiar,PB,Nordeste,91.66666666666666,73.96,-17.706666666666663,36,0.11781249468826487
2210383,São Miguel da Baixa Grande,PI,Nordeste,65.21739130434783,48.5,-16.717391304347828,23,0.11765259216259451
2604908,Cumaru,PE,Nordeste,85.71428571428571,78.01,-7.704285714285703,133,0.11746112731724608
2503209,Cabedelo,PB,Nordeste,76.40845070422534,63.86,-12.548450704225345,568,0.11743841881804269
2505808,Duas Estradas,PB,Nordeste,95.45454545454545,35.49,-59.96454545454545,22,0.11742563704385985
3135050,Jaíba,MG,Sudeste,68.55670103092784,60.55,-8.006701030927843,194,0.11736915000890458
1501782,Breu Branco,PA,Norte,55.61056105610561,53.58,-2.0305610561056113,606,0.11733048629661401
2210375,São Luis do Piauí,PI,Nordeste,79.16666666666666,68.79,-10.376666666666651,24,0.11731757871125235
1508001,Tomé-Açu,PA,Norte,61.18909991742362,63.38,2.190900082576384,1211,0.11726067220502417
3114907,Casa Grande,MG,Sudeste,100.0,73.98,-26.019999999999996,15,0.1172599520249456
1503002,Faro,PA,Norte,68.24324324324324,64.98,-3.263243243243238,148,0.1171557728609484
2608750,Lagoa Grande,PE,Nordeste,74.41176470588235,66.88,-7.5317647058823525,340,0.1170037816506776
3171303,Viçosa,MG,Sudeste,74.78753541076487,70.89,-3.897535410764874,353,0.11696602323480676
4107520,Esperança Nova,PR,Sul,77.77777777777779,60.16,-17.61777777777779,18,0.11692276427676292
2313401,Tianguá,CE,Nordeste,90.53097345132744,80.0,-10.53097345132744,1130,0.11668601319990202
1100031,Cabixi,RO,Norte,86.88524590163934,74.15,-12.735245901639331,61,0.11664751427250665
5201702,Aragarças,GO,Centro-Oeste,72.1951219512195,71.34,-0.8551219512195019,205,0.1166450811964237
5005251,Laguna Carapã,MS,Centro-Oeste,76.97841726618705,80.0,3.0215827338129486,139,0.11663040792029279
4103305,Borrazópolis,PR,Sul,91.66666666666666,80.0,-11.666666666666657,60,0.11661079222575088
2616506,Xexéu,PE,Nordeste,73.75,70.88,-2.8700000000000045,160,0.11647009745283377
4104253,Campo Magro,PR,Sul,73.42857142857143,69.47,-3.9585714285714317,350,0.11643983085550476
3524907,Jambeiro,SP,Sudeste,76.92307692307693,68.97,-7.953076923076935,65,0.11641758476091889
3171204,Vespasiano,MG,Sudeste,70.10796221322538,66.54,-3.567962213225371,1482,0.11638939858679183
4210902,Modelo,SC,Sul,91.11111111111111,80.0,-11.111111111111114,45,0.11632666151019434
2901155,América Dourada,BA,Nordeste,53.62318840579711,54.2,0.5768115942028942,207,0.11628706064513923
4109708,Ibaiti,PR,Sul,82.08469055374593,76.12,-5.964690553745925,307,0.11627926924878737
4207007,Içara,SC,Sul,81.48893360160966,74.49,-6.998933601609664,497,0.11626145060406257
3111705,Canaã,MG,Sudeste,96.875,77.76,-19.114999999999995,32,0.11620968595096941
2501005,Araruna,PB,Nordeste,65.28497409326425,56.09,-9.19497409326425,193,0.11610450643947651
2707305,Porto Calvo,AL,Nordeste,55.42168674698795,56.93,1.508313253012048,332,0.1160821681120831
4103800,Cambira,PR,Sul,89.36170212765957,80.0,-9.36170212765957,94,0.1159744341236211
5106109,Nossa Senhora do Livramento,MT,Centro-Oeste,71.62162162162163,73.87,2.2483783783783764,148,0.11588713034911395
2805208,Pinhão,SE,Nordeste,48.837209302325576,41.48,-7.357209302325579,43,0.11585504521269686
2931202,Taperoá,BA,Nordeste,59.71223021582733,58.28,-1.4322302158273317,139,0.11575855863667137
3529807,Mineiros do Tietê,SP,Sudeste,71.28712871287128,62.17,-9.117128712871278,101,0.11548368388304552
4128708,Vitorino,PR,Sul,79.66101694915254,75.33,-4.331016949152541,118,0.11526946897825541
3121100,Delfim Moreira,MG,Sudeste,80.82191780821918,71.29,-9.531917808219177,73,0.11522446651579593
2400901,Antônio Martins,RN,Nordeste,48.0,49.33,1.3299999999999983,25,0.11507317387551257
3170651,Vargem Grande do Rio Pardo,MG,Sudeste,78.66666666666666,70.37,-8.296666666666653,75,0.11505688583291065
2409605,Pedra Preta,RN,Nordeste,64.70588235294117,60.16,-4.545882352941177,34,0.11500997209224843
4219358,Vitor Meireles,SC,Sul,81.66666666666667,61.52,-20.14666666666667,60,0.11489281790700612
2800670,Boquim,SE,Nordeste,47.22222222222222,47.4,0.17777777777777715,144,0.11487337086983437
4103008,Boa Esperança,PR,Sul,93.84615384615384,80.0,-13.84615384615384,65,0.11484667603672849
3113800,Carmésia,MG,Sudeste,80.64516129032258,52.58,-28.06516129032258,31,0.11484388573245745
2610806,Pedra,PE,Nordeste,63.51351351351351,62.86,-0.6535135135135093,222,0.11484362727667342
1712157,Lavandeira,TO,Norte,90.9090909090909,74.22,-16.689090909090908,22,0.11482509039415971
4105409,Chopinzinho,PR,Sul,82.3045267489712,80.0,-2.304526748971199,243,0.11481581694471825
1720655,Silvanópolis,TO,Norte,60.256410256410255,55.82,-4.436410256410255,78,0.11481464222461538
1500347,Água Azul do Norte,PA,Norte,71.63461538461539,51.19,-20.44461538461539,208,0.11476606785336524
2704203,Limoeiro de Anadia,AL,Nordeste,58.83977900552486,60.91,2.070220994475136,362,0.11472488608539295
3101805,Alpercata,MG,Sudeste,68.85245901639344,62.37,-6.482459016393442,61,0.1146469650141308
2311264,Quiterianópolis,CE,Nordeste,92.34449760765551,80.0,-12.344497607655512,209,0.11463649235206377
4113452,Lindoeste,PR,Sul,92.10526315789474,80.0,-12.10526315789474,76,0.11453696452649809
3127370,Goiabeira,MG,Sudeste,83.33333333333334,73.47,-9.863333333333344,54,0.11447746996847617
4202602,Bom Retiro,SC,Sul,61.53846153846154,54.37,-7.168461538461543,65,0.11447227428702958
3153301,Presidente Kubitschek,MG,Sudeste,92.6829268292683,77.64,-15.042926829268296,41,0.11446589097615806
5205497,Cidade Ocidental,GO,Centro-Oeste,66.56511805026656,65.11,-1.455118050266563,1313,0.1144374140664428
2503407,Cacimba de Areia,PB,Nordeste,93.54838709677419,71.51,-22.038387096774187,31,0.11442540132965094
4320305,Selbach,RS,Sul,85.71428571428571,61.36,-24.35428571428571,14,0.11442021062659648
3132503,Itamarandiba,MG,Sudeste,81.36200716845879,69.1,-12.262007168458794,279,0.11432594675476362
3172103,Volta Grande,MG,Sudeste,76.47058823529412,64.83,-11.640588235294118,51,0.11429108425138718
2210003,São João do Piauí,PI,Nordeste,71.2,61.41,-9.790000000000006,250,0.11420320200763046
2930105,Senhor do Bonfim,BA,Nordeste,47.81704781704782,45.0,-2.817047817047822,481,0.11410680384605926
3147808,Passa Vinte,MG,Sudeste,83.78378378378379,70.11,-13.67378378378379,37,0.11409744584428183
2709400,Viçosa,AL,Nordeste,63.91304347826087,58.98,-4.9330434782608705,230,0.11407995404255707
2205003,Itainópolis,PI,Nordeste,88.78504672897196,76.79,-11.995046728971957,107,0.11401875534156349
2409704,Pedro Avelino,RN,Nordeste,36.36363636363637,44.6,8.236363636363635,44,0.1139736832774204
2413003,São Vicente,RN,Nordeste,89.65517241379311,71.04,-18.615172413793104,29,0.11393212861627444
4202206,Benedito Novo,SC,Sul,76.92307692307693,70.25,-6.673076923076934,52,0.11391303985370799
4318481,São José do Hortêncio,RS,Sul,87.5,79.3,-8.200000000000003,48,0.11386982455656129
3155702,Rio Piracicaba,MG,Sudeste,84.7457627118644,78.33,-6.415762711864403,118,0.11385025961379533
2904605,Brumado,BA,Nordeste,68.64686468646865,66.13,-2.516864686468651,606,0.11384393410997694
2701803,Carneiros,AL,Nordeste,59.64912280701754,60.95,1.3008771929824618,171,0.11368031069101846
4119103,Piên,PR,Sul,87.11340206185567,80.0,-7.113402061855666,194,0.1136332739257654
2202802,Conceição do Canindé,PI,Nordeste,75.0,62.99,-12.009999999999998,76,0.11362919788415358
5105903,Nobres,MT,Centro-Oeste,63.44827586206897,68.0,4.551724137931032,290,0.11356417317486493
2916609,Itapitanga,BA,Nordeste,54.929577464788736,53.43,-1.4995774647887359,71,0.11341136830376657
4105508,Cianorte,PR,Sul,85.83333333333333,79.75,-6.083333333333329,960,0.11333438219388019
1709500,Gurupi,TO,Norte,63.8095238095238,61.46,-2.3495238095238022,840,0.11329731647121778
4112751,Jesuítas,PR,Sul,90.76923076923077,80.0,-10.769230769230774,65,0.11327988536938889
3104403,Argirita,MG,Sudeste,89.65517241379311,67.08,-22.575172413793112,29,0.1131929538345214
2601508,Belém de Maria,PE,Nordeste,83.16831683168317,75.26,-7.908316831683166,101,0.11298175883660533
2932309,Ubatã,BA,Nordeste,58.08383233532935,53.7,-4.383832335329345,167,0.11284857009157327
4314456,Pinhal,RS,Sul,71.42857142857143,67.75,-3.6785714285714306,42,0.11264446088140888
2908408,Conceição do Coité,BA,Nordeste,50.76335877862596,51.77,1.0066412213740463,524,0.11263878090784227
2912707,Ibirapitanga,BA,Nordeste,61.33333333333333,53.57,-7.763333333333328,225,0.11262981046001332
3536604,Paulo de Faria,SP,Sudeste,75.0,64.62,-10.379999999999995,52,0.11261250393867464
4124707,São Jerônimo da Serra,PR,Sul,87.5,80.0,-7.5,96,0.11252658412429652
2111102,São João dos Patos,MA,Nordeste,78.76712328767124,66.28,-12.487123287671238,292,0.11251666904530211
1718659,Rio da Conceição,TO,Norte,42.30769230769231,42.81,0.5023076923076957,26,0.1125141259084289
1709302,Guaraí,TO,Norte,61.67400881057269,56.64,-5.034008810572686,227,0.11246220564786241
4212304,Paulo Lopes,SC,Sul,74.81481481481481,71.09,-3.724814814814806,135,0.11240386590590884
2612406,Sanharó,PE,Nordeste,69.76744186046511,59.99,-9.77744186046511,215,0.11229734470864522
2904407,Brejolândia,BA,Nordeste,61.25000000000001,59.59,-1.6600000000000037,80,0.1122702360305777
3114600,Carrancas,MG,Sudeste,89.28571428571429,74.8,-14.485714285714295,28,0.11225516313572696
2930402,Serra Preta,BA,Nordeste,48.0,53.97,5.969999999999999,125,0.11220227039918211
2601706,Belo Jardim,PE,Nordeste,68.31168831168831,64.27,-4.041688311688318,770,0.1120000662506308
3125200,Fama,MG,Sudeste,100.0,75.64,-24.36,19,0.11199106929480801
2614303,Moreilândia,PE,Nordeste,64.36781609195403,61.31,-3.057816091954024,87,0.11192777100730798
3127305,Galiléia,MG,Sudeste,70.3125,62.98,-7.332500000000003,64,0.11190403707728988
3139607,Mantena,MG,Sudeste,72.35023041474655,64.4,-7.950230414746542,217,0.11189919019606052
3144201,Nacip Raydan,MG,Sudeste,86.20689655172413,68.88,-17.326896551724133,29,0.11186049130331904
2901007,Amargosa,BA,Nordeste,71.42857142857143,64.99,-6.438571428571436,273,0.11175638370293926
3132008,Itacambira,MG,Sudeste,100.0,79.19,-20.810000000000002,21,0.11156976313573275
2919959,Maetinga,BA,Nordeste,74.46808510638297,70.04,-4.428085106382966,47,0.11156294745014456
3526605,Lavrinhas,SP,Sudeste,68.65671641791045,65.81,-2.846716417910443,67,0.11146050769290956
2700508,Barra de Santo Antônio,AL,Nordeste,49.54545454545455,53.13,3.584545454545456,220,0.1114428106011088
2922250,Muquém do São Francisco,BA,Nordeste,47.286821705426355,53.4,6.113178294573643,129,0.11127812570914482
1702901,Axixá do Tocantins,TO,Norte,54.95495495495496,52.98,-1.9749549549549599,111,0.11127243046447836
3544707,Sagres,SP,Sudeste,88.57142857142857,74.76,-13.811428571428564,35,0.11124285201488812
2606101,Glória do Goitá,PE,Nordeste,75.92592592592592,74.92,-1.0059259259259221,216,0.11120240185318375
2108207,Pedreiras,MA,Nordeste,85.04983388704319,73.64,-11.409833887043192,301,0.11106264922388145
3152907,Pratápolis,MG,Sudeste,83.07692307692308,70.85,-12.226923076923086,65,0.11099322769024232
1701903,Araguacema,TO,Norte,63.04347826086957,58.16,-4.883478260869573,92,0.11088571066272115
2201176,Barra D'Alcântara,PI,Nordeste,91.42857142857143,70.11,-21.31857142857143,35,0.11084350872963841
2602506,Brejinho,PE,Nordeste,86.48648648648648,75.37,-11.11648648648648,111,0.11081337398785478
2201945,Boqueirão do Piauí,PI,Nordeste,94.23076923076923,80.0,-14.230769230769226,52,0.11074559712664817
3134608,Jaboticatubas,MG,Sudeste,80.35714285714286,74.29,-6.067142857142855,224,0.11072491944470617
3504305,Avaí,SP,Sudeste,82.6086956521739,67.18,-15.4286956521739,46,0.11070248291944756
4124053,Santa Terezinha de Itaipu,PR,Sul,84.4311377245509,80.0,-4.431137724550894,334,0.11062434357708852
3150604,Piracema,MG,Sudeste,82.75862068965517,73.07,-9.688620689655181,58,0.11060641270191526
2410702,Riacho da Cruz,RN,Nordeste,60.0,49.16,-10.840000000000003,30,0.11053204446018139
3136652,Juatuba,MG,Sudeste,68.62745098039215,63.15,-5.477450980392156,357,0.11025415402954165
1101450,Parecis,RO,Norte,82.6923076923077,70.07,-12.6223076923077,52,0.11016447262948166
1707652,Figueirópolis,TO,Norte,85.18518518518519,70.74,-14.445185185185196,81,0.110075265202186
2210102,São José do Peixe,PI,Nordeste,97.61904761904762,77.78,-19.83904761904762,42,0.11005246612353774
4107009,Curiúva,PR,Sul,84.21052631578947,80.0,-4.2105263157894655,190,0.1100304247170324
4106852,Cruzmaltina,PR,Sul,100.0,80.0,-20.0,43,0.10993095476219533
3505104,Barbosa,SP,Sudeste,83.82352941176471,71.98,-11.843529411764706,68,0.10992311863889596
3301876,Iguaba Grande,RJ,Sudeste,77.9291553133515,70.78,-7.1491553133515,367,0.10980874310093779
4108650,Goioxim,PR,Sul,90.32258064516128,80.0,-10.322580645161281,62,0.10979471479185525
4126272,Saudade do Iguaçu,PR,Sul,88.18181818181819,80.0,-8.181818181818187,110,0.10975344077468852
4103453,Cafelândia,PR,Sul,82.78388278388277,80.0,-2.783882783882774,273,0.10975132594861252
4207700,Ipumirim,SC,Sul,75.78947368421053,66.48,-9.30947368421053,95,0.10972389024549847
3154903,Rio Casca,MG,Sudeste,75.78125,69.36,-6.421250000000001,128,0.10971676495297783
3105202,Bandeira,MG,Sudeste,87.09677419354838,70.92,-16.176774193548383,31,0.10969214205947087
3138203,Lavras,MG,Sudeste,73.53324641460235,67.64,-5.893246414602345,767,0.10943997135000423
4213153,Planalto Alegre,SC,Sul,95.74468085106383,79.76,-15.984680851063828,47,0.10943107256050662
2804409,Neópolis,SE,Nordeste,43.22033898305085,46.09,2.869661016949152,118,0.1093616733543435
4314787,Ponte Preta,RS,Sul,96.42857142857143,69.55,-26.878571428571433,28,0.10932689883782708
1720002,Santa Terezinha do Tocantins,TO,Norte,84.0,67.55,-16.450000000000003,25,0.10925371097298296
1716505,Pedro Afonso,TO,Norte,64.88888888888889,66.02,1.1311111111111103,225,0.1092139139660192
3149507,Pequeri,MG,Sudeste,81.81818181818183,54.09,-27.728181818181824,33,0.10920274455878584
2900207,Abaré,BA,Nordeste,52.702702702702695,51.56,-1.1427027027026924,222,0.10918160915268763
5106281,Novo São Joaquim,MT,Centro-Oeste,65.42056074766354,68.95,3.5294392523364593,107,0.10904643519076608
2405504,Jardim de Angicos,RN,Nordeste,44.680851063829785,41.89,-2.790851063829784,47,0.10901792045109546
3153905,Raposos,MG,Sudeste,67.74193548387096,63.59,-4.1519354838709575,155,0.10899714277262616
2111805,Sítio Novo,MA,Nordeste,65.54621848739495,60.32,-5.226218487394952,238,0.1088996498489745
2806404,Santana do São Francisco,SE,Nordeste,46.666666666666664,51.98,5.313333333333333,90,0.10884459236755964
2918100,Jeremoabo,BA,Nordeste,44.44444444444444,50.67,6.225555555555559,261,0.10876151529186091
2203230,Currais,PI,Nordeste,94.11764705882352,80.0,-14.117647058823522,34,0.10870237433926416
4217550,Serra Alta,SC,Sul,92.6829268292683,80.0,-12.682926829268297,41,0.10868557350668892
2909901,Curaçá,BA,Nordeste,52.46636771300448,52.51,0.04363228699551769,446,0.10863446702520776
4319307,São Paulo das Missões,RS,Sul,90.38461538461539,78.72,-11.664615384615388,52,0.10849491128202658
2601805,Betânia,PE,Nordeste,87.67123287671232,74.85,-12.82123287671233,146,0.10846430405211507
3118809,Coração de Jesus,MG,Sudeste,96.0,72.37,-23.629999999999995,25,0.10840755650642057
3166303,Sericita,MG,Sudeste,82.6086956521739,73.87,-8.738695652173902,69,0.10835910305788989
3168051,Taparuba,MG,Sudeste,86.95652173913044,61.28,-25.676521739130436,23,0.10835485591494791
3547403,Santa Rita d'Oeste,SP,Sudeste,78.94736842105263,69.73,-9.217368421052626,19,0.10833828671044943
1303908,São Paulo de Olivença,AM,Norte,55.223880597014926,54.8,-0.42388059701492864,335,0.10831845762669187
3126406,Fortuna de Minas,MG,Sudeste,85.29411764705883,69.17,-16.124117647058824,34,0.10829368073878316
3538105,Pindorama,SP,Sudeste,69.72477064220183,62.59,-7.134770642201829,109,0.10828821301365756
3116407,Claraval,MG,Sudeste,97.77777777777777,77.22,-20.557777777777773,45,0.10810808643515428
2607802,Itaquitinga,PE,Nordeste,69.04761904761905,63.53,-5.51761904761905,126,0.10809372373546687
3515509,Fernandópolis,SP,Sudeste,77.02127659574468,68.34,-8.681276595744677,470,0.10809211900384519
2915502,Itajuípe,BA,Nordeste,59.859154929577464,55.59,-4.269154929577461,142,0.10803996953450057
5217302,Pirenópolis,GO,Centro-Oeste,75.77854671280276,76.13,0.3514532871972307,289,0.10801355725903583
3112307,Capelinha,MG,Sudeste,75.60321715817693,67.7,-7.903217158176929,373,0.10798761592467598
3101300,Alagoa,MG,Sudeste,89.65517241379311,73.08,-16.575172413793112,29,0.10788315506550317
2800308,Aracaju,SE,Nordeste,56.25,52.54,-3.710000000000001,2480,0.1076078756954201
2105476,Jenipapo dos Vieiras,MA,Nordeste,72.47706422018348,62.89,-9.587064220183478,109,0.10758899203707238
1101468,Pimenteiras do Oeste,RO,Norte,79.66101694915254,66.9,-12.761016949152534,59,0.1075200722154857
2905206,Caetité,BA,Nordeste,68.79271070615034,63.98,-4.812710706150348,439,0.1075175666047635
4215356,Saltinho,SC,Sul,94.5945945945946,80.0,-14.594594594594597,37,0.10738789388076513
1504901,Muaná,PA,Norte,61.32404181184668,56.7,-4.624041811846681,574,0.10737443930282561
2109551,Ribamar Fiquene,MA,Nordeste,71.95121951219512,66.63,-5.321219512195128,82,0.10736532576075748
3171709,Virgínia,MG,Sudeste,85.36585365853658,68.51,-16.855853658536574,82,0.10734943857861691
1706506,Darcinópolis,TO,Norte,52.74725274725275,53.56,0.8127472527472506,91,0.10726751484040381
2306702,Jaguaretama,CE,Nordeste,88.44444444444444,80.0,-8.444444444444443,225,0.10716626467738823
3130101,Igarapé,MG,Sudeste,75.22768670309654,65.4,-9.827686703096532,549,0.10716016760287705
2202729,Cocal dos Alves,PI,Nordeste,95.45454545454545,80.0,-15.454545454545453,88,0.10712822509956728
3149200,Pedrinópolis,MG,Sudeste,82.5,69.4,-13.099999999999994,40,0.10705963582988041
4216255,São João do Oeste,SC,Sul,93.05555555555556,80.0,-13.055555555555557,72,0.10693663096609231
2512077,Poço de José de Moura,PB,Nordeste,73.52941176470588,66.05,-7.479411764705887,34,0.10689394195852686
2412807,São Rafael,RN,Nordeste,50.0,44.89,-5.109999999999999,36,0.1068813827082643
2411429,Santana do Seridó,RN,Nordeste,77.77777777777779,65.65,-12.12777777777778,36,0.10682651999200059
2502805,Brejo do Cruz,PB,Nordeste,75.57251908396947,66.28,-9.292519083969466,131,0.10673164718813506
4117214,Nova Santa Bárbara,PR,Sul,96.22641509433963,80.0,-16.22641509433963,53,0.106624659845526
4205605,Galvão,SC,Sul,92.15686274509804,80.0,-12.156862745098039,51,0.10660744871690225
2207108,Olho D'Água do Piauí,PI,Nordeste,95.0,70.81,-24.189999999999998,20,0.10658536950162911
3556701,Vinhedo,SP,Sudeste,72.28571428571429,65.16,-7.125714285714295,700,0.10649990432202579
3502705,Apiaí,SP,Sudeste,79.2,73.81,-5.390000000000001,125,0.1064492722440798
2513505,Santana de Mangueira,PB,Nordeste,96.96969696969697,80.0,-16.96969696969697,66,0.10643579064694512
4106407,Cornélio Procópio,PR,Sul,84.40860215053763,78.2,-6.208602150537629,372,0.10639607272514802
3530201,Mirante do Paranapanema,SP,Sudeste,92.70833333333334,80.0,-12.708333333333343,96,0.10627701290480296
4126355,Serranópolis do Iguaçu,PR,Sul,96.72131147540983,80.0,-16.721311475409834,61,0.1061438095653008
4211801,Ouro,SC,Sul,91.01123595505618,75.96,-15.051235955056185,89,0.1061112712705086
3535309,Palmital,SP,Sudeste,65.4320987654321,62.55,-2.8820987654321044,162,0.10599860444659422
2110807,São Félix de Balsas,MA,Nordeste,71.11111111111111,61.09,-10.02111111111111,45,0.1059958020081669
5213400,Moiporá,GO,Centro-Oeste,100.0,80.0,-20.0,13,0.10595464863513998
3514403,Dracena,SP,Sudeste,74.02234636871509,71.12,-2.9023463687150866,358,0.10589072204641908
4113601,Lobato,PR,Sul,87.5,70.49,-17.010000000000005,40,0.10579121505343404
3202553,Ibitirama,ES,Sudeste,82.77777777777777,76.66,-6.117777777777775,180,0.1055768979735343
3146206,Ouro Verde de Minas,MG,Sudeste,75.9493670886076,65.08,-10.869367088607603,79,0.10555899572700038
2911402,Glória,BA,Nordeste,54.91803278688525,56.54,1.6219672131147505,122,0.10541370249466633
4122800,Salgado Filho,PR,Sul,96.55172413793103,80.0,-16.551724137931032,58,0.10527534116891876
4117297,Novo Itacolomi,PR,Sul,100.0,80.0,-20.0,46,0.10522371693347661
1505437,Ourilândia do Norte,PA,Norte,67.5,63.74,-3.759999999999998,440,0.1051951073547404
3156452,Rosário da Limeira,MG,Sudeste,76.38888888888889,67.49,-8.89888888888889,72,0.10502076767288934
3140209,Maripá de Minas,MG,Sudeste,87.17948717948718,72.31,-14.86948717948718,39,0.10500472195765351
3303856,Paty do Alferes,RJ,Sudeste,81.21546961325967,72.82,-8.395469613259678,362,0.10493153189315726
5209291,Guaraíta,GO,Centro-Oeste,82.75862068965517,75.96,-6.798620689655181,29,0.1049275877092898
2901957,Apuarema,BA,Nordeste,61.79775280898876,57.2,-4.5977528089887585,89,0.10484474181673009
2101202,Bacabal,MA,Nordeste,73.58288770053476,62.12,-11.462887700534758,935,0.10482165296000667
3171006,Vazante,MG,Sudeste,68.80733944954129,61.13,-7.677339449541286,109,0.10469102975039211
2406601,Lagoa Salgada,RN,Nordeste,46.55172413793103,47.45,0.8982758620689708,58,0.1046762128584236
1712009,Lajeado,TO,Norte,60.0,59.22,-0.7800000000000011,60,0.10455583642034243
3509007,Caieiras,SP,Sudeste,68.32779623477298,61.15,-7.177796234772977,903,0.1045337206724599
2110609,São Bernardo,MA,Nordeste,85.98130841121495,76.94,-9.041308411214956,321,0.1044617948321748
2927804,Santa Cruz da Vitória,BA,Nordeste,66.21621621621621,61.83,-4.386216216216212,74,0.10435454880626832
2922409,Mutuípe,BA,Nordeste,70.99236641221374,68.72,-2.272366412213742,131,0.10432058900294519
4310306,Ilópolis,RS,Sul,100.0,80.0,-20.0,37,0.10428629597817704
4312708,Nonoai,RS,Sul,63.23529411764706,60.17,-3.0652941176470563,68,0.10426019745327282
1600709,Tartarugalzinho,AP,Norte,57.67790262172284,54.12,-3.557902621722846,267,0.10424036212236729
3504008,Assis,SP,Sudeste,68.27830188679245,60.87,-7.408301886792451,848,0.10423873438604754
4312476,Morro Reuter,RS,Sul,72.3404255319149,65.23,-7.110425531914899,47,0.10418041614823734
3160959,São Domingos das Dores,MG,Sudeste,92.64705882352942,80.0,-12.64705882352942,68,0.10404090024642286
5216007,Panamá,GO,Centro-Oeste,92.3076923076923,77.42,-14.887692307692305,26,0.10403999755683944
4120309,Porto Vitória,PR,Sul,90.2439024390244,80.0,-10.243902439024396,41,0.10399031002027179
4121752,Reserva do Iguaçu,PR,Sul,89.81481481481481,78.82,-10.994814814814816,108,0.10394771709368814
3204005,Pancas,ES,Sudeste,90.47619047619048,80.0,-10.476190476190482,168,0.10391350539453541
2502409,Bonito de Santa Fé,PB,Nordeste,62.5,59.46,-3.039999999999999,88,0.10390374758750238
2909000,Cordeiros,BA,Nordeste,84.31372549019608,74.27,-10.043725490196081,102,0.10387077418938219
4107553,Farol,PR,Sul,97.43589743589743,77.76,-19.675897435897426,39,0.10385119969017846
1707207,Dois Irmãos do Tocantins,TO,Norte,66.07142857142857,63.73,-2.3414285714285725,56,0.10384310678915631
3532801,Nova Aliança,SP,Sudeste,79.01234567901234,68.36,-10.652345679012342,81,0.10369179506032114
2923209,Oliveira dos Brejinhos,BA,Nordeste,59.150326797385624,57.86,-1.2903267973856245,306,0.10365496509080155
4101606,Arapoti,PR,Sul,83.23863636363636,77.47,-5.768636363636361,352,0.10350387363339847
4110052,Iguatu,PR,Sul,89.47368421052632,57.13,-32.34368421052631,19,0.10347337675561998
1708254,Tabocão,TO,Norte,65.51724137931035,63.87,-1.6472413793103513,58,0.10336736637805653
2208403,Piripiri,PI,Nordeste,75.32467532467533,54.82,-20.504675324675325,770,0.10330411584860066
2917201,Ituaçu,BA,Nordeste,70.4225352112676,68.29,-2.1325352112675944,213,0.10328474386512008
2206654,Morro Cabeça no Tempo,PI,Nordeste,100.0,48.15,-51.85,21,0.10325175045016241
4317202,Santa Rosa,RS,Sul,74.20924574209245,75.87,1.6607542579075556,411,0.1032258120494248
5104104,Guarantã do Norte,MT,Centro-Oeste,69.29460580912863,69.96,0.6653941908713676,482,0.10314545407192661
3152204,Porteirinha,MG,Sudeste,79.56989247311827,71.33,-8.239892473118275,93,0.10310884714363462
3538006,Pindamonhangaba,SP,Sudeste,72.6605504587156,66.76,-5.9005504587156,1635,0.10307731033970892
4110409,Indianópolis,PR,Sul,97.67441860465115,80.0,-17.67441860465115,43,0.10301189630699209
2701001,Boca da Mata,AL,Nordeste,87.5,76.49,-11.010000000000005,240,0.10293997047943038
4213906,Presidente Castello Branco,SC,Sul,89.28571428571429,62.87,-26.415714285714294,28,0.10286551555977355
2804102,Moita Bonita,SE,Nordeste,62.65060240963856,60.75,-1.9006024096385588,83,0.10284751896005043
2515971,Sobrado,PB,Nordeste,86.66666666666667,69.55,-17.116666666666674,30,0.1027467070911435
2605301,Exu,PE,Nordeste,76.90217391304348,67.85,-9.05217391304349,368,0.10266459583952996
2208551,Porto Alegre do Piauí,PI,Nordeste,100.0,76.63,-23.370000000000005,31,0.10259153173946148
3523305,Itariri,SP,Sudeste,74.82517482517483,70.36,-4.465174825174827,143,0.1024839413742515
1503408,Inhangapi,PA,Norte,50.314465408805034,46.64,-3.674465408805034,159,0.10242392134648994
2512606,Quixaba,PB,Nordeste,100.0,74.22,-25.78,28,0.1023821771866165
4118303,Paranapoema,PR,Sul,96.55172413793103,69.13,-27.421724137931037,29,0.10232654161785878
2208502,Porto,PI,Nordeste,62.71929824561403,59.03,-3.689298245614026,228,0.1023170103998098
1720804,Sítio Novo do Tocantins,TO,Norte,57.54716981132076,58.69,1.1428301886792411,106,0.1021828327065594
1700251,Abreulândia,TO,Norte,90.0,70.59,-19.409999999999997,30,0.10215527106164271
2914208,Irajuba,BA,Nordeste,61.53846153846154,59.16,-2.3784615384615435,52,0.10214663090702139
3163607,São José do Mantimento,MG,Sudeste,80.0,63.24,-16.759999999999998,30,0.1020923565508977
3528205,Macedônia,SP,Sudeste,93.33333333333333,80.0,-13.333333333333329,45,0.10197596372966287
3300902,Cambuci,RJ,Sudeste,81.89655172413794,74.1,-7.796551724137942,116,0.10195880479596703
2514404,São José de Espinharas,PB,Nordeste,82.35294117647058,67.68,-14.672941176470573,34,0.10190329046170976
2202455,Capitão Gervásio Oliveira,PI,Nordeste,90.0,72.22,-17.78,50,0.10189593430806956
2509156,Marizópolis,PB,Nordeste,94.54545454545455,80.0,-14.545454545454547,55,0.10189407550760181
2210623,Sebastião Barros,PI,Nordeste,51.66666666666667,49.91,-1.7566666666666748,60,0.10188088846030897
3155306,Rio Manso,MG,Sudeste,84.84848484848484,75.26,-9.588484848484839,66,0.10172581318553772
2614501,Surubim,PE,Nordeste,70.21943573667711,67.22,-2.999435736677114,319,0.10167397114773406
3538303,Piquerobi,SP,Sudeste,82.92682926829268,67.65,-15.276829268292673,41,0.10164795512570107
1508100,Tucuruí,PA,Norte,61.27946127946128,57.37,-3.909461279461283,1188,0.10159665668510486
2404705,Ipanguaçu,RN,Nordeste,33.65384615384615,38.75,5.096153846153847,104,0.10151381025658245
2402501,Carnaubais,RN,Nordeste,59.154929577464785,50.93,-8.224929577464785,71,0.10147362529387041
3119401,Coronel Fabriciano,MG,Sudeste,71.51370679380214,63.05,-8.463706793802146,839,0.10139707810963149
2203909,Floriano,PI,Nordeste,75.68058076225044,63.99,-11.690580762250441,551,0.10137215136403047
1600535,Porto Grande,AP,Norte,74.78991596638656,72.17,-2.619915966386557,238,0.10136364975459909
3201159,Brejetuba,ES,Sudeste,82.22222222222221,73.26,-8.96222222222221,180,0.10135169739570035
2924504,Pindaí,BA,Nordeste,76.10062893081762,75.15,-0.950628930817615,159,0.10129225159416141
2931509,Teofilândia,BA,Nordeste,44.537815126050425,51.4,6.862184873949573,238,0.10125024322218058
3508702,Caconde,SP,Sudeste,77.70700636942675,74.74,-2.9670063694267554,157,0.10123275810937525
4119301,Pinhão,PR,Sul,75.56561085972851,70.5,-5.065610859728508,442,0.10116732957397467
4102208,Atalaia,PR,Sul,100.0,80.0,-20.0,54,0.10116163688512321
2501351,Assunção,PB,Nordeste,78.125,63.57,-14.555,64,0.10112066281872321
4127809,Tomazina,PR,Sul,91.66666666666666,80.0,-11.666666666666657,72,0.1010928709396579
4307203,Erval Grande,RS,Sul,94.44444444444444,80.0,-14.444444444444443,54,0.10105087281056187
3202256,Governador Lindenberg,ES,Sudeste,81.73913043478261,71.62,-10.119130434782605,115,0.101017301816258
2903607,Biritinga,BA,Nordeste,42.0,46.96,4.960000000000001,100,0.10098051356097096
3510005,Cândido Mota,SP,Sudeste,82.85714285714286,76.04,-6.817142857142855,175,0.10084636149838817
2615508,Tracunhaém,PE,Nordeste,78.51239669421489,69.2,-9.312396694214883,121,0.10079864619448985
4103156,Bom Jesus do Sul,PR,Sul,100.0,80.0,-20.0,48,0.10079037974557749
4316303,Roque Gonzales,RS,Sul,86.66666666666667,77.62,-9.046666666666667,45,0.10076175959369124
2513851,Santo André,PB,Nordeste,69.6969696969697,61.83,-7.866969696969704,33,0.10074252397599742
3153707,Quartel Geral,MG,Sudeste,82.14285714285714,60.38,-21.762857142857136,28,0.10073498400841426
2901205,Anagé,BA,Nordeste,60.46511627906976,56.92,-3.5451162790697595,129,0.10071337377380332
3144607,Nepomuceno,MG,Sudeste,71.20418848167539,66.33,-4.8741884816753895,191,0.10070660249415381
4201273,Arabutã,SC,Sul,88.57142857142857,79.65,-8.921428571428564,70,0.10066229126593718
2926400,Riacho de Santana,BA,Nordeste,65.7243816254417,60.19,-5.534381625441696,283,0.10065256279254878
5200829,Amaralina,GO,Centro-Oeste,88.23529411764706,80.0,-8.235294117647058,17,0.1005308173173563
2902104,Araci,BA,Nordeste,42.857142857142854,45.3,2.442857142857143,588,0.10049049375079241
4101150,Ângulo,PR,Sul,100.0,80.0,-20.0,40,0.10045786723255139
2603009,Cabrobó,PE,Nordeste,80.15873015873017,73.72,-6.438730158730166,252,0.1003817305452357
3115359,Catas Altas,MG,Sudeste,88.13559322033898,73.26,-14.87559322033897,59,0.10029509214196415
4126405,Sertaneja,PR,Sul,97.72727272727273,80.0,-17.727272727272734,44,0.100270477350003
1504109,Magalhães Barata,PA,Norte,73.68421052631578,66.51,-7.174210526315775,57,0.10019915840124914
4307054,Ernestina,RS,Sul,84.0,70.51,-13.489999999999995,25,0.1001386072945736
3205150,Vila Pavão,ES,Sudeste,90.12345679012346,77.02,-13.10345679012346,81,0.10013443238395352
1101559,Teixeirópolis,RO,Norte,88.13559322033898,75.63,-12.50559322033898,59,0.1000965632010009
5208301,Divinópolis de Goiás,GO,Centro-Oeste,81.25,79.95,-1.2999999999999972,48,0.10007446495864791
5206305,Cristianópolis,GO,Centro-Oeste,84.375,80.0,-4.375,64,0.0999832424076392
4109807,Ibiporã,PR,Sul,79.89690721649485,76.37,-3.5269072164948483,582,0.09995077551973833
2405207,Janduís,RN,Nordeste,53.84615384615385,47.98,-5.86615384615385,39,0.09993103888214235
2806206,Salgado,SE,Nordeste,56.70731707317073,55.21,-1.497317073170727,164,0.0998696542960857
3165602,Senador Cortes,MG,Sudeste,92.85714285714286,60.16,-32.697142857142865,14,0.09986464750643426
2103158,Centro do Guilherme,MA,Nordeste,89.92805755395683,80.0,-9.928057553956833,139,0.0998573377065668
3139250,Mamonas,MG,Sudeste,62.295081967213115,59.03,-3.2650819672131135,61,0.09985295510330487
4117701,Palmeira,PR,Sul,79.70711297071131,75.47,-4.237112970711308,478,0.09981040525810811
2921906,Mucugê,BA,Nordeste,62.5,59.9,-2.6000000000000014,80,0.09976822728054777
2607653,Itambé,PE,Nordeste,67.76556776556777,63.67,-4.095567765567765,273,0.09972669945583877
2931301,Tapiramutá,BA,Nordeste,58.91472868217055,54.76,-4.15472868217055,129,0.09972666738443059
3204252,Ponto Belo,ES,Sudeste,90.52631578947368,80.0,-10.526315789473685,95,0.09969175903297486
3144805,Nova Lima,MG,Sudeste,78.22120866590649,67.91,-10.311208665906491,877,0.09962888428105522
1507474,São João de Pirabas,PA,Norte,56.372549019607845,52.64,-3.732549019607845,204,0.09958641898264496
2906600,Candiba,BA,Nordeste,69.7841726618705,62.69,-7.094172661870502,139,0.09956093563790865
3160009,Santo Antônio do Aventureiro,MG,Sudeste,93.61702127659575,80.0,-13.61702127659575,47,0.0995118795140168
3124500,Estiva,MG,Sudeste,85.36585365853658,75.89,-9.475853658536579,41,0.09950657376806168
3545506,Sandovalina,SP,Sudeste,90.0,79.49,-10.510000000000005,50,0.09949526790420533
2915809,Itambé,BA,Nordeste,41.53225806451613,46.95,5.417741935483875,248,0.09938574235388938
3536570,Paulistânia,SP,Sudeste,70.96774193548387,57.94,-13.027741935483874,31,0.09937637278602732
2411908,São Francisco do Oeste,RN,Nordeste,84.0909090909091,67.95,-16.14090909090909,44,0.09935183925790457
3145877,Orizânia,MG,Sudeste,77.98165137614679,70.93,-7.051651376146779,109,0.09932889719176789
3142254,Miravânia,MG,Sudeste,75.0,59.37,-15.630000000000003,16,0.09918577816755886
3168903,Tiros,MG,Sudeste,77.52808988764045,69.17,-8.358089887640446,89,0.09916709574521441
2500304,Alagoa Grande,PB,Nordeste,63.38028169014085,53.6,-9.780281690140846,284,0.09901527023690235
3511508,Cerquilho,SP,Sudeste,73.31189710610933,70.02,-3.2918971061093316,311,0.09885009032049044
3516804,Gastão Vidigal,SP,Sudeste,82.35294117647058,66.06,-16.292941176470578,34,0.0987888913724703
5219407,Santa Rita do Araguaia,GO,Centro-Oeste,85.91549295774648,79.29,-6.625492957746474,71,0.0986150149116125
4125753,São Pedro do Iguaçu,PR,Sul,88.88888888888889,77.1,-11.788888888888891,90,0.0985887366420637
4313011,Nova Candelária,RS,Sul,88.88888888888889,80.0,-8.888888888888886,45,0.098510268835019
3504206,Auriflama,SP,Sudeste,80.0,73.9,-6.099999999999994,120,0.09846741496409851
1502707,Conceição do Araguaia,PA,Norte,59.221311475409834,58.19,-1.0313114754098365,488,0.09845050687545479
2513984,São Francisco,PB,Nordeste,100.0,67.82,-32.18000000000001,34,0.0984109929433007
2603405,Calumbi,PE,Nordeste,94.79166666666666,76.92,-17.871666666666655,96,0.09836846860350769
2911907,Iaçu,BA,Nordeste,40.400000000000006,47.54,7.1399999999999935,250,0.09829057029301148
1304203,Tefé,AM,Norte,51.10619469026548,52.51,1.4038053097345156,904,0.09825295191060435
5003801,Fátima do Sul,MS,Centro-Oeste,68.796992481203,69.95,1.153007518796997,266,0.09820533680122252
1722081,Wanderlândia,TO,Norte,65.54621848739495,56.08,-9.466218487394954,119,0.09815992931497958
3159001,Santana do Riacho,MG,Sudeste,78.18181818181819,70.0,-8.181818181818187,55,0.09811030857307056
3543204,Ribeirão do Sul,SP,Sudeste,93.61702127659575,76.78,-16.83702127659575,47,0.09807152308514094
2300606,Altaneira,CE,Nordeste,98.73417721518987,80.0,-18.734177215189874,79,0.09806727984337485
3141603,Mercês,MG,Sudeste,93.15068493150685,80.0,-13.150684931506845,73,0.09789831104690688
3159605,Santa Rita do Sapucaí,MG,Sudeste,77.56410256410257,64.27,-13.294102564102573,312,0.0978845481580051
4210209,Major Gercino,SC,Sul,84.0,65.16,-18.840000000000003,50,0.09788439491885476
2926608,Ribeira do Pombal,BA,Nordeste,58.774834437086085,55.6,-3.1748344370860835,604,0.09780058886883067
2204204,Francisco Santos,PI,Nordeste,73.68421052631578,61.18,-12.50421052631578,57,0.09779331704039441
1200385,Plácido de Castro,AC,Norte,55.83756345177665,50.32,-5.5175634517766525,197,0.09769329311977079
5208509,Goiandira,GO,Centro-Oeste,64.28571428571429,61.58,-2.7057142857142935,42,0.09768513969278597
4103958,Campina do Simão,PR,Sul,91.83673469387756,80.0,-11.83673469387756,49,0.09766106474001342
3133600,Itapeva,MG,Sudeste,75.44910179640718,65.47,-9.979101796407178,167,0.09765833261415366
4109005,Guapirama,PR,Sul,96.7741935483871,80.0,-16.774193548387103,62,0.09760163614513141
4309407,Guaporé,RS,Sul,63.10679611650486,60.84,-2.2667961165048567,206,0.09759995559157503
3153004,Pratinha,MG,Sudeste,93.87755102040816,80.0,-13.877551020408163,49,0.09758892309119775
4111704,Jaboti,PR,Sul,91.42857142857143,80.0,-11.42857142857143,70,0.0974741764027044
2206506,Monsenhor Hipólito,PI,Nordeste,90.21739130434783,80.0,-10.217391304347828,92,0.09741475143521472
3306008,Três Rios,RJ,Sudeste,73.71273712737127,66.24,-7.472737127371275,738,0.09729905700081033
1600238,Ferreira Gomes,AP,Norte,82.88288288288288,76.4,-6.482882882882876,111,0.09725002212886263
2208809,Regeneração,PI,Nordeste,64.28571428571429,59.47,-4.815714285714293,196,0.09724045775562823
5214903,Nova Roma,GO,Centro-Oeste,73.33333333333333,70.2,-3.1333333333333258,30,0.09722984176060274
2304202,Crato,CE,Nordeste,91.86524239934265,80.0,-11.865242399342648,1217,0.09721116585336084
2202026,Buriti dos Montes,PI,Nordeste,100.0,80.0,-20.0,63,0.09705683589507438
2105203,Igarapé Grande,MA,Nordeste,89.24731182795699,80.0,-9.247311827956992,93,0.09701365614153469
2414456,Triunfo Potiguar,RN,Nordeste,35.13513513513514,28.32,-6.815135135135137,37,0.09700577932206257
4116802,Nova Cantu,PR,Sul,95.45454545454545,79.72,-15.734545454545454,66,0.09700487023786518
1506559,Santa Luzia do Pará,PA,Norte,80.71065989847716,67.75,-12.96065989847716,197,0.09699836733782201
4216701,São José do Cedro,SC,Sul,87.34177215189874,77.98,-9.361772151898734,158,0.09695495707131113
4211454,Nova Itaberaba,SC,Sul,86.0,73.29,-12.709999999999994,50,0.09687077007976512
2930766,Sítio do Quinto,BA,Nordeste,64.03508771929825,61.24,-2.7950877192982446,114,0.09681588434911863
1713700,Monte Santo do Tocantins,TO,Norte,67.74193548387096,52.29,-15.451935483870962,31,0.09680554001800158
2609204,Maraial,PE,Nordeste,81.44329896907216,74.21,-7.233298969072166,97,0.0967008067738513
2406809,Lajes Pintadas,RN,Nordeste,69.56521739130434,59.71,-9.855217391304343,46,0.09667487347514725
2702504,Dois Riachos,AL,Nordeste,67.08860759493672,62.56,-4.528607594936716,79,0.09664594370791002
4120101,Porto Amazonas,PR,Sul,91.52542372881356,74.5,-17.025423728813564,59,0.09663638290733596
2905008,Caculé,BA,Nordeste,69.94818652849742,65.38,-4.568186528497421,193,0.09657656963036805
4112207,Janiópolis,PR,Sul,93.87755102040816,80.0,-13.877551020408163,49,0.09653949594655616
2514107,São João do Tigre,PB,Nordeste,82.35294117647058,57.04,-25.31294117647058,34,0.09653642474779811
5207535,Faina,GO,Centro-Oeste,78.57142857142857,76.51,-2.0614285714285643,56,0.09637825015302788
3152600,Pouso Alto,MG,Sudeste,92.3076923076923,79.12,-13.187692307692302,65,0.09637064509419967
2806305,Santa Luzia do Itanhy,SE,Nordeste,42.32804232804233,49.84,7.511957671957674,189,0.09632049236241269
2900405,Água Fria,BA,Nordeste,44.329896907216494,45.93,1.600103092783506,97,0.09622501780585799
4107256,Douradina,PR,Sul,74.75728155339806,64.59,-10.167281553398055,103,0.09620539063842001
5209606,Heitoraí,GO,Centro-Oeste,66.66666666666666,66.29,-0.37666666666665094,39,0.09619609482986775
2512747,Riachão,PB,Nordeste,83.33333333333334,65.68,-17.653333333333336,30,0.09617236874399944
3135209,Januária,MG,Sudeste,51.470588235294116,45.19,-6.280588235294118,136,0.0960566645191358
2100873,Araguanã,MA,Nordeste,91.66666666666666,80.0,-11.666666666666657,132,0.0960530631421484
3120607,Crucilândia,MG,Sudeste,96.0,80.0,-16.0,50,0.09596946784959169
3160900,São Brás do Suaçuí,MG,Sudeste,89.79591836734694,73.78,-16.01591836734694,49,0.09590312567460835
2414753,Venha-Ver,RN,Nordeste,83.33333333333334,59.64,-23.693333333333342,18,0.09587960357724916
2702603,Feira Grande,AL,Nordeste,57.30769230769231,56.1,-1.2076923076923052,260,0.09584239548732798
4202156,Belmonte,SC,Sul,97.5609756097561,76.13,-21.430975609756103,41,0.09582509436516988
2614402,Solidão,PE,Nordeste,93.4065934065934,77.04,-16.366593406593395,91,0.09581921509380052
5101001,Araguaiana,MT,Centro-Oeste,81.81818181818183,80.0,-1.8181818181818272,44,0.09580003254911307
3153806,Queluzito,MG,Sudeste,100.0,70.32,-29.680000000000007,19,0.09579161670392093
2913903,Ipiaú,BA,Nordeste,56.03715170278638,55.13,-0.9071517027863791,323,0.0957582945250811
2306553,Itarema,CE,Nordeste,91.27789046653145,80.0,-11.277890466531446,493,0.09571462560292678
4118105,Paranacity,PR,Sul,86.31578947368422,80.0,-6.3157894736842195,95,0.09569289038759504
2105351,Itaipava do Grajaú,MA,Nordeste,91.01123595505618,80.0,-11.01123595505618,178,0.09562502462373988
4125803,São Pedro do Ivaí,PR,Sul,91.56626506024097,80.0,-11.566265060240966,83,0.0956004852357569
4117453,Ouro Verde do Oeste,PR,Sul,90.47619047619048,80.0,-10.476190476190482,84,0.09552749254892139
1506203,Salinópolis,PA,Norte,61.83074265975821,60.81,-1.0207426597582057,579,0.09545134636784901
3514700,Echaporã,SP,Sudeste,91.42857142857143,78.8,-12.628571428571433,70,0.09540039664235955
3551306,Sebastianópolis do Sul,SP,Sudeste,100.0,80.0,-20.0,44,0.09530792729410648
1200344,Manoel Urbano,AC,Norte,61.386138613861384,56.47,-4.916138613861385,202,0.09523519878310721
5005400,Maracaju,MS,Centro-Oeste,56.3165905631659,59.32,3.0034094368340973,657,0.09517300132008973
5217401,Pires do Rio,GO,Centro-Oeste,77.10843373493977,73.27,-3.8384337349397697,249,0.09499208505492156
4123709,Santa Isabel do Ivaí,PR,Sul,89.58333333333334,80.0,-9.583333333333343,96,0.09496893848831088
1718451,Pugmil,TO,Norte,47.368421052631575,45.69,-1.6784210526315775,19,0.09496599507541369
3116803,Coluna,MG,Sudeste,80.95238095238095,71.59,-9.362380952380946,84,0.09495588136510784
2910602,Esplanada,BA,Nordeste,45.62334217506631,44.95,-0.6733421750663098,377,0.09488821141330149
4106555,Corumbataí do Sul,PR,Sul,97.87234042553192,80.0,-17.872340425531917,47,0.09483366065477428
2920908,Mascote,BA,Nordeste,46.616541353383454,47.04,0.4234586466165453,133,0.09482616241117993
3156403,Romaria,MG,Sudeste,87.2340425531915,68.4,-18.834042553191495,47,0.0947987593043807
1504976,Nova Ipixuna,PA,Norte,67.83625730994152,61.41,-6.426257309941519,171,0.09479298695769467
4124608,São Carlos do Ivaí,PR,Sul,93.33333333333333,79.04,-14.293333333333322,75,0.0947732192893684
2509107,Mari,PB,Nordeste,64.16184971098265,57.79,-6.3718497109826515,173,0.09464353895945488
1721257,Tupirama,TO,Norte,82.35294117647058,56.81,-25.542941176470578,17,0.09455311726016861
2904209,Botuporã,BA,Nordeste,80.41237113402062,70.6,-9.812371134020623,97,0.094506473220501
2102002,Bom Jardim,MA,Nordeste,88.57142857142857,80.0,-8.57142857142857,350,0.09443837502562674
2907608,Central,BA,Nordeste,55.72519083969466,53.32,-2.4051908396946615,131,0.09442379653238725
3140803,Matias Barbosa,MG,Sudeste,76.06837606837607,68.96,-7.108376068376074,117,0.09435399678157233
2918308,Jitaúna,BA,Nordeste,43.43434343434344,48.5,5.06565656565656,99,0.09422442137514545
3542206,Rancharia,SP,Sudeste,74.83660130718954,69.57,-5.266601307189546,306,0.0942221981123042
4313201,Nova Petrópolis,RS,Sul,81.74603174603175,80.0,-1.746031746031747,126,0.09419246498092171
3204054,Pedro Canário,ES,Sudeste,88.67924528301887,74.25,-14.429245283018872,318,0.09415140138303127
4120853,Quatro Pontes,PR,Sul,98.52941176470588,80.0,-18.529411764705884,68,0.09412533939600268
2701100,Branquinha,AL,Nordeste,90.67796610169492,78.02,-12.657966101694925,118,0.09411270476925115
2908309,Conceição do Almeida,BA,Nordeste,84.72222222222221,66.43,-18.292222222222208,72,0.09410676623769552
3504404,Avanhandava,SP,Sudeste,85.84905660377359,75.1,-10.749056603773596,106,0.09410064576176813
3544509,Rubinéia,SP,Sudeste,84.61538461538461,69.81,-14.805384615384611,39,0.094087642026678
2205516,Juazeiro do Piauí,PI,Nordeste,87.75510204081633,73.94,-13.815102040816328,49,0.09405848682160305
2202000,Buriti dos Lopes,PI,Nordeste,77.62711864406779,59.82,-17.807118644067792,295,0.09404463862368694
1702703,Aurora do Tocantins,TO,Norte,88.57142857142857,65.95,-22.621428571428567,35,0.09400765693422047
3128907,Guimarânia,MG,Sudeste,86.8421052631579,69.84,-17.0021052631579,76,0.09388489048306538
2707602,Quebrangulo,AL,Nordeste,76.34408602150538,68.27,-8.07408602150538,186,0.09385813309147133
3500105,Adamantina,SP,Sudeste,82.83261802575107,73.29,-9.542618025751068,233,0.09383624468139073
2929255,São Gabriel,BA,Nordeste,56.770833333333336,54.84,-1.9308333333333323,192,0.09379524987865445
2400802,Angicos,RN,Nordeste,45.20547945205479,44.47,-0.7354794520547898,73,0.09376408865804875
4110003,Iguaraçu,PR,Sul,75.0,64.91,-10.090000000000003,60,0.09374340246632652
3147600,Passa Quatro,MG,Sudeste,92.3076923076923,80.0,-12.307692307692307,65,0.09363742473521397
3536901,Pedranópolis,SP,Sudeste,83.33333333333334,58.46,-24.873333333333342,24,0.09358029037539495
4300307,Alecrim,RS,Sul,63.63636363636363,49.98,-13.656363636363636,11,0.09356633022855497
3534104,Oriente,SP,Sudeste,78.94736842105263,69.3,-9.647368421052633,57,0.09348183014020771
2607000,Inajá,PE,Nordeste,82.75862068965517,66.68,-16.078620689655168,261,0.09345820980228824
2406205,Lagoa d'Anta,RN,Nordeste,29.78723404255319,29.54,-0.2472340425531918,47,0.09341091174525296
2100477,Alto Alegre do Pindaré,MA,Nordeste,71.98952879581152,56.62,-15.369528795811526,382,0.0933919685927286
3165008,São Tiago,MG,Sudeste,92.70833333333334,80.0,-12.708333333333343,96,0.09339005969478748
1504604,Mocajuba,PA,Norte,57.30994152046783,54.06,-3.2499415204678286,342,0.09334910043248412
3142700,Montalvânia,MG,Sudeste,71.57894736842105,63.64,-7.938947368421054,95,0.09329430524464222
4109203,Guaraci,PR,Sul,89.0909090909091,76.05,-13.040909090909096,55,0.09314227785871491
2926657,Ribeirão do Largo,BA,Nordeste,64.70588235294117,62.98,-1.725882352941177,102,0.09313790821736931
2912103,Ibicaraí,BA,Nordeste,57.615894039735096,53.35,-4.265894039735095,151,0.09311891475927093
2105963,Lagoa Grande do Maranhão,MA,Nordeste,91.869918699187,80.0,-11.869918699186996,123,0.09310957816355135
2930907,Tabocas do Brejo Velho,BA,Nordeste,59.183673469387756,56.5,-2.683673469387756,98,0.09299723429003404
3107604,Bom Jesus da Penha,MG,Sudeste,85.1063829787234,65.08,-20.026382978723404,47,0.09296199007393142
3118502,Consolação,MG,Sudeste,95.23809523809523,70.81,-24.428095238095224,21,0.09286056726879399
4106100,Conselheiro Mairinck,PR,Sul,74.57627118644068,65.22,-9.35627118644068,59,0.09284626465095175
2407302,Marcelino Vieira,RN,Nordeste,52.77777777777778,50.57,-2.2077777777777783,36,0.092784407849923
2110302,Santo Antônio dos Lopes,MA,Nordeste,75.17241379310344,65.84,-9.332413793103441,145,0.09277946327495391
4207684,Ipuaçu,SC,Sul,86.66666666666667,69.29,-17.376666666666665,60,0.09274926689516491
5204557,Caldazinha,GO,Centro-Oeste,79.62962962962963,75.66,-3.9696296296296367,54,0.09272486091522518
2930006,Sebastião Laranjeiras,BA,Nordeste,76.62337662337663,69.06,-7.563376623376627,77,0.0926958969694917
4103107,Bocaiúva do Sul,PR,Sul,69.60352422907489,63.97,-5.633524229074894,227,0.09269585948260162
3549706,São José do Rio Pardo,SP,Sudeste,69.77777777777779,63.22,-6.557777777777787,225,0.09269374469328977
2102077,Bom Lugar,MA,Nordeste,91.73553719008265,80.0,-11.735537190082653,121,0.0926268099599731
3302908,Miguel Pereira,RJ,Sudeste,78.48101265822784,68.23,-10.251012658227836,237,0.09261943572946224
4113205,Lapa,PR,Sul,85.1923076923077,80.0,-5.192307692307693,520,0.09261306061564256
5208004,Formosa,GO,Centro-Oeste,70.2485966319166,71.2,0.9514033680834046,1247,0.09257660789356803
4112306,Japira,PR,Sul,98.30508474576271,77.61,-20.695084745762713,59,0.0925637912461061
2514602,São José do Bonfim,PB,Nordeste,71.42857142857143,36.68,-34.74857142857143,28,0.09249036361370472
2206902,Novo Oriente do Piauí,PI,Nordeste,92.10526315789474,74.1,-18.005263157894746,38,0.09245977823458326
2403202,Doutor Severiano,RN,Nordeste,75.0,66.44,-8.560000000000002,48,0.09242844237493529
2514701,São José do Sabugi,PB,Nordeste,87.87878787878788,65.22,-22.658787878787876,33,0.09242795195619229
3152105,Ponte Nova,MG,Sudeste,74.5945945945946,65.81,-8.784594594594594,370,0.09240847337322601
5215231,Novo Gama,GO,Centro-Oeste,67.30401529636711,65.62,-1.6840152963671073,1046,0.09237522249395758
2100055,Açailândia,MA,Nordeste,70.77662129703764,58.73,-12.046621297037639,1249,0.09228990605184446
4127908,Tuneiras do Oeste,PR,Sul,79.13043478260869,75.37,-3.7604347826086837,115,0.09220157647018934
3152501,Pouso Alegre,MG,Sudeste,76.81970884658455,69.0,-7.819708846584547,893,0.09217114966602581
3156205,Rochedo de Minas,MG,Sudeste,93.54838709677419,67.8,-25.748387096774195,31,0.09216809142313964
5007109,Ribas do Rio Pardo,MS,Centro-Oeste,49.64705882352941,55.58,5.932941176470585,425,0.09216573081962318
2308377,Miraíma,CE,Nordeste,93.20987654320987,80.0,-13.209876543209873,162,0.09214106345713678
2509206,Massaranduba,PB,Nordeste,70.52631578947368,61.36,-9.166315789473686,95,0.09212097614730465
2502201,Bom Jesus,PB,Nordeste,88.88888888888889,49.58,-39.30888888888889,27,0.09211259836367584
2700102,Água Branca,AL,Nordeste,67.56756756756756,62.92,-4.647567567567563,259,0.09204899871299622
3167400,Silvianópolis,MG,Sudeste,77.61194029850746,66.53,-11.081940298507462,67,0.09199564871736345
4119608,Pitanga,PR,Sul,80.70652173913044,76.17,-4.5365217391304355,368,0.09197905463486021
2511103,Pedra Lavrada,PB,Nordeste,93.05555555555556,77.57,-15.485555555555564,72,0.09192114206421823
2109304,Presidente Vargas,MA,Nordeste,69.0909090909091,61.36,-7.730909090909094,110,0.09191215130226667
5007406,Rio Verde de Mato Grosso,MS,Centro-Oeste,61.111111111111114,63.0,1.8888888888888857,324,0.09183691403299936
2912301,Ibicuí,BA,Nordeste,77.86259541984732,69.01,-8.852595419847319,131,0.09183648590872232
4118402,Paranavaí,PR,Sul,87.14436248682824,80.0,-7.144362486828243,949,0.09179596354550908
3160801,São Bento Abade,MG,Sudeste,78.78787878787878,68.65,-10.137878787878776,66,0.09175828651448607
2906808,Cansanção,BA,Nordeste,56.61764705882353,52.54,-4.07764705882353,408,0.09170518282794016
2311306,Quixadá,CE,Nordeste,88.97435897435896,80.0,-8.974358974358964,780,0.09160650225273477
2112100,Timbiras,MA,Nordeste,70.0,60.06,-9.939999999999998,340,0.09153216304176229
4118600,Paula Freitas,PR,Sul,89.87341772151899,78.63,-11.243417721518995,79,0.09149614688737599
2514453,São José dos Ramos,PB,Nordeste,80.7017543859649,68.97,-11.731754385964905,57,0.0914782375648081
2104602,Governador Eugênio Barros,MA,Nordeste,73.84615384615385,65.93,-7.916153846153847,130,0.09137277428685175
2407005,Luís Gomes,RN,Nordeste,47.94520547945205,50.08,2.134794520547949,73,0.09135570157609392
2309805,Pacoti,CE,Nordeste,92.7536231884058,80.0,-12.753623188405797,138,0.09134550119277066
2202133,Campo Grande do Piauí,PI,Nordeste,96.7741935483871,80.0,-16.774193548387103,62,0.09133930718721482
3157005,Salinas,MG,Sudeste,85.30183727034121,76.18,-9.121837270341203,381,0.09128704531032668
1506104,Primavera,PA,Norte,67.1875,63.88,-3.3074999999999974,128,0.0912180468111478
4101655,Arapuã,PR,Sul,81.57894736842105,66.7,-14.878947368421052,38,0.0912122526950138
3117876,Confins,MG,Sudeste,76.04166666666666,65.74,-10.301666666666662,96,0.09115428950485066
2912004,Ibiassucê,BA,Nordeste,83.9506172839506,72.07,-11.880617283950613,81,0.09113917976638332
2515401,São Vicente do Seridó,PB,Nordeste,79.0,67.46,-11.540000000000006,100,0.09112044939915309
2932457,Umburanas,BA,Nordeste,44.8051948051948,46.2,1.3948051948052012,154,0.0911176176524493
1717206,Piraquê,TO,Norte,48.484848484848484,49.97,1.4851515151515144,33,0.09111306892261394
3130051,Icaraí de Minas,MG,Sudeste,77.55102040816327,66.5,-11.051020408163268,49,0.09100923423227801
2912400,Ibipeba,BA,Nordeste,58.22784810126582,52.61,-5.617848101265821,158,0.09095119884073549
2702900,Girau do Ponciano,AL,Nordeste,55.679702048417134,56.43,0.7502979515828656,537,0.09077183693869895
2704500,Maragogi,AL,Nordeste,51.65876777251185,54.34,2.6812322274881524,422,0.09068252531976909
4207403,Imbuia,SC,Sul,85.71428571428571,71.96,-13.754285714285714,84,0.09067087102249806
4107736,Fernandes Pinheiro,PR,Sul,93.18181818181817,80.0,-13.181818181818173,88,0.09064640882515229
2704708,Marechal Deodoro,AL,Nordeste,67.14285714285714,59.31,-7.8328571428571365,910,0.09043646881129752
5221809,Urutaí,GO,Centro-Oeste,80.43478260869566,78.93,-1.504782608695649,46,0.09029147186968937
1506351,Santa Bárbara do Pará,PA,Norte,62.93103448275862,57.58,-5.351034482758621,232,0.09024184361691331
3113404,Caratinga,MG,Sudeste,75.0,64.57,-10.430000000000007,932,0.0901680334337785
2802502,General Maynard,SE,Nordeste,38.46153846153847,45.07,6.608461538461533,26,0.0900956565408001
4102604,Barracão,PR,Sul,86.66666666666667,75.95,-10.716666666666669,105,0.09008755565557315
2300804,Antonina do Norte,CE,Nordeste,95.23809523809523,80.0,-15.238095238095227,63,0.09002012443486337
2926905,Rio do Pires,BA,Nordeste,69.51219512195121,56.9,-12.61219512195121,82,0.08999890937264553
3107208,Bocaina de Minas,MG,Sudeste,73.07692307692307,64.43,-8.64692307692306,26,0.08995707980482952
2512200,Prata,PB,Nordeste,71.11111111111111,63.09,-8.02111111111111,45,0.08984122800108513
4127304,Terra Rica,PR,Sul,77.01149425287356,74.11,-2.9014942528735617,174,0.08984092863195302
4126009,São Sebastião da Amoreira,PR,Sul,100.0,80.0,-20.0,76,0.0897679068862561
1707009,Dianópolis,TO,Norte,67.61565836298932,65.37,-2.2456583629893174,281,0.0896859072059245
2605608,Flores,PE,Nordeste,89.70588235294117,76.84,-12.86588235294117,204,0.08960763824888839
4301206,Arroio do Tigre,RS,Sul,83.87096774193549,80.0,-3.8709677419354875,93,0.08960488843734898
3129905,Ibitiúra de Minas,MG,Sudeste,68.18181818181817,57.85,-10.331818181818171,44,0.08959750107682721
3166105,Senhora do Porto,MG,Sudeste,74.07407407407408,62.61,-11.464074074074077,27,0.08959401321685201
1502152,Canaã dos Carajás,PA,Norte,75.10259917920656,70.61,-4.4925991792065645,1462,0.08958807128512941
2200806,Antônio Almeida,PI,Nordeste,100.0,80.0,-20.0,49,0.08957278814991501
3128709,Guaxupé,MG,Sudeste,75.1111111111111,66.22,-8.891111111111101,450,0.0895400296059762
2906857,Capela do Alto Alegre,BA,Nordeste,65.38461538461539,56.52,-8.864615384615384,78,0.08953231882255681
2915007,Itaeté,BA,Nordeste,66.42335766423358,59.71,-6.713357664233577,137,0.08942950864714015
2211001,Teresina,PI,Nordeste,80.90715804394047,63.49,-17.417158043940468,7055,0.08929065032644286
4122651,Rosário do Ivaí,PR,Sul,95.08196721311475,74.31,-20.77196721311475,61,0.08927447288526102
4107603,Faxinal,PR,Sul,83.58974358974359,80.0,-3.589743589743591,195,0.08927221008646358
3140506,Martinho Campos,MG,Sudeste,77.90697674418605,67.53,-10.376976744186052,86,0.08922184417273733
3127800,Grão Mogol,MG,Sudeste,82.85714285714286,75.43,-7.427142857142854,140,0.0892163173679841
2504108,Carrapateira,PB,Nordeste,90.9090909090909,74.08,-16.829090909090908,44,0.08906244040240463
2801900,Cumbe,SE,Nordeste,71.42857142857143,61.28,-10.14857142857143,28,0.08905546912158789
2202091,Caldeirão Grande do Piauí,PI,Nordeste,100.0,80.0,-20.0,37,0.08905050923878126
3164472,São Sebastião do Anta,MG,Sudeste,86.74698795180723,68.63,-18.116987951807232,83,0.08904942008978418
3143906,Muriaé,MG,Sudeste,79.34782608695652,68.78,-10.567826086956515,828,0.08902843449629887
3509809,Campos Novos Paulista,SP,Sudeste,60.317460317460316,54.13,-6.187460317460314,63,0.08899175817181465
2509701,Monteiro,PB,Nordeste,86.01583113456465,67.03,-18.98583113456465,379,0.08895239674101904
4126678,Tamarana,PR,Sul,86.15384615384616,76.63,-9.523846153846165,130,0.08895054634688442
3515608,Fernando Prestes,SP,Sudeste,98.0392156862745,80.0,-18.039215686274503,51,0.08889545697482096
1710508,Itacajá,TO,Norte,84.61538461538461,69.78,-14.835384615384612,78,0.08873387755656784
3160504,Santo Antônio do Rio Abaixo,MG,Sudeste,95.45454545454545,69.55,-25.904545454545456,22,0.08870187860720963
4300034,Aceguá,RS,Sul,81.63265306122449,74.59,-7.042653061224485,49,0.08869188196969043
4119004,Pérola d'Oeste,PR,Sul,97.05882352941177,80.0,-17.058823529411768,68,0.08868788535332216
5205059,Castelândia,GO,Centro-Oeste,84.78260869565217,80.0,-4.782608695652172,46,0.08867384569716233
3154200,Resende Costa,MG,Sudeste,80.41237113402062,68.46,-11.952371134020623,97,0.08860325176429781
4125001,São João do Ivaí,PR,Sul,78.57142857142857,70.28,-8.291428571428568,126,0.08846317248098166
2503001,Caaporã,PB,Nordeste,63.942307692307686,57.67,-6.272307692307685,208,0.08840187977535635
4120903,Quedas do Iguaçu,PR,Sul,80.60747663551402,75.5,-5.107476635514018,428,0.08833666020532761
2927903,Santa Inês,BA,Nordeste,69.47368421052632,63.02,-6.453684210526312,95,0.08829617942907084
2907509,Catu,BA,Nordeste,68.43971631205675,60.92,-7.519716312056744,282,0.08825367402855268
5107701,Rosário Oeste,MT,Centro-Oeste,64.67391304347827,66.32,1.646086956521728,184,0.08823652275307557
2708006,Santana do Ipanema,AL,Nordeste,58.156028368794324,55.85,-2.3060283687943226,564,0.0881764697564145
3123007,Dores de Campos,MG,Sudeste,76.31578947368422,66.84,-9.475789473684216,76,0.08817394585472366
3162401,São João da Ponte,MG,Sudeste,83.73015873015873,72.38,-11.35015873015874,252,0.0880137629657876
1506583,Santa Maria das Barreiras,PA,Norte,73.62637362637363,66.32,-7.306373626373642,273,0.08784738805713134
1505494,Palestina do Pará,PA,Norte,56.00000000000001,55.23,-0.7700000000000102,75,0.08762247962434536
2405405,Japi,RN,Nordeste,39.473684210526315,40.54,1.066315789473684,38,0.08745634959588577
1507458,São Geraldo do Araguaia,PA,Norte,64.87935656836461,62.57,-2.3093565683646133,373,0.08745605216188794
4120408,Presidente Castelo Branco,PR,Sul,92.45283018867924,77.91,-14.542830188679247,53,0.0874225332875283
4114906,Marilândia do Sul,PR,Sul,85.04672897196261,75.71,-9.336728971962614,107,0.08735644204586815
2104206,Fortuna,MA,Nordeste,76.29629629629629,59.19,-17.106296296296293,270,0.08733880029782765
3532108,Murutinga do Sul,SP,Sudeste,76.31578947368422,68.34,-7.975789473684216,38,0.0873195486287673
2411007,Rodolfo Fernandes,RN,Nordeste,66.66666666666666,53.54,-13.126666666666658,33,0.08719134657724394
2306207,Itaiçaba,CE,Nordeste,97.10144927536231,80.0,-17.101449275362313,69,0.0871693009667007
3553955,Tarumã,SP,Sudeste,87.43169398907104,80.0,-7.431693989071036,183,0.08709536926498156
2708204,São Brás,AL,Nordeste,77.14285714285715,73.18,-3.962857142857146,105,0.08704339448300391
3104205,Arcos,MG,Sudeste,89.03061224489795,79.34,-9.690612244897949,392,0.08687051742953895
2204501,Guadalupe,PI,Nordeste,68.70748299319727,63.85,-4.857482993197273,147,0.08684845513434646
2106003,Lima Campos,MA,Nordeste,84.9673202614379,80.0,-4.967320261437905,153,0.08672964045190713
3167004,Serranos,MG,Sudeste,88.0,58.07,-29.93,25,0.08670719518713912
2906709,Cândido Sales,BA,Nordeste,68.89952153110048,57.85,-11.049521531100474,209,0.08668377126538279
4210852,Mirim Doce,SC,Sul,76.92307692307693,58.49,-18.433076923076932,39,0.08665122054780042
3170750,Varjão de Minas,MG,Sudeste,78.37837837837837,68.14,-10.238378378378371,111,0.0866344896521598
5212006,Jaupaci,GO,Centro-Oeste,86.48648648648648,80.0,-6.486486486486484,37,0.08662162002814877
3166907,Serrania,MG,Sudeste,86.04651162790698,71.47,-14.576511627906982,86,0.08660748246505921
3155801,Rio Pomba,MG,Sudeste,84.65608465608466,72.23,-12.426084656084655,189,0.08658433367668837
2900900,Almadina,BA,Nordeste,50.617283950617285,53.54,2.9227160493827142,81,0.086580580568593
2707404,Porto de Pedras,AL,Nordeste,52.317880794701985,52.83,0.5121192052980135,151,0.08655648015337425
3102308,Alvinópolis,MG,Sudeste,80.0,63.93,-16.07,75,0.08648994333226163
1716208,Paranã,TO,Norte,63.49206349206349,60.26,-3.2320634920634888,126,0.0864552127218334
2516102,Soledade,PB,Nordeste,73.49397590361446,55.05,-18.443975903614458,166,0.08636805134204331
2506905,Itabaiana,PB,Nordeste,47.682119205298015,49.41,1.7278807947019814,151,0.08633389892629811
2910750,Fátima,BA,Nordeste,64.40677966101694,60.39,-4.01677966101694,177,0.08633079536198461
2907905,Cipó,BA,Nordeste,49.76744186046512,51.29,1.5225581395348797,215,0.08632230763369299
2807600,Umbaúba,SE,Nordeste,52.67857142857143,49.46,-3.2185714285714297,224,0.08631981170945545
5000807,Anaurilândia,MS,Centro-Oeste,73.87387387387388,72.16,-1.7138738738738795,111,0.08631674738246244
2205565,Lagoa do Barro do Piauí,PI,Nordeste,84.72222222222221,67.36,-17.362222222222215,72,0.08629906166629252
3554656,Torre de Pedra,SP,Sudeste,78.78787878787878,54.93,-23.857878787878782,33,0.08629619227357471
2207207,Padre Marcos,PI,Nordeste,97.36842105263158,80.0,-17.368421052631575,76,0.08613540295662948
4127700,Toledo,PR,Sul,83.03324099722992,79.76,-3.2732409972299195,1444,0.08605171587569224
2205953,Marcolândia,PI,Nordeste,86.66666666666667,80.0,-6.666666666666671,165,0.08586347063815274
4107702,Fênix,PR,Sul,94.23076923076923,72.15,-22.08076923076922,52,0.08584483611244434
2505303,Curral Velho,PB,Nordeste,86.95652173913044,57.85,-29.106521739130436,23,0.08582325250224815
3506409,Bilac,SP,Sudeste,83.33333333333334,69.54,-13.793333333333337,84,0.08580805957764233
2907707,Chorrochó,BA,Nordeste,58.67768595041323,55.71,-2.9676859504132267,121,0.08576894854412118
5204508,Caldas Novas,GO,Centro-Oeste,69.10159529806886,68.96,-0.1415952980688644,1191,0.0857607312521688
1200427,Rodrigues Alves,AC,Norte,66.44736842105263,54.04,-12.407368421052631,152,0.08567602403351618
2210391,São Miguel do Fidalgo,PI,Nordeste,90.9090909090909,67.42,-23.489090909090905,33,0.0856460273478239
4124806,São João,PR,Sul,87.09677419354838,80.0,-7.096774193548384,124,0.08564382145634851
4108700,Grandes Rios,PR,Sul,89.33333333333333,72.07,-17.263333333333335,75,0.08563988321969454
3200169,Água Doce do Norte,ES,Sudeste,88.57142857142857,78.52,-10.051428571428573,140,0.08560174244788617
5107859,São Félix do Araguaia,MT,Centro-Oeste,54.86725663716814,55.88,1.0127433628318627,113,0.08558518933464145
4120200,Porto Rico,PR,Sul,92.85714285714286,69.75,-23.10714285714286,42,0.08551590307554272
3548054,Santo Antônio do Aracanguá,SP,Sudeste,72.44897959183673,64.51,-7.938979591836727,98,0.08549501746228648
2108702,Pio XII,MA,Nordeste,58.46994535519126,49.04,-9.429945355191258,183,0.08549020725526137
5206800,Damolândia,GO,Centro-Oeste,87.87878787878788,80.0,-7.878787878787875,33,0.08545236747232968
3145505,Olímpio Noronha,MG,Sudeste,96.7741935483871,70.69,-26.084193548387105,31,0.08536599368879073
2210631,Sebastião Leal,PI,Nordeste,96.7741935483871,80.0,-16.774193548387103,62,0.08532760627125115
2905305,Cafarnaum,BA,Nordeste,44.61538461538462,46.47,1.8546153846153786,195,0.08532132738907423
3509106,Caiuá,SP,Sudeste,90.47619047619048,66.87,-23.606190476190477,21,0.08531897951881537
1702208,Araguatins,TO,Norte,63.01020408163265,56.07,-6.9402040816326505,392,0.08530657282018174
2706406,Pão de Açúcar,AL,Nordeste,69.96587030716724,63.19,-6.775870307167239,293,0.08530108797576
2408409,Olho d'Água do Borges,RN,Nordeste,46.875,48.52,1.6450000000000031,32,0.0852640827757596
2313708,Umari,CE,Nordeste,100.0,80.0,-20.0,66,0.08526211277037749
2903003,Barra do Mendes,BA,Nordeste,61.40350877192983,58.53,-2.873508771929828,114,0.08519906451903246
4115606,Matelândia,PR,Sul,81.43459915611815,76.45,-4.984599156118151,237,0.0850405694814497
3160603,Santo Hipólito,MG,Sudeste,100.0,68.95,-31.049999999999997,27,0.0850049935612605
3125309,Faria Lemos,MG,Sudeste,70.96774193548387,39.92,-31.04774193548387,31,0.08499614637138432
3510708,Cardoso,SP,Sudeste,84.5360824742268,74.07,-10.466082474226809,97,0.08494523854739233
3171402,Vieiras,MG,Sudeste,76.31578947368422,64.66,-11.655789473684223,38,0.08492640481401302
5207352,Edealina,GO,Centro-Oeste,82.22222222222221,78.13,-4.092222222222219,45,0.08490114016448723
2703205,Igreja Nova,AL,Nordeste,67.72151898734177,63.34,-4.381518987341764,316,0.08485467604925945
2204808,Ipiranga do Piauí,PI,Nordeste,100.0,80.0,-20.0,106,0.08482441887560485
2401602,Bento Fernandes,RN,Nordeste,31.818181818181817,40.08,8.261818181818182,66,0.08480338446082328
4121802,Ribeirão Claro,PR,Sul,88.73239436619718,77.02,-11.712394366197188,142,0.08479357637966711
2704005,Junqueiro,AL,Nordeste,72.28070175438597,66.14,-6.140701754385972,285,0.08474596991570404
4107124,Diamante do Sul,PR,Sul,100.0,74.31,-25.689999999999998,52,0.08469710347126123
4117008,Nova Fátima,PR,Sul,100.0,80.0,-20.0,73,0.08464314159735467
3114808,Carvalhos,MG,Sudeste,96.49122807017544,80.0,-16.49122807017544,57,0.08438749730923387
4119400,Piraí do Sul,PR,Sul,81.37254901960785,76.17,-5.202549019607844,306,0.08434819651022446
3104908,Baependi,MG,Sudeste,85.9375,74.77,-11.167500000000004,128,0.0843077671442645
4100905,Amaporã,PR,Sul,93.54838709677419,75.6,-17.948387096774198,62,0.08422397288539833
3150802,Piranga,MG,Sudeste,83.33333333333334,69.62,-13.713333333333338,96,0.08422352439065868
5101209,Araguainha,MT,Centro-Oeste,92.85714285714286,46.96,-45.89714285714286,14,0.08414693916849789
3143153,Monte Formoso,MG,Sudeste,93.10344827586206,64.36,-28.743448275862065,29,0.08412127018937683
2208874,Ribeira do Piauí,PI,Nordeste,79.03225806451613,68.41,-10.622258064516132,62,0.08398944327493967
2412500,São Miguel,RN,Nordeste,67.79661016949152,58.87,-8.926610169491518,177,0.08391558921798398
2926509,Ribeira do Amparo,BA,Nordeste,52.35602094240838,51.87,-0.48602094240838056,191,0.08388293389180695
3158706,Santana do Garambéu,MG,Sudeste,90.0,63.01,-26.990000000000002,20,0.08387887826901586
2927507,Santa Bárbara,BA,Nordeste,51.30434782608696,45.94,-5.364347826086963,115,0.08385192538312876
3138807,Luz,MG,Sudeste,76.31578947368422,66.73,-9.585789473684216,76,0.08384178012023913
4214102,Presidente Nereu,SC,Sul,96.66666666666667,65.3,-31.366666666666674,30,0.08379970129857339
4306056,Cristal,RS,Sul,90.0,72.73,-17.269999999999996,40,0.08378312632506085
2901601,Antas,BA,Nordeste,69.41176470588235,61.28,-8.131764705882347,85,0.08370007152401132
2922201,Muniz Ferreira,BA,Nordeste,68.18181818181817,62.26,-5.921818181818175,66,0.08365625815635495
3132107,Itacarambi,MG,Sudeste,73.97260273972603,64.16,-9.812602739726032,146,0.08365466050262811
2202251,Canavieira,PI,Nordeste,81.57894736842105,64.8,-16.778947368421058,38,0.08361054818250756
2805307,Pirambu,SE,Nordeste,48.97959183673469,49.77,0.7904081632653117,98,0.08357454891940813
2413706,Sítio Novo,RN,Nordeste,60.0,51.87,-8.130000000000003,60,0.08356393675798178
4107751,Figueira,PR,Sul,90.52631578947368,80.0,-10.526315789473685,95,0.08353928334987143
2101509,Barão de Grajaú,MA,Nordeste,70.96774193548387,59.88,-11.08774193548387,124,0.08337478491607511
3518909,Guzolândia,SP,Sudeste,95.23809523809523,80.0,-15.238095238095227,42,0.0833205924205781
4115457,Marquinho,PR,Sul,93.65079365079364,76.7,-16.950793650793642,63,0.08330996870069102
3204658,São Domingos do Norte,ES,Sudeste,94.5054945054945,80.0,-14.505494505494497,91,0.08315717767560592
2205300,Jerumenha,PI,Nordeste,60.37735849056604,50.15,-10.22735849056604,53,0.08312811238010233
2900108,Abaíra,BA,Nordeste,67.64705882352942,55.71,-11.93705882352942,34,0.08311139273533592
2211209,Uruçuí,PI,Nordeste,57.751937984496124,51.2,-6.551937984496121,258,0.08309722401548407
4210704,Matos Costa,SC,Sul,68.18181818181817,52.95,-15.23181818181817,44,0.0830964312773963
1707553,Fátima,TO,Norte,83.87096774193549,65.75,-18.120967741935488,62,0.08304609768542874
2902807,Barra da Estiva,BA,Nordeste,64.42953020134227,63.15,-1.2795302013422756,298,0.08299716963134744
3527801,Lupércio,SP,Sudeste,86.95652173913044,67.34,-19.616521739130434,46,0.08298126994230261
1706258,Crixás do Tocantins,TO,Norte,63.33333333333333,52.08,-11.25333333333333,30,0.08294566741537607
4207650,Iporã do Oeste,SC,Sul,94.02985074626866,80.0,-14.029850746268664,67,0.08293103214520992
2204907,Isaías Coelho,PI,Nordeste,58.69565217391305,51.25,-7.445652173913047,92,0.08283054442487472
1507805,Senador José Porfírio,PA,Norte,59.82905982905983,54.86,-4.96905982905983,351,0.08280932410632334
2806909,São Francisco,SE,Nordeste,79.48717948717949,55.84,-23.647179487179486,39,0.08278057484864203
2508604,Lucena,PB,Nordeste,69.66292134831461,62.94,-6.722921348314614,178,0.08272483906759642
5214408,Nazário,GO,Centro-Oeste,86.95652173913044,79.43,-7.52652173913043,92,0.08267784731171118
3532702,Nipoã,SP,Sudeste,93.75,80.0,-13.75,80,0.08263534287276351
2311231,Potiretama,CE,Nordeste,98.63013698630137,80.0,-18.630136986301366,73,0.08262738347728678
5221858,Valparaíso de Goiás,GO,Centro-Oeste,71.72150691463996,67.87,-3.8515069146399554,2097,0.08261551922842263
2929750,Saubara,BA,Nordeste,68.6046511627907,60.76,-7.844651162790704,86,0.08259245273939005
4105706,Clevelândia,PR,Sul,79.04761904761905,76.24,-2.807619047619056,210,0.08248919005303189
3125002,Ewbank da Câmara,MG,Sudeste,74.6268656716418,56.38,-18.246865671641793,67,0.08246362322906702
2210052,São José do Divino,PI,Nordeste,94.33962264150944,80.0,-14.339622641509436,53,0.08242430011861546
3109709,Cachoeira de Minas,MG,Sudeste,84.95575221238938,70.4,-14.555752212389379,113,0.08241744976071717
2505907,Emas,PB,Nordeste,87.5,72.29,-15.209999999999994,48,0.08240738018904299
5206701,Damianópolis,GO,Centro-Oeste,86.20689655172413,74.9,-11.306896551724122,29,0.08238948544411026
3135308,Japaraíba,MG,Sudeste,88.88888888888889,75.15,-13.73888888888888,72,0.082379839828413
3126208,Formoso,MG,Sudeste,81.52173913043478,70.09,-11.431739130434778,92,0.08229602229143175
4120358,Pranchita,PR,Sul,96.15384615384616,80.0,-16.15384615384616,78,0.08227895153512337
1301951,Itamarati,AM,Norte,87.5,74.94,-12.560000000000002,136,0.08225384487615103
3501905,Amparo,SP,Sudeste,72.23719676549865,65.68,-6.557196765498645,371,0.08225103827361266
4200556,Águas Frias,SC,Sul,76.31578947368422,60.54,-15.77578947368422,38,0.08223315164992763
4118709,Paulo Frontin,PR,Sul,95.8904109589041,80.0,-15.890410958904098,73,0.08219764913548899
3140605,Materlândia,MG,Sudeste,72.72727272727273,57.27,-15.45727272727273,33,0.0821766614864002
2603926,Carnaubeira da Penha,PE,Nordeste,100.0,80.0,-20.0,63,0.08211745949019825
3170479,Uruana de Minas,MG,Sudeste,86.48648648648648,66.63,-19.85648648648649,37,0.08207905974859736
3538501,Piquete,SP,Sudeste,79.8076923076923,72.32,-7.487692307692313,104,0.08205644875146885
3171600,Virgem da Lapa,MG,Sudeste,83.33333333333334,64.49,-18.843333333333348,90,0.08205556866152419
2913457,Igrapiúna,BA,Nordeste,63.1578947368421,52.95,-10.2078947368421,57,0.08201663367050303
3166006,Senhora de Oliveira,MG,Sudeste,94.23076923076923,79.6,-14.630769230769232,52,0.08198752217417132
2508000,Juru,PB,Nordeste,86.56716417910447,72.59,-13.977164179104463,67,0.08198329627953634
5220264,São Miguel do Passa Quatro,GO,Centro-Oeste,88.88888888888889,80.0,-8.888888888888886,36,0.081938459392985
3143005,Monte Belo,MG,Sudeste,77.86259541984732,64.54,-13.322595419847318,131,0.0818666942476068
3123908,Entre Rios de Minas,MG,Sudeste,90.19607843137256,80.0,-10.196078431372555,102,0.08184000211528997
2905800,Camamu,BA,Nordeste,51.07692307692307,49.88,-1.1969230769230705,325,0.08182288185322986
4308904,Getúlio Vargas,RS,Sul,80.0,76.46,-3.5400000000000063,110,0.08182045804856623
5107909,Sinop,MT,Centro-Oeste,72.71750805585391,68.05,-4.667508055853915,2793,0.08178332007446565
2205151,Jacobina do Piauí,PI,Nordeste,98.24561403508771,80.0,-18.245614035087712,57,0.08177731948712506
2609303,Mirandiba,PE,Nordeste,66.21004566210046,56.26,-9.950045662100457,219,0.0817649546076459
1506112,Quatipuru,PA,Norte,70.62937062937063,63.85,-6.779370629370625,143,0.08175969554756891
5002100,Bela Vista,MS,Centro-Oeste,60.416666666666664,61.09,0.6733333333333391,336,0.08171900064979506
2312809,Senador Sá,CE,Nordeste,100.0,80.0,-20.0,107,0.081718664446392
3117009,Comercinho,MG,Sudeste,82.75862068965517,68.67,-14.088620689655173,58,0.0816692415402851
2500577,Algodão de Jandaíra,PB,Nordeste,80.0,61.39,-18.61,40,0.08163615873233353
3304128,Quatis,RJ,Sudeste,75.96899224806202,63.87,-12.098992248062025,129,0.08161265307580282
2210656,Sigefredo Pacheco,PI,Nordeste,71.95121951219512,61.85,-10.101219512195122,82,0.0815899646805271
2310100,Palmácia,CE,Nordeste,89.7196261682243,80.0,-9.719626168224295,107,0.08156982066116042
4204004,Catanduvas,SC,Sul,81.203007518797,73.74,-7.463007518796999,133,0.08156509753928066
2410207,Portalegre,RN,Nordeste,77.77777777777779,64.89,-12.887777777777785,45,0.08147256304632454
2412906,São Tomé,RN,Nordeste,47.674418604651166,45.14,-2.534418604651165,86,0.08143585141733604
2708402,São José da Tapera,AL,Nordeste,74.07407407407408,63.92,-10.154074074074074,459,0.08134979094545096
2603900,Carnaíba,PE,Nordeste,91.869918699187,80.0,-11.869918699186996,246,0.08126478385371026
5108808,Nova Guarita,MT,Centro-Oeste,82.08955223880598,73.6,-8.489552238805985,67,0.08126314612849157
3134509,Itutinga,MG,Sudeste,91.42857142857143,65.14,-26.28857142857143,35,0.08124060889834706
2200277,Alegrete do Piauí,PI,Nordeste,87.3015873015873,66.45,-20.8515873015873,63,0.08109844313636515
5201454,Aparecida do Rio Doce,GO,Centro-Oeste,90.47619047619048,69.34,-21.136190476190478,42,0.08108120556854581
3122355,Divisa Alegre,MG,Sudeste,74.19354838709677,64.92,-9.273548387096767,93,0.08103667179148033
3120706,Cruzeiro da Fortaleza,MG,Sudeste,96.92307692307692,70.77,-26.153076923076924,65,0.08099197533977484
3125903,Ferros,MG,Sudeste,100.0,57.85,-42.15,10,0.08096216798658344
4216107,São Domingos,SC,Sul,94.18604651162791,79.12,-15.066046511627903,86,0.08092914066739358
2914406,Iraquara,BA,Nordeste,61.986301369863014,58.31,-3.676301369863012,292,0.08090260573115665
2931905,Tucano,BA,Nordeste,61.01265822784811,52.05,-8.96265822784811,395,0.0808906724079151
2603504,Camocim de São Félix,PE,Nordeste,81.62162162162161,67.38,-14.241621621621618,185,0.08084367888157243
2615102,Terezinha,PE,Nordeste,94.33962264150944,73.72,-20.619622641509437,53,0.08083805125730839
4217600,Siderópolis,SC,Sul,81.91489361702128,70.39,-11.524893617021277,94,0.08080851105245625
3101102,Aimorés,MG,Sudeste,74.13793103448276,63.79,-10.347931034482762,116,0.080807400234363
3123403,Doresópolis,MG,Sudeste,100.0,58.07,-41.93,19,0.08080400514541088
2501153,Areia de Baraúnas,PB,Nordeste,59.09090909090909,49.16,-9.930909090909097,22,0.08074616346507242
2933059,Várzea da Roça,BA,Nordeste,60.0,54.45,-5.549999999999997,110,0.08072146470809488
4127502,Tibagi,PR,Sul,84.61538461538461,78.74,-5.875384615384618,273,0.08053295524630093
2505600,Diamante,PB,Nordeste,47.22222222222222,49.16,1.9377777777777752,72,0.08051712512246983
5218003,Porangatu,GO,Centro-Oeste,65.20618556701031,65.3,0.09381443298968861,388,0.08045166376472512
4115754,Mauá da Serra,PR,Sul,85.0,80.0,-5.0,140,0.0804280564779821
3123106,Dores de Guanhães,MG,Sudeste,71.11111111111111,60.41,-10.701111111111118,45,0.08041743326913497
3134905,Jacutinga,MG,Sudeste,83.07692307692308,69.47,-13.606923076923081,260,0.08022368414142061
2928505,Santa Terezinha,BA,Nordeste,48.23529411764706,50.37,2.1347058823529395,85,0.08014487830396898
1716604,Peixe,TO,Norte,71.57894736842105,62.56,-9.018947368421053,95,0.08007042495189243
3534757,Ouroeste,SP,Sudeste,89.81481481481481,80.0,-9.81481481481481,108,0.0800205672017326
3116902,Comendador Gomes,MG,Sudeste,79.41176470588235,56.42,-22.991764705882346,34,0.07995365633290644
1300102,Anori,AM,Norte,85.27918781725889,77.77,-7.509187817258891,197,0.07993319568100658
4110706,Irati,PR,Sul,87.46312684365782,80.0,-7.463126843657818,678,0.0799203926020512
4102307,Balsa Nova,PR,Sul,82.54716981132076,77.69,-4.857169811320759,212,0.07988033175157463
2702702,Feliz Deserto,AL,Nordeste,82.35294117647058,57.53,-24.82294117647058,34,0.07987961032620834
2103125,Central do Maranhão,MA,Nordeste,95.16129032258065,80.0,-15.161290322580655,124,0.07987698716696477
2916302,Itapebi,BA,Nordeste,42.168674698795186,40.17,-1.9986746987951847,83,0.07985174252074947
4113304,Laranjeiras do Sul,PR,Sul,83.37349397590361,75.73,-7.64349397590361,415,0.07976814079336021
2803302,Japaratuba,SE,Nordeste,66.82242990654206,60.18,-6.642429906542056,214,0.07974151971903651
2904308,Brejões,BA,Nordeste,73.23943661971832,66.23,-7.009436619718315,142,0.07973093428269754
2412104,São João do Sabugi,RN,Nordeste,74.13793103448276,64.15,-9.987931034482756,58,0.0797127270017554
3105400,Barão de Cocais,MG,Sudeste,78.57142857142857,68.92,-9.651428571428568,350,0.07964495063991253
3102209,Alvarenga,MG,Sudeste,89.65517241379311,58.69,-30.965172413793113,29,0.07964276378772116
2402907,Coronel João Pessoa,RN,Nordeste,68.42105263157895,48.28,-20.141052631578944,19,0.07962496017872324
5106505,Poconé,MT,Centro-Oeste,56.26598465473146,53.7,-2.5659846547314586,391,0.07961230894225406
2921302,Milagres,BA,Nordeste,66.39344262295081,55.27,-11.123442622950812,122,0.07958201695950644
3525409,Jeriquara,SP,Sudeste,80.0,61.87,-18.130000000000003,55,0.07957679129845584
4114708,Maria Helena,PR,Sul,88.23529411764706,71.92,-16.315294117647056,68,0.07957658784834333
3146552,Pai Pedro,MG,Sudeste,90.41095890410958,70.82,-19.590958904109584,73,0.07957463978629835
3117801,Conceição dos Ouros,MG,Sudeste,80.71428571428572,70.52,-10.194285714285726,140,0.07955735036577895
5212253,Lagoa Santa,GO,Centro-Oeste,100.0,80.0,-20.0,19,0.07953840784877761
2105658,Junco do Maranhão,MA,Nordeste,93.27731092436974,80.0,-13.277310924369743,119,0.07950975386382032
3503703,Ariranha,SP,Sudeste,88.88888888888889,71.45,-17.438888888888883,63,0.07950667325563013
1718840,Sandolândia,TO,Norte,93.75,62.14,-31.61,32,0.07947044245526189
3508900,Caiabu,SP,Sudeste,79.48717948717949,61.46,-18.027179487179488,39,0.07944212251462038
5219456,Santa Rita do Novo Destino,GO,Centro-Oeste,100.0,80.0,-20.0,25,0.07938449558893979
4100301,Agudos do Sul,PR,Sul,90.13157894736842,77.69,-12.441578947368427,152,0.07931933573602118
5107354,São José do Xingu,MT,Centro-Oeste,65.625,65.11,-0.5150000000000006,128,0.07931105208306045
5209937,Inaciolândia,GO,Centro-Oeste,86.56716417910447,77.89,-8.677164179104466,67,0.07931057257018027
3550506,São Pedro do Turvo,SP,Sudeste,88.88888888888889,74.21,-14.678888888888892,90,0.07923226833068446
2706422,Pariconha,AL,Nordeste,72.85714285714285,59.8,-13.05714285714285,70,0.07920048165163454
1711803,Juarina,TO,Norte,63.888888888888886,56.2,-7.688888888888883,36,0.07919167369300655
3125705,Felixlândia,MG,Sudeste,74.80916030534351,65.49,-9.319160305343516,131,0.07907694876059214
2112001,Tasso Fragoso,MA,Nordeste,75.59055118110236,61.82,-13.770551181102356,127,0.07905209185809232
4128633,Doutor Ulysses,PR,Sul,86.41975308641975,77.95,-8.469753086419743,81,0.07903225068627515
5207105,Diorama,GO,Centro-Oeste,93.54838709677419,80.0,-13.548387096774192,31,0.07899379822421636
2508901,Mamanguape,PB,Nordeste,80.64516129032258,62.4,-18.245161290322578,465,0.07896799288008644
3546256,Santa Cruz da Esperança,SP,Sudeste,95.83333333333334,62.27,-33.56333333333334,24,0.07885884605863878
3108008,Bom Sucesso,MG,Sudeste,80.4054054054054,73.22,-7.185405405405405,148,0.07879763316114564
1721307,Tupiratins,TO,Norte,70.37037037037037,49.16,-21.21037037037037,27,0.07878984778565906
5221403,Trindade,GO,Centro-Oeste,73.93310265282584,72.75,-1.1831026528258377,1734,0.07877672546143207
5107883,Serra Nova Dourada,MT,Centro-Oeste,83.33333333333334,72.24,-11.093333333333348,30,0.07876911810511936
4111506,Ivaiporã,PR,Sul,82.65682656826569,72.87,-9.786826568265681,271,0.07870472330023993
4126900,Tapira,PR,Sul,98.11320754716981,80.0,-18.113207547169807,53,0.07864876099577674
3172202,Wenceslau Braz,MG,Sudeste,93.75,63.73,-30.020000000000003,32,0.07863803972423034
5216908,Pilar de Goiás,GO,Centro-Oeste,89.47368421052632,80.0,-9.473684210526315,19,0.07860985936820206
5204656,Campinaçu,GO,Centro-Oeste,88.37209302325581,74.85,-13.52209302325582,43,0.0786057049405338
5217203,Piranhas,GO,Centro-Oeste,84.84848484848484,78.93,-5.918484848484837,99,0.07857817826622553
1200252,Epitaciolândia,AC,Norte,72.15189873417721,62.78,-9.371898734177208,316,0.07857790828021144
2913200,Ibotirama,BA,Nordeste,68.47826086956522,60.31,-8.168260869565216,276,0.078563951669008
1706100,Cristalândia,TO,Norte,67.12328767123287,62.76,-4.363287671232875,73,0.07848035603820379
2407401,Martins,RN,Nordeste,70.49180327868852,59.89,-10.601803278688521,61,0.078440431461514
5220058,São João da Paraúna,GO,Centro-Oeste,91.30434782608695,80.0,-11.304347826086953,23,0.0783446830313487
2603207,Caetés,PE,Nordeste,69.66019417475728,62.19,-7.470194174757282,412,0.07833186949854284
2111078,São João do Soter,MA,Nordeste,60.24096385542169,48.68,-11.56096385542169,166,0.07824492126065528
3103702,Araponga,MG,Sudeste,85.0,62.87,-22.130000000000003,20,0.07824331931250166
5002803,Caracol,MS,Centro-Oeste,65.33333333333333,64.15,-1.183333333333323,75,0.07822938383123934
2933208,Vera Cruz,BA,Nordeste,62.829736211031175,58.46,-4.369736211031174,417,0.07822646662821837
2517100,Várzea,PB,Nordeste,91.30434782608695,65.47,-25.834347826086955,23,0.07817132933233711
5004403,Inocência,MS,Centro-Oeste,57.377049180327866,55.13,-2.2470491803278634,122,0.0781304116940484
2510006,Nazarezinho,PB,Nordeste,70.58823529411765,56.89,-13.698235294117652,68,0.0781125940081461
2900504,Érico Cardoso,BA,Nordeste,92.10526315789474,73.62,-18.485263157894735,38,0.07809114999170987
5200506,Aloândia,GO,Centro-Oeste,100.0,80.0,-20.0,19,0.07805441258978177
5105622,Mirassol d'Oeste,MT,Centro-Oeste,77.1875,65.31,-11.877499999999998,320,0.07805309488410177
2709202,Traipu,AL,Nordeste,57.738095238095234,53.83,-3.9080952380952354,168,0.07799369985646083
3132701,Itambacuri,MG,Sudeste,77.77777777777779,65.27,-12.50777777777779,108,0.07792461207866286
5211602,Ivolândia,GO,Centro-Oeste,100.0,80.0,-20.0,18,0.07791589655363078
2700805,Belém,AL,Nordeste,73.77049180327869,67.05,-6.720491803278691,61,0.07790593339851248
2203354,Dirceu Arcoverde,PI,Nordeste,56.33802816901409,54.88,-1.458028169014085,71,0.07786147563705358
1100254,Presidente Médici,RO,Norte,83.1081081081081,70.76,-12.348108108108093,148,0.077738480378549
2103208,Chapadinha,MA,Nordeste,75.76923076923077,62.9,-12.869230769230775,780,0.07772127138670906
2931806,Tremedal,BA,Nordeste,75.23809523809524,64.16,-11.078095238095244,105,0.07767888351196446
1100189,Pimenta Bueno,RO,Norte,82.33082706766918,74.48,-7.850827067669172,532,0.07765173231139513
3110707,Cambuquira,MG,Sudeste,82.52427184466019,74.25,-8.274271844660191,103,0.07751856505231183
3122009,Divino,MG,Sudeste,74.84276729559748,64.0,-10.842767295597483,159,0.07744139251168575
1720259,São Salvador do Tocantins,TO,Norte,91.42857142857143,63.17,-28.25857142857143,35,0.07738147193424898
1200708,Xapuri,AC,Norte,69.89247311827957,62.56,-7.332473118279566,93,0.0773678057469456
3515202,Estrela d'Oeste,SP,Sudeste,82.79569892473118,66.48,-16.31569892473118,93,0.07735654242112425
2400505,Alexandria,RN,Nordeste,55.2,43.0,-12.200000000000003,125,0.07732852791489003
2406908,Lucrécia,RN,Nordeste,66.66666666666666,23.65,-43.01666666666666,33,0.07732439211439905
1501758,Brejo Grande do Araguaia,PA,Norte,92.42424242424242,70.34,-22.08424242424242,66,0.07731956266160203
2408607,Paraná,RN,Nordeste,45.0,45.49,0.490000000000002,40,0.07731780551458711
2209377,Santa Rosa do Piauí,PI,Nordeste,88.70967741935483,70.06,-18.64967741935483,62,0.07729062254714875
2514305,São José de Caiana,PB,Nordeste,76.47058823529412,63.48,-12.990588235294119,68,0.07729019098596908
5106422,Peixoto de Azevedo,MT,Centro-Oeste,56.83168316831683,56.63,-0.2016831683168263,505,0.07724655690335373
2505238,Cuité de Mamanguape,PB,Nordeste,56.09756097560976,34.51,-21.58756097560976,82,0.07722483250958065
4102000,Assis Chateaubriand,PR,Sul,86.58536585365853,80.0,-6.58536585365853,410,0.07715510062766799
2303808,Cedro,CE,Nordeste,93.13725490196079,80.0,-13.137254901960787,204,0.07712821753313889
2930204,Sento Sé,BA,Nordeste,44.161358811040344,50.21,6.048641188959657,471,0.07706936495609835
2201408,Barro Duro,PI,Nordeste,74.4186046511628,57.98,-16.438604651162798,43,0.07702253434713639
1702406,Arraias,TO,Norte,61.111111111111114,55.54,-5.571111111111115,72,0.07701374521051972
2306801,Jaguaribara,CE,Nordeste,89.16666666666667,80.0,-9.166666666666671,120,0.07697724076149745
2202208,Campo Maior,PI,Nordeste,81.01545253863135,65.6,-15.415452538631357,453,0.07696885994798583
2917607,Jaguaquara,BA,Nordeste,72.40143369175627,62.47,-9.931433691756268,558,0.07695924816856511
3107505,Bom Jardim de Minas,MG,Sudeste,78.48101265822784,63.22,-15.261012658227841,79,0.07695828004785248
2209005,Rio Grande do Piauí,PI,Nordeste,75.0,63.69,-11.310000000000002,56,0.07695167902256439
4118907,Pérola,PR,Sul,90.64748201438849,79.1,-11.547482014388493,139,0.07694335582217285
4125308,São Jorge do Ivaí,PR,Sul,95.08196721311475,80.0,-15.081967213114751,61,0.07693182242777656
3122454,Divisópolis,MG,Sudeste,68.31683168316832,60.36,-7.956831683168318,101,0.07691273337076537
3132909,Itamogi,MG,Sudeste,83.01886792452831,70.12,-12.898867924528304,106,0.07682986078895429
2704401,Major Isidoro,AL,Nordeste,64.73988439306359,59.0,-5.7398843930635906,173,0.0768082990109914
2922656,Nordestina,BA,Nordeste,60.10928961748634,53.58,-6.5292896174863415,183,0.07677724446110436
2503803,Caldas Brandão,PB,Nordeste,91.66666666666666,66.97,-24.69666666666666,24,0.07670096996108272
2504157,Casserengue,PB,Nordeste,81.48148148148148,63.36,-18.12148148148148,81,0.07668632092732681
2806503,Santa Rosa de Lima,SE,Nordeste,52.83018867924528,49.16,-3.6701886792452854,53,0.07667288266720966
4122172,Rio Branco do Ivaí,PR,Sul,85.48387096774194,74.49,-10.993870967741941,62,0.07666388341902415
3537107,Pedreira,SP,Sudeste,89.34426229508196,80.0,-9.344262295081961,366,0.07659596148146439
3156007,Rio Vermelho,MG,Sudeste,80.32786885245902,61.14,-19.18786885245902,61,0.07656392677689695
2504355,Caturité,PB,Nordeste,85.41666666666666,65.99,-19.426666666666662,48,0.07656382603864853
3122405,Divisa Nova,MG,Sudeste,90.32258064516128,71.7,-18.62258064516128,62,0.07648272644865507
2204709,Inhuma,PI,Nordeste,85.71428571428571,67.21,-18.504285714285714,168,0.07642098942733754
2201988,Brejo do Piauí,PI,Nordeste,90.9090909090909,64.6,-26.309090909090912,33,0.07641621110048016
5107750,Salto do Céu,MT,Centro-Oeste,94.44444444444444,80.0,-14.444444444444443,36,0.0763897500541835
3105004,Baldim,MG,Sudeste,90.74074074074075,76.84,-13.900740740740744,54,0.0763789069938992
5219506,Santa Rosa de Goiás,GO,Centro-Oeste,100.0,80.0,-20.0,24,0.0763602264315821
3127339,Gameleiras,MG,Sudeste,82.35294117647058,59.92,-22.432941176470578,17,0.0763317392295027
2701605,Canapi,AL,Nordeste,79.18367346938776,62.03,-17.153673469387755,245,0.07632485309600306
3130903,Inhapim,MG,Sudeste,83.70786516853933,73.88,-9.827865168539333,178,0.07620450729074443
2900801,Alcobaça,BA,Nordeste,69.0,61.94,-7.060000000000002,300,0.07619381322551548
5007307,Rio Negro,MS,Centro-Oeste,71.83098591549296,66.03,-5.800985915492959,71,0.07618339569277208
5219258,Santa Fé de Goiás,GO,Centro-Oeste,83.07692307692308,78.26,-4.816923076923075,65,0.07614748229310642
2920601,Maragogipe,BA,Nordeste,74.77477477477478,63.07,-11.704774774774783,222,0.07613566867159584
1300086,Anamã,AM,Norte,63.76811594202898,54.89,-8.878115942028977,69,0.07610202519814105
5103908,General Carneiro,MT,Centro-Oeste,93.33333333333333,80.0,-13.333333333333329,30,0.07603993199613435
4121703,Reserva,PR,Sul,86.30952380952381,76.11,-10.19952380952381,336,0.07603207887324438
3119500,Coronel Murta,MG,Sudeste,90.54054054054053,72.43,-18.110540540540526,74,0.07601445373358832
4210605,Massaranduba,SC,Sul,79.66101694915254,75.12,-4.541016949152535,177,0.07596656736011904
4102109,Astorga,PR,Sul,90.2542372881356,79.76,-10.494237288135594,236,0.07589316908102842
2904704,Buerarema,BA,Nordeste,47.368421052631575,48.6,1.2315789473684262,114,0.07587952852167683
1508407,Xinguara,PA,Norte,67.74193548387096,64.36,-3.3819354838709614,651,0.07583129380737227
2803104,Itabi,SE,Nordeste,50.0,44.48,-5.520000000000003,30,0.07576291836434537
2901908,Aporá,BA,Nordeste,40.44943820224719,43.02,2.5705617977528163,178,0.07570291927893681
2800407,Arauá,SE,Nordeste,58.333333333333336,53.44,-4.893333333333338,84,0.07569189262940312
3104809,Augusto de Lima,MG,Sudeste,82.14285714285714,63.48,-18.662857142857142,56,0.07567912181694536
2905503,Caldeirão Grande,BA,Nordeste,45.911949685534594,46.19,0.2780503144654034,159,0.07554710630765578
2204303,Fronteiras,PI,Nordeste,100.0,80.0,-20.0,90,0.07552702364245908
2902302,Aratuípe,BA,Nordeste,74.03846153846155,63.32,-10.718461538461547,104,0.07551827685109647
5106703,Ponte Branca,MT,Centro-Oeste,89.28571428571429,78.2,-11.085714285714289,28,0.07551096562561015
2509909,Natuba,PB,Nordeste,81.08108108108108,68.93,-12.151081081081074,74,0.07548881306302896
5210307,Israelândia,GO,Centro-Oeste,100.0,80.0,-20.0,22,0.07545867935171022
2900603,Aiquara,BA,Nordeste,55.35714285714286,52.24,-3.117142857142859,56,0.07539076715919159
5204805,Campo Alegre de Goiás,GO,Centro-Oeste,83.83838383838383,79.94,-3.898383838383836,99,0.07535930803582563
2201705,Bertolínia,PI,Nordeste,87.8048780487805,69.28,-18.524878048780494,41,0.0753395482082803
2910776,Feira da Mata,BA,Nordeste,85.5072463768116,67.39,-18.117246376811593,69,0.07528556629066822
1701309,Aragominas,TO,Norte,53.42465753424658,48.86,-4.564657534246578,73,0.07528017200207224
2304608,General Sampaio,CE,Nordeste,94.5054945054945,80.0,-14.505494505494497,91,0.07524300574276663
2914109,Ipupiara,BA,Nordeste,88.65979381443299,72.96,-15.699793814432994,97,0.07520959348157684
2929701,Sátiro Dias,BA,Nordeste,50.0,40.59,-9.409999999999997,96,0.07513846267402523
2101772,Bela Vista do Maranhão,MA,Nordeste,75.0,65.38,-9.620000000000005,208,0.07506139975594615
2313252,Tarrafas,CE,Nordeste,96.93877551020408,80.0,-16.93877551020408,98,0.07505376346686943
3143807,Munhoz,MG,Sudeste,94.9367088607595,78.84,-16.09670886075949,79,0.07501617352686096
4111100,Itambé,PR,Sul,95.38461538461539,80.0,-15.384615384615387,65,0.07490524572743533
2701506,Campo Grande,AL,Nordeste,73.68421052631578,65.22,-8.464210526315782,57,0.07486759861608902
1701051,Angico,TO,Norte,75.0,59.05,-15.950000000000003,36,0.07481043957764463
5104500,Indiavaí,MT,Centro-Oeste,83.33333333333334,61.6,-21.73333333333334,24,0.07472560005816055
3121506,Desterro do Melo,MG,Sudeste,100.0,73.68,-26.319999999999993,38,0.07471146374559993
2206357,Milton Brandão,PI,Nordeste,75.0,57.5,-17.5,28,0.07461976841025122
2515609,Serra da Raiz,PB,Nordeste,85.29411764705883,42.65,-42.64411764705883,34,0.07461048043530533
5212055,Jesúpolis,GO,Centro-Oeste,92.85714285714286,80.0,-12.857142857142861,28,0.07457795672936453
3118908,Cordisburgo,MG,Sudeste,96.875,74.25,-22.625,32,0.07457126173724424
2314003,Várzea Alegre,CE,Nordeste,93.20113314447592,80.0,-13.201133144475918,353,0.07445100645595076
2504207,Catingueira,PB,Nordeste,67.1875,54.59,-12.597499999999997,64,0.07445070246506148
3124302,Espinosa,MG,Sudeste,83.45864661654136,71.69,-11.76864661654136,133,0.07444831795467809
1501501,Benevides,PA,Norte,75.82056892778994,69.84,-5.980568927789932,914,0.07438085019732096
2511608,Pilões,PB,Nordeste,79.26829268292683,59.97,-19.298292682926828,82,0.07433366827618011
4124905,São João do Caiuá,PR,Sul,97.22222222222221,80.0,-17.222222222222214,72,0.0743040960279593
3149606,Pequi,MG,Sudeste,91.66666666666666,71.65,-20.01666666666665,48,0.07429289636770532
3167509,Simão Pereira,MG,Sudeste,89.65517241379311,32.29,-57.36517241379311,29,0.07428826359554382
2504074,Caraúbas,PB,Nordeste,89.1891891891892,63.59,-25.59918918918919,37,0.07428575483978701
4103479,Cafezal do Sul,PR,Sul,76.66666666666667,67.37,-9.296666666666667,60,0.0742805883765664
3114501,Carmópolis de Minas,MG,Sudeste,88.07339449541286,78.28,-9.793394495412855,218,0.0742689801021925
2803401,Japoatã,SE,Nordeste,51.724137931034484,49.96,-1.7641379310344831,145,0.07417851561443249
3135902,Jesuânia,MG,Sudeste,89.0909090909091,70.58,-18.510909090909095,55,0.07416864745656707
2205409,Joaquim Pires,PI,Nordeste,85.5072463768116,67.29,-18.217246376811588,207,0.07408235202231306
2923308,Ouriçangas,BA,Nordeste,66.66666666666666,56.56,-10.106666666666655,75,0.07403518445923725
3537701,Piacatu,SP,Sudeste,96.42857142857143,80.0,-16.42857142857143,56,0.07402395147255572
2611533,Quixaba,PE,Nordeste,97.5,80.0,-17.5,160,0.07400398092059271
4118451,Pato Bragado,PR,Sul,98.80952380952381,80.0,-18.80952380952381,84,0.07388486134421195
5106000,Nortelândia,MT,Centro-Oeste,65.47619047619048,63.1,-2.37619047619048,84,0.07385018599369826
2104404,Gonçalves Dias,MA,Nordeste,82.35294117647058,61.89,-20.46294117647058,119,0.0738389363309866
2909505,Cravolândia,BA,Nordeste,77.94117647058823,68.2,-9.741176470588229,68,0.0738157183339831
2207959,Nova Santa Rita,PI,Nordeste,78.0,63.39,-14.61,50,0.07381302783716112
5103452,Denise,MT,Centro-Oeste,70.75471698113208,68.63,-2.1247169811320816,106,0.07380680582382051
4208500,Ituporanga,SC,Sul,81.9672131147541,71.65,-10.317213114754097,122,0.07377758230099371
2401404,Baía Formosa,RN,Nordeste,47.368421052631575,49.92,2.5515789473684265,76,0.07375612637248245
3149150,Pedras de Maria da Cruz,MG,Sudeste,62.96296296296296,51.82,-11.142962962962962,135,0.07375477679154803
4124020,Santa Tereza do Oeste,PR,Sul,84.375,76.34,-8.034999999999997,192,0.07373862679567345
4113734,Luiziana,PR,Sul,95.50561797752809,80.0,-15.50561797752809,89,0.073586391526478
3202108,Ecoporanga,ES,Sudeste,87.36263736263736,74.21,-13.152637362637364,182,0.07355779782346357
2917359,Jaborandi,BA,Nordeste,64.28571428571429,59.47,-4.815714285714293,112,0.07349350948714718
2905909,Campo Alegre de Lourdes,BA,Nordeste,65.4320987654321,57.01,-8.422098765432104,243,0.07346993220040948
2912509,Ibipitanga,BA,Nordeste,72.52747252747253,61.31,-11.217472527472523,91,0.07334888702040089
4127858,Três Barras do Paraná,PR,Sul,91.97080291970804,79.64,-12.330802919708034,137,0.07334272522371899
5215207,Novo Brasil,GO,Centro-Oeste,100.0,80.0,-20.0,29,0.07334190328760716
2907400,Catolândia,BA,Nordeste,47.05882352941176,34.72,-12.338823529411762,34,0.07333377427093037
2304285,Eusébio,CE,Nordeste,95.54655870445345,80.0,-15.546558704453446,988,0.07332879146150469
4121000,Querência do Norte,PR,Sul,66.18705035971223,61.91,-4.277050359712234,139,0.07331335072515788
2510303,Nova Palmeira,PB,Nordeste,100.0,69.26,-30.739999999999995,44,0.07331220015419161
1712801,Maurilândia do Tocantins,TO,Norte,50.0,44.46,-5.539999999999999,46,0.07330245228946644
4105102,Centenário do Sul,PR,Sul,77.09923664122137,66.64,-10.459236641221366,131,0.07323323348863074
1304005,Silves,AM,Norte,57.692307692307686,53.91,-3.7823076923076897,208,0.07322809767227549
5107198,Ribeirãozinho,MT,Centro-Oeste,65.78947368421053,63.88,-1.909473684210532,38,0.07320378158906954
2207009,Oeiras,PI,Nordeste,86.8945868945869,72.53,-14.364586894586893,351,0.07317703976245621
5221908,Varjão,GO,Centro-Oeste,83.33333333333334,80.0,-3.333333333333343,42,0.07314965441091925
5214705,Nova América,GO,Centro-Oeste,93.33333333333333,80.0,-13.333333333333329,30,0.07314797649401918
1702000,Araguaçu,TO,Norte,71.11111111111111,61.48,-9.631111111111117,90,0.07303757321493458
3128105,Guapé,MG,Sudeste,77.39130434782608,68.82,-8.571304347826086,115,0.07290710957675707
4117206,Nova Olímpia,PR,Sul,100.0,79.56,-20.439999999999998,64,0.07285899630822705
2802700,Ilha das Flores,SE,Nordeste,55.73770491803278,50.62,-5.117704918032786,122,0.07284667331804265
1715259,Novo Jardim,TO,Norte,78.78787878787878,47.04,-31.747878787878783,33,0.07284044282109076
4117271,Nova Tebas,PR,Sul,94.8051948051948,80.0,-14.805194805194802,77,0.07276223142034755
4124509,Santo Inácio,PR,Sul,96.25,80.0,-16.25,80,0.07270141288311932
1714880,Nova Olinda,TO,Norte,46.58385093167702,49.5,2.91614906832298,161,0.07266557327580178
3131703,Itabira,MG,Sudeste,75.64825253664036,68.12,-7.528252536640352,887,0.07262864900453982
5215652,Palestina de Goiás,GO,Centro-Oeste,97.05882352941177,79.74,-17.318823529411773,34,0.07258538087711462
4208401,Itapiranga,SC,Sul,86.1244019138756,75.44,-10.684401913875604,209,0.0725727444762563
3118304,Conselheiro Lafaiete,MG,Sudeste,84.74387527839644,72.06,-12.683875278396442,898,0.0725396457265801
2903276,Barrocas,BA,Nordeste,72.17391304347827,60.15,-12.023913043478267,115,0.0725335219695692
5202809,Avelinópolis,GO,Centro-Oeste,90.9090909090909,75.36,-15.549090909090907,33,0.07243600527683255
3125952,Fervedouro,MG,Sudeste,84.21052631578947,72.64,-11.570526315789465,133,0.07234484383437653
2605004,Cupira,PE,Nordeste,90.13157894736842,78.86,-11.271578947368425,304,0.07233728373741659
5210158,Ipiranga de Goiás,GO,Centro-Oeste,100.0,80.0,-20.0,23,0.0723327871507098
5106653,Pontal do Araguaia,MT,Centro-Oeste,83.33333333333334,74.45,-8.88333333333334,60,0.07225940724205342
3521606,Irapuru,SP,Sudeste,97.26027397260275,80.0,-17.260273972602747,73,0.07225770578919914
3146255,Padre Carvalho,MG,Sudeste,83.6734693877551,62.89,-20.783469387755105,49,0.072231137366059
3516705,Garça,SP,Sudeste,77.71428571428571,65.43,-12.284285714285701,350,0.07220494658200752
3127057,Fronteira dos Vales,MG,Sudeste,78.26086956521739,57.36,-20.90086956521739,46,0.07215670515827209
2101707,Barreirinhas,MA,Nordeste,82.41758241758241,64.61,-17.80758241758241,728,0.072103943780458
1715507,Oliveira de Fátima,TO,Norte,87.5,64.43,-23.069999999999993,24,0.07209653310686422
2201309,Barreiras do Piauí,PI,Nordeste,75.0,58.03,-16.97,40,0.07209622635606545
3127503,Gonzaga,MG,Sudeste,98.11320754716981,72.79,-25.3232075471698,53,0.07197787890953238
3108305,Borda da Mata,MG,Sudeste,80.50847457627118,72.35,-8.158474576271189,118,0.07197654606703328
2410603,Rafael Godeiro,RN,Nordeste,95.45454545454545,52.7,-42.75454545454545,22,0.07195814364272321
2206951,Novo Santo Antônio,PI,Nordeste,95.55555555555556,63.64,-31.915555555555557,45,0.07195688239360395
4128005,Ubiratã,PR,Sul,87.00361010830325,80.0,-7.003610108303249,277,0.07191684886432591
2704906,Mar Vermelho,AL,Nordeste,79.48717948717949,69.03,-10.457179487179488,39,0.07191538310366873
5107578,Rondolândia,MT,Centro-Oeste,73.33333333333333,52.09,-21.243333333333325,30,0.071911807679656
5002704,Campo Grande,MS,Centro-Oeste,63.58490566037736,59.88,-3.7049056603773565,10070,0.07190585519407454
3105905,Barroso,MG,Sudeste,85.85858585858585,76.55,-9.308585858585857,198,0.07189738745149656
3169109,Toledo,MG,Sudeste,88.28828828828829,71.11,-17.178288288288286,111,0.07186059045682518
5200803,Alvorada do Norte,GO,Centro-Oeste,78.62595419847328,71.85,-6.775954198473286,131,0.07182052867716192
2707008,Pindoba,AL,Nordeste,75.86206896551724,52.1,-23.762068965517237,29,0.07172513822463826
2308807,Moraújo,CE,Nordeste,99.00990099009901,80.0,-19.009900990099013,101,0.07169053195452045
5002209,Bonito,MS,Centro-Oeste,63.44086021505376,66.18,2.7391397849462464,372,0.07165558753195204
2500536,Alcantil,PB,Nordeste,75.55555555555556,60.45,-15.105555555555554,90,0.07162791611658242
2906873,Capim Grosso,BA,Nordeste,49.64028776978417,50.06,0.41971223021582915,278,0.07161236229348451
1200104,Brasiléia,AC,Norte,71.78082191780823,59.23,-12.550821917808229,365,0.07157263662306314
5214879,Nova Iguaçu de Goiás,GO,Centro-Oeste,91.17647058823529,80.0,-11.17647058823529,34,0.07156028508084426
2904506,Brotas de Macaúbas,BA,Nordeste,81.57894736842105,68.12,-13.45894736842105,38,0.07149510393763452
1712454,Luzinópolis,TO,Norte,63.888888888888886,49.16,-14.72888888888889,36,0.07148127222344398
2207801,Paulistana,PI,Nordeste,78.48605577689243,61.8,-16.68605577689243,251,0.07147882195641848
3130507,Ilicínea,MG,Sudeste,72.25806451612902,62.29,-9.968064516129026,155,0.0714739073337874
5108204,Torixoréu,MT,Centro-Oeste,91.66666666666666,80.0,-11.666666666666657,36,0.07146102702907178
3130655,Indaiabira,MG,Sudeste,83.33333333333334,67.59,-15.74333333333334,72,0.07144269181702508
3111002,Campestre,MG,Sudeste,87.79069767441861,74.61,-13.18069767441861,172,0.07143528024837813
5213855,Morro Agudo de Goiás,GO,Centro-Oeste,100.0,80.0,-20.0,32,0.07140179410902707
2920304,Malhada de Pedras,BA,Nordeste,95.8904109589041,74.8,-21.0904109589041,73,0.07139061183179994
2903508,Belo Campo,BA,Nordeste,72.3404255319149,63.16,-9.180425531914906,141,0.07138427035588946
1704105,Centenário,TO,Norte,71.42857142857143,47.86,-23.56857142857143,28,0.07137022715500674
3534005,Onda Verde,SP,Sudeste,72.58064516129032,62.89,-9.69064516129032,62,0.07131099936545984
3102852,Angelândia,MG,Sudeste,83.17757009345794,69.41,-13.767570093457948,107,0.07123241010841387
4117222,Nova Santa Rosa,PR,Sul,89.72602739726028,78.76,-10.966027397260277,146,0.07120865552307451
5106802,Porto dos Gaúchos,MT,Centro-Oeste,83.75,77.55,-6.200000000000003,80,0.07115828382067296
3150901,Piranguçu,MG,Sudeste,89.85507246376811,72.71,-17.145072463768116,69,0.07113074440687646
5210109,Ipameri,GO,Centro-Oeste,77.36486486486487,71.61,-5.754864864864871,296,0.07109495642288638
1304104,Tapauá,AM,Norte,72.1311475409836,64.05,-8.081147540983608,183,0.07107819346355523
2514909,São Mamede,PB,Nordeste,65.0,57.59,-7.409999999999997,80,0.07104717271064553
2928901,São Desidério,BA,Nordeste,73.55555555555556,61.59,-11.965555555555554,450,0.07099380289843718
4321006,Tapera,RS,Sul,80.0,70.23,-9.769999999999996,50,0.07099359464263284
4125100,São João do Triunfo,PR,Sul,86.59217877094973,79.2,-7.392178770949727,179,0.0708223009700712
3163102,São José da Varginha,MG,Sudeste,93.33333333333333,67.08,-26.25333333333333,30,0.07078630092082813
3513108,Cravinhos,SP,Sudeste,70.05988023952095,60.04,-10.019880239520951,334,0.07077847458753764
3133204,Itanhomi,MG,Sudeste,78.8135593220339,59.58,-19.233559322033898,118,0.07066332354369434
2404101,Galinhos,RN,Nordeste,76.31578947368422,57.99,-18.325789473684218,38,0.07064141803073411
1708304,Goianorte,TO,Norte,75.40983606557377,66.28,-9.12983606557377,61,0.07055505637536486
2503605,Caiçara,PB,Nordeste,80.35714285714286,66.42,-13.93714285714286,56,0.0705505755568464
4214706,Rio dos Cedros,SC,Sul,86.60714285714286,69.92,-16.68714285714286,112,0.07050296943390122
2203800,Flores do Piauí,PI,Nordeste,79.66101694915254,62.75,-16.91101694915254,59,0.07050188401254671
5222203,Vila Boa,GO,Centro-Oeste,86.4406779661017,80.0,-6.440677966101703,59,0.07044692528109571
4106605,Cruzeiro do Oeste,PR,Sul,84.21052631578947,76.74,-7.470526315789471,209,0.07040413484136776
5200258,Águas Lindas de Goiás,GO,Centro-Oeste,66.78358470712031,63.85,-2.9335847071203105,2851,0.07039466112344643
3520442,Ilha Solteira,SP,Sudeste,80.34682080924856,72.84,-7.506820809248552,173,0.07031882082225557
4208708,Jacinto Machado,SC,Sul,77.0,66.0,-11.0,100,0.07029850673533075
2600203,Afrânio,PE,Nordeste,80.57142857142857,66.8,-13.771428571428572,175,0.07027536380409347
2104651,Governador Newton Bello,MA,Nordeste,88.60759493670885,74.17,-14.437594936708848,79,0.07020110684547698
3151602,Planura,MG,Sudeste,77.24137931034483,62.26,-14.981379310344828,145,0.07019388878607997
5202601,Aurilândia,GO,Centro-Oeste,96.42857142857143,77.77,-18.658571428571435,28,0.07018035963666801
3124807,Estrela do Sul,MG,Sudeste,79.54545454545455,62.76,-16.78545454545455,44,0.07014469922932631
4117305,Ortigueira,PR,Sul,82.22222222222221,70.87,-11.35222222222221,270,0.07012463561620665
2702801,Flexeiras,AL,Nordeste,59.876543209876544,55.8,-4.076543209876547,162,0.07009191441688907
5213053,Mimoso de Goiás,GO,Centro-Oeste,100.0,72.91,-27.090000000000003,20,0.07009037946778866
2303659,Catunda,CE,Nordeste,98.83720930232558,80.0,-18.837209302325576,86,0.07004030263482894
2202539,Caraúbas do Piauí,PI,Nordeste,80.0,58.1,-21.9,65,0.07003345205871112
2106706,Mirador,MA,Nordeste,61.016949152542374,55.99,-5.026949152542372,177,0.07001360713370723
3304706,Santo Antônio de Pádua,RJ,Sudeste,81.9628647214854,72.76,-9.202864721485398,377,0.07000038522541065
2201929,Bonfim do Piauí,PI,Nordeste,72.36842105263158,64.76,-7.60842105263157,76,0.06995817937561148
3108701,Brás Pires,MG,Sudeste,97.22222222222221,66.34,-30.88222222222221,36,0.06995731862094651
4102802,Bela Vista do Paraíso,PR,Sul,80.33707865168539,70.08,-10.25707865168539,178,0.0699115863172881
4315107,Porto Xavier,RS,Sul,93.61702127659575,75.53,-18.08702127659575,47,0.06987273507190085
2512036,Poço Dantas,PB,Nordeste,74.4186046511628,47.79,-26.628604651162796,43,0.06984539115473083
2208601,Prata do Piauí,PI,Nordeste,68.62745098039215,39.41,-29.217450980392158,51,0.06981060882486745
2801702,Cristinápolis,SE,Nordeste,44.31818181818182,48.96,4.641818181818181,176,0.06979874193317306
3111200,Campo Belo,MG,Sudeste,86.66666666666667,74.35,-12.316666666666677,450,0.06977930095522189
3201704,Conceição do Castelo,ES,Sudeste,86.88524590163934,78.58,-8.305245901639339,122,0.06977056638379543
5205703,Córrego do Ouro,GO,Centro-Oeste,100.0,78.54,-21.459999999999994,25,0.06975067394143329
3526308,Lagoinha,SP,Sudeste,76.92307692307693,63.76,-13.163076923076936,52,0.06973127491282918
3153103,Presidente Bernardes,MG,Sudeste,85.36585365853658,68.1,-17.265853658536585,41,0.06964379076487894
4127957,Tupãssi,PR,Sul,90.625,74.98,-15.644999999999996,96,0.0696091703024302
2803807,Malhada dos Bois,SE,Nordeste,65.45454545454545,58.96,-6.494545454545452,55,0.06960044565665195
1703057,Bandeirantes do Tocantins,TO,Norte,62.264150943396224,56.37,-5.894150943396227,53,0.0695727609948599
1504950,Nova Esperança do Piriá,PA,Norte,61.811023622047244,56.38,-5.431023622047242,254,0.06955473200772595
3130804,Ingaí,MG,Sudeste,92.5,65.61,-26.89,40,0.06954960556418473
1200609,Tarauacá,AC,Norte,67.01940035273368,58.25,-8.769400352733683,567,0.06951736256854825
3147303,Paraisópolis,MG,Sudeste,84.50704225352112,69.94,-14.567042253521123,213,0.06950244325830514
2703007,Ibateguara,AL,Nordeste,100.0,80.0,-20.0,85,0.06949756779097374
5103379,Cotriguaçu,MT,Centro-Oeste,73.8255033557047,68.71,-5.115503355704703,149,0.06931299238986166
1300029,Alvarães,AM,Norte,68.02030456852792,58.91,-9.110304568527923,197,0.069248694726764
2506301,Guarabira,PB,Nordeste,75.42168674698794,56.67,-18.751686746987943,415,0.06923599885445088
2209708,São Francisco do Piauí,PI,Nordeste,84.72222222222221,68.6,-16.12222222222222,72,0.06917423571925645
2917706,Jaguarari,BA,Nordeste,59.93690851735016,53.12,-6.816908517350164,317,0.06912812854738383
5003702,Dourados,MS,Centro-Oeste,62.65318627450981,59.21,-3.443186274509806,3264,0.06911781617828074
2300507,Alcântaras,CE,Nordeste,100.0,80.0,-20.0,116,0.06907449396365084
2912608,Ibiquera,BA,Nordeste,50.0,45.14,-4.859999999999999,32,0.06906993432721979
2708105,Santana do Mundaú,AL,Nordeste,100.0,80.0,-20.0,91,0.06904523492499964
1705607,Conceição do Tocantins,TO,Norte,54.54545454545454,51.08,-3.4654545454545413,55,0.06899170961256271
5214002,Mozarlândia,GO,Centro-Oeste,70.76923076923077,65.06,-5.709230769230771,195,0.06895672544739781
2112506,Tutóia,MA,Nordeste,73.40720221606648,57.58,-15.827202216066482,722,0.06890130179790324
3110301,Caldas,MG,Sudeste,78.16901408450704,65.15,-13.019014084507035,142,0.06883317836643806
4102901,Bituruna,PR,Sul,86.88524590163934,80.0,-6.885245901639337,244,0.06880685814234566
4110805,Iretama,PR,Sul,86.09271523178808,80.0,-6.092715231788077,151,0.06878510785490606
3524808,Jales,SP,Sudeste,78.19148936170212,67.18,-11.011489361702118,376,0.06878049875083539
2312205,Santa Quitéria,CE,Nordeste,96.65871121718376,80.0,-16.658711217183765,419,0.0687025470672015
1720200,São Miguel do Tocantins,TO,Norte,53.051643192488264,50.63,-2.4216431924882613,213,0.06868353554859084
2406106,Jucurutu,RN,Nordeste,54.95495495495496,51.05,-3.9049549549549596,111,0.06862386183262481
5105002,Jauru,MT,Centro-Oeste,70.9090909090909,62.68,-8.229090909090907,110,0.06858050919921672
2304269,Deputado Irapuan Pinheiro,CE,Nordeste,95.04950495049505,80.0,-15.049504950495049,101,0.06854961182612122
2502102,Boa Ventura,PB,Nordeste,72.91666666666666,51.77,-21.146666666666654,48,0.06853283589702942
5220009,São João d'Aliança,GO,Centro-Oeste,82.51748251748252,80.0,-2.51748251748252,143,0.06850047584131144
2502151,Boa Vista,PB,Nordeste,93.58974358974359,73.88,-19.709743589743596,78,0.06847395323937341
3112000,Candeias,MG,Sudeste,91.0891089108911,80.0,-11.089108910891099,101,0.06845061730552865
3119955,Córrego Fundo,MG,Sudeste,98.30508474576271,74.39,-23.915084745762712,59,0.06840463454110204
5200209,Água Limpa,GO,Centro-Oeste,100.0,74.4,-25.599999999999994,27,0.0683928033340234
5108105,Tesouro,MT,Centro-Oeste,81.3953488372093,62.85,-18.545348837209296,43,0.06836230760947214
3153509,Alto Jequitibá,MG,Sudeste,82.02247191011236,64.86,-17.16247191011236,89,0.06835817601717874
1502939,Dom Eliseu,PA,Norte,80.89285714285714,69.2,-11.692857142857136,560,0.06835152486121499
2933455,Wanderley,BA,Nordeste,77.85234899328859,66.52,-11.33234899328859,149,0.06834280470640046
2929602,Sapeaçu,BA,Nordeste,82.20338983050848,67.95,-14.253389830508482,118,0.06834189567284171
2700706,Batalha,AL,Nordeste,58.19209039548022,54.82,-3.372090395480221,177,0.06831189969087101
5221601,Uruaçu,GO,Centro-Oeste,78.85196374622356,74.26,-4.591963746223556,331,0.06831040527372532
2310852,Pindoretama,CE,Nordeste,95.19999999999999,80.0,-15.199999999999989,250,0.06829232326410571
3144102,Muzambinho,MG,Sudeste,76.50273224043715,60.86,-15.642732240437155,183,0.06827603092119353
1501204,Baião,PA,Norte,52.300242130750604,51.02,-1.280242130750601,413,0.06827104569322953
2707107,Piranhas,AL,Nordeste,51.13636363636363,48.96,-2.1763636363636323,352,0.06823574570605664
3168002,Taiobeiras,MG,Sudeste,86.56716417910447,74.25,-12.317164179104466,402,0.06815661231724228
1718758,Rio Sono,TO,Norte,54.054054054054056,51.24,-2.814054054054054,74,0.06812497837854707
3126109,Formiga,MG,Sudeste,84.42437923250564,73.05,-11.374379232505646,443,0.06811997541437434
2608255,Jucati,PE,Nordeste,69.62025316455697,61.24,-8.380253164556969,158,0.06810980079503313
4123501,Santa Helena,PR,Sul,86.00508905852418,79.55,-6.45508905852418,393,0.06804299363455941
2605400,Feira Nova,PE,Nordeste,89.62264150943396,80.0,-9.622641509433961,212,0.06803743525237455
5206206,Cristalina,GO,Centro-Oeste,74.91926803013995,73.55,-1.3692680301399491,929,0.0680154149126108
1101807,Vale do Paraíso,RO,Norte,79.12087912087912,67.37,-11.75087912087912,91,0.0679911382639844
2106755,Miranda do Norte,MA,Nordeste,79.06976744186046,67.09,-11.97976744186046,301,0.06798509820437715
2101905,Bequimão,MA,Nordeste,69.93006993006993,54.73,-15.200069930069937,143,0.06789237230567831
5101605,Barão de Melgaço,MT,Centro-Oeste,73.33333333333333,69.57,-3.7633333333333354,90,0.06788408680864456
3132602,Itamarati de Minas,MG,Sudeste,75.0,63.39,-11.61,52,0.06787407434196732
2500700,São João do Rio do Peixe,PB,Nordeste,78.37837837837837,60.15,-18.228378378378373,148,0.06784380998866095
5105309,Luciara,MT,Centro-Oeste,78.125,57.59,-20.534999999999997,32,0.067816627931295
3169505,Tumiritinga,MG,Sudeste,80.59701492537313,61.96,-18.63701492537313,67,0.06779745618643856
1703206,Bernardo Sayão,TO,Norte,83.05084745762711,65.89,-17.160847457627113,59,0.06769071569789721
2101970,Boa Vista do Gurupi,MA,Nordeste,90.17857142857143,69.54,-20.638571428571424,112,0.06767968589027604
2211704,Wall Ferraz,PI,Nordeste,93.33333333333333,57.56,-35.773333333333326,45,0.06764025779764225
2921450,Mirante,BA,Nordeste,75.5813953488372,65.56,-10.021395348837203,86,0.06747247243010708
3126000,Florestal,MG,Sudeste,85.52631578947368,68.11,-17.416315789473686,76,0.0673965674391011
4120606,Prudentópolis,PR,Sul,89.21001926782274,80.0,-9.210019267822744,519,0.06738351865005522
2923605,Paramirim,BA,Nordeste,76.81159420289855,62.78,-14.031594202898546,138,0.06735881771249551
3112109,Caparaó,MG,Sudeste,84.4155844155844,69.62,-14.7955844155844,77,0.06730841687398778
3542107,Rafard,SP,Sudeste,89.85507246376811,80.0,-9.85507246376811,138,0.06729054055295533
3131802,Itabirinha,MG,Sudeste,82.78688524590164,71.96,-10.82688524590165,122,0.06722563494378006
2702108,Colônia Leopoldina,AL,Nordeste,98.9010989010989,80.0,-18.901098901098905,91,0.06720126358122804
3131505,Ipuiúna,MG,Sudeste,76.04166666666666,65.92,-10.121666666666655,96,0.06717506612676077
2202752,Colônia do Gurguéia,PI,Nordeste,81.9672131147541,66.72,-15.247213114754103,61,0.0671576484140752
4114807,Marialva,PR,Sul,85.68548387096774,76.3,-9.385483870967747,496,0.06715509716023667
5204607,Campestre de Goiás,GO,Centro-Oeste,87.03703703703704,79.63,-7.407037037037043,54,0.06714270993864423
2928208,Santana,BA,Nordeste,58.69565217391305,52.69,-6.005652173913049,276,0.0671210281739657
4104907,Castro,PR,Sul,85.36585365853658,76.84,-8.525853658536576,984,0.06710326726523334
4101101,Andirá,PR,Sul,81.42857142857143,72.08,-9.348571428571432,210,0.06708521441931754
3106408,Belo Vale,MG,Sudeste,97.9381443298969,80.0,-17.9381443298969,97,0.06706752265834465
2606903,Iguaracy,PE,Nordeste,90.72164948453609,75.96,-14.761649484536093,97,0.0670473341977953
1702307,Arapoema,TO,Norte,65.11627906976744,57.39,-7.726279069767443,86,0.06701159379208223
2929404,São Miguel das Matas,BA,Nordeste,62.71186440677966,51.89,-10.82186440677966,59,0.0669959640531272
1703826,Cachoeirinha,TO,Norte,81.81818181818183,51.03,-30.788181818181826,33,0.0669867523620924
2207405,Palmeira do Piauí,PI,Nordeste,100.0,75.05,-24.950000000000003,44,0.06686952011701548
3139003,Machado,MG,Sudeste,81.04089219330855,69.52,-11.520892193308555,269,0.06677249050029023
2101806,Benedito Leite,MA,Nordeste,83.9506172839506,67.52,-16.43061728395061,81,0.06670119207383104
2305803,Ipu,CE,Nordeste,91.2751677852349,80.0,-11.275167785234899,447,0.06662743132258139
2200251,Alagoinha do Piauí,PI,Nordeste,77.77777777777779,61.46,-16.317777777777785,45,0.06658686328865952
3146701,Palma,MG,Sudeste,80.0,50.64,-29.36,30,0.06655885559300852
5209457,Guarinos,GO,Centro-Oeste,96.29629629629629,65.67,-30.62629629629629,27,0.06652807809906239
3115474,Catuti,MG,Sudeste,83.07692307692308,70.18,-12.896923076923073,65,0.06652474510166993
2910404,Encruzilhada,BA,Nordeste,68.57142857142857,60.03,-8.541428571428568,175,0.06651281427754953
2515302,Sapé,PB,Nordeste,64.61187214611871,55.29,-9.321872146118714,438,0.06648414965247125
3106101,Belmiro Braga,MG,Sudeste,75.0,66.12,-8.879999999999995,40,0.06647673808173493
3147907,Passos,MG,Sudeste,81.04925053533191,72.3,-8.74925053533191,934,0.066469788385256
2201556,Bela Vista do Piauí,PI,Nordeste,100.0,70.08,-29.92,40,0.06633889711533865
2908101,Cocos,BA,Nordeste,75.31380753138075,63.7,-11.613807531380743,239,0.0663251372287988
2709004,Tanque d'Arca,AL,Nordeste,68.75,60.13,-8.619999999999997,80,0.06625591918512216
2513208,Santa Cruz,PB,Nordeste,80.0,65.88,-14.120000000000005,55,0.06623386335199286
2920809,Marcionílio Souza,BA,Nordeste,58.620689655172406,46.06,-12.560689655172403,87,0.06619355380693615
2701407,Campo Alegre,AL,Nordeste,83.92857142857143,72.32,-11.608571428571437,504,0.06612896339035525
3146107,Ouro Preto,MG,Sudeste,76.06635071090048,67.26,-8.806350710900475,422,0.06612621540537199
1716307,Pau D'Arco,TO,Norte,44.642857142857146,28.32,-16.322857142857146,56,0.06612553196888485
3149804,Perdizes,MG,Sudeste,85.9090909090909,73.54,-12.3690909090909,220,0.06610049560886452
2105500,João Lisboa,MA,Nordeste,64.23841059602648,56.01,-8.228410596026485,302,0.06602140471878173
3149705,Perdigão,MG,Sudeste,92.13483146067416,80.0,-12.134831460674164,178,0.06599297907432723
5106257,Nova Xavantina,MT,Centro-Oeste,78.43137254901961,75.45,-2.9813725490196106,255,0.06598080109860222
2612471,Santa Cruz da Baixa Verde,PE,Nordeste,92.90780141843972,77.44,-15.46780141843972,141,0.06597524610589485
3526001,Junqueirópolis,SP,Sudeste,89.7196261682243,78.29,-11.429626168224289,214,0.06595059569492592
3164407,São Sebastião da Bela Vista,MG,Sudeste,98.63013698630137,73.07,-25.560136986301373,73,0.06594139552229554
2311108,Porteiras,CE,Nordeste,94.09282700421942,80.0,-14.092827004219416,237,0.06593159100761341
5104559,Itaúba,MT,Centro-Oeste,73.25581395348837,68.53,-4.72581395348837,86,0.06589882930222285
3108404,Botelhos,MG,Sudeste,89.1566265060241,72.32,-16.836626506024103,83,0.06589290900445448
3161908,São Gonçalo do Rio Abaixo,MG,Sudeste,89.59537572254335,80.0,-9.595375722543352,173,0.06582666327620289
2513802,Santa Teresinha,PB,Nordeste,96.7741935483871,59.21,-37.5641935483871,31,0.06580489331367602
2608602,Lagoa do Ouro,PE,Nordeste,89.42307692307693,75.98,-13.44307692307693,104,0.06580011677767579
2206696,Murici dos Portelas,PI,Nordeste,97.82608695652173,73.05,-24.776086956521738,92,0.06578009981925766
3162500,São João del Rei,MG,Sudeste,75.98870056497175,67.33,-8.658700564971753,354,0.06577770725134256
2502607,Igaracy,PB,Nordeste,63.1578947368421,52.03,-11.127894736842102,57,0.06575452821317171
5209408,Guarani de Goiás,GO,Centro-Oeste,67.64705882352942,54.15,-13.497058823529422,34,0.06571331259305094
3304110,Porto Real,RJ,Sudeste,80.97560975609757,69.95,-11.025609756097566,205,0.06557205947488073
2209955,São João da Varjota,PI,Nordeste,93.02325581395348,66.32,-26.70325581395349,43,0.06543604662636231
2704807,Maribondo,AL,Nordeste,69.42148760330579,62.62,-6.8014876033057945,121,0.06534393437422407
2931608,Teolândia,BA,Nordeste,79.03225806451613,63.01,-16.02225806451613,186,0.06533764898560453
1101435,Nova União,RO,Norte,87.5,69.87,-17.629999999999995,88,0.06533440754557816
2401206,Arez,RN,Nordeste,48.68421052631579,48.97,0.28578947368421126,152,0.06532680215481644
2800605,Barra dos Coqueiros,SE,Nordeste,48.07017543859649,46.89,-1.1801754385964927,285,0.06526233947629133
4128534,Ventania,PR,Sul,89.86486486486487,76.76,-13.104864864864865,148,0.06512566656418722
3138500,Liberdade,MG,Sudeste,86.53846153846155,67.61,-18.928461538461548,52,0.06512553017949356
2111672,São Roberto,MA,Nordeste,73.58490566037736,63.5,-10.084905660377359,53,0.06509156849789564
4110953,Itaipulândia,PR,Sul,89.56043956043956,80.0,-9.560439560439562,182,0.06506193595049731
3301207,Carmo,RJ,Sudeste,74.63768115942028,60.99,-13.64768115942028,138,0.06505352491501445
2608701,Lagoa dos Gatos,PE,Nordeste,96.29629629629629,75.1,-21.196296296296296,81,0.06504011873100574
4105003,Catanduvas,PR,Sul,86.60714285714286,72.6,-14.007142857142867,112,0.06499264349910312
2508109,Lagoa,PB,Nordeste,78.04878048780488,49.16,-28.88878048780488,41,0.06498327730151755
2312601,São Luís do Curu,CE,Nordeste,96.42857142857143,80.0,-16.42857142857143,112,0.06497329464274364
4127403,Terra Roxa,PR,Sul,83.41463414634146,73.87,-9.544634146341451,205,0.06491226968041018
5200308,Alexânia,GO,Centro-Oeste,80.51948051948052,77.93,-2.5894805194805173,385,0.0648427128952485
5222054,Vicentinópolis,GO,Centro-Oeste,86.88524590163934,79.01,-7.875245901639332,122,0.06465692852064545
3521101,Ipeúna,SP,Sudeste,73.5632183908046,61.23,-12.333218390804596,87,0.06464978772803863
5205208,Caturaí,GO,Centro-Oeste,86.11111111111111,73.8,-12.311111111111117,72,0.06463671315272024
2929370,São José do Jacuípe,BA,Nordeste,53.93258426966292,47.74,-6.192584269662916,89,0.06461933977369883
2703809,Joaquim Gomes,AL,Nordeste,58.108108108108105,55.02,-3.088108108108102,222,0.0645973196139059
3152709,Prados,MG,Sudeste,93.33333333333333,76.29,-17.043333333333322,75,0.06457485408738257
2927101,Rodelas,BA,Nordeste,48.64864864864865,47.81,-0.8386486486486504,148,0.06445937125626046
5212501,Luziânia,GO,Centro-Oeste,78.82947976878613,71.59,-7.239479768786126,2768,0.06440938402335328
2913101,Ibititá,BA,Nordeste,56.02836879432624,49.98,-6.048368794326244,141,0.06439333819008503
5000906,Antônio João,MS,Centro-Oeste,70.73170731707317,66.54,-4.191707317073167,123,0.06431965461059592
5000609,Amambai,MS,Centro-Oeste,65.69343065693431,60.11,-5.583430656934311,548,0.06426616519328142
2805703,Propriá,SE,Nordeste,52.63157894736842,44.74,-7.891578947368416,152,0.06426217693549907
2101301,Bacuri,MA,Nordeste,87.96296296296296,73.42,-14.54296296296296,216,0.06426144326552362
2205102,Itaueira,PI,Nordeste,65.85365853658537,49.27,-16.583658536585368,82,0.06423242614286377
2400604,Almino Afonso,RN,Nordeste,72.41379310344827,35.57,-36.84379310344827,29,0.06422256298584793
3105301,Bandeira do Sul,MG,Sudeste,97.43589743589743,76.39,-21.04589743589743,78,0.06420083375281219
3157500,Santa Efigênia de Minas,MG,Sudeste,83.63636363636363,60.85,-22.786363636363625,55,0.06418336252294206
3118205,Conquista,MG,Sudeste,100.0,73.96,-26.040000000000006,73,0.06417821399261185
2901502,Anguera,BA,Nordeste,69.01408450704226,58.23,-10.784084507042259,71,0.06413702491963097
3169901,Ubá,MG,Sudeste,81.2807881773399,71.82,-9.460788177339907,812,0.064121927151855
2924306,Piatã,BA,Nordeste,69.16299559471366,60.21,-8.952995594713663,227,0.06411698058139145
3202652,Irupi,ES,Sudeste,87.86127167630057,73.29,-14.571271676300569,173,0.06408362542475865
4100103,Abatiá,PR,Sul,88.07339449541286,67.56,-20.513394495412854,109,0.06406013039845268
3104502,Arinos,MG,Sudeste,79.16666666666666,61.91,-17.25666666666666,96,0.06405174406216732
3165701,Senador Firmino,MG,Sudeste,89.53488372093024,72.75,-16.78488372093024,86,0.06395177472822543
5005608,Miranda,MS,Centro-Oeste,43.30900243309003,50.36,7.05099756690997,411,0.063909023832621
2206753,Nossa Senhora de Nazaré,PI,Nordeste,93.93939393939394,46.56,-47.379393939393935,33,0.06389517927420128
3104452,Aricanduva,MG,Sudeste,91.30434782608695,67.76,-23.54434782608695,69,0.06389503258542407
2209609,São Félix do Piauí,PI,Nordeste,87.17948717948718,56.33,-30.849487179487184,39,0.06389324180952752
5205109,Catalão,GO,Centro-Oeste,79.17948717948718,72.01,-7.169487179487177,975,0.06379527517694782
3116100,Chapada do Norte,MG,Sudeste,79.03225806451613,59.6,-19.432258064516127,62,0.0637615822688449
2610202,Panelas,PE,Nordeste,92.78688524590164,78.22,-14.566885245901645,305,0.06375100194620881
5205521,Colinas do Sul,GO,Centro-Oeste,78.87323943661971,70.92,-7.953239436619711,71,0.06373759275540548
1714302,Nazaré,TO,Norte,73.01587301587301,62.27,-10.74587301587301,63,0.06372985737236234
2914604,Irecê,BA,Nordeste,68.04979253112033,60.11,-7.939792531120332,723,0.06372454132433836
1716653,Pequizeiro,TO,Norte,68.18181818181817,56.12,-12.061818181818175,44,0.06369634312790842
5106315,Novo Santo Antônio,MT,Centro-Oeste,100.0,75.25,-24.75,19,0.06365499063861628
1100064,Colorado do Oeste,RO,Norte,78.24074074074075,70.98,-7.260740740740744,216,0.06365383039424338
2204105,Francisco Ayres,PI,Nordeste,81.03448275862068,62.99,-18.04448275862068,58,0.0636299533494255
4304804,Carlos Barbosa,RS,Sul,76.4367816091954,73.29,-3.1467816091954006,174,0.06357910164194848
2932507,Una,BA,Nordeste,66.12903225806451,57.73,-8.399032258064516,186,0.06357722335469183
5106174,Nova Nazaré,MT,Centro-Oeste,81.25,62.2,-19.049999999999997,48,0.06355330025561157
2910305,Elísio Medrado,BA,Nordeste,83.87096774193549,52.72,-31.15096774193549,31,0.06354448559767158
5211701,Jandaia,GO,Centro-Oeste,88.1578947368421,78.43,-9.727894736842089,76,0.06350755553538469
2305654,Ipaporanga,CE,Nordeste,99.1304347826087,80.0,-19.130434782608702,115,0.06350612976755096
4114203,Mandaguari,PR,Sul,93.02325581395348,80.0,-13.023255813953483,430,0.06350442096861277
5000708,Anastácio,MS,Centro-Oeste,56.886227544910184,50.91,-5.976227544910188,334,0.06348696720888798
2507804,Junco do Seridó,PB,Nordeste,84.4155844155844,67.63,-16.78558441558441,77,0.06344953983902714
5214804,Nova Aurora,GO,Centro-Oeste,86.36363636363636,39.42,-46.94363636363636,22,0.06340035607752441
5004106,Guia Lopes da Laguna,MS,Centro-Oeste,64.56692913385827,62.79,-1.7769291338582676,127,0.06339900034149754
4107504,Engenheiro Beltrão,PR,Sul,92.3076923076923,80.0,-12.307692307692307,104,0.06339810633085458
5005707,Naviraí,MS,Centro-Oeste,72.7735368956743,69.68,-3.0935368956742906,786,0.0633914070392809
1100155,Ouro Preto do Oeste,RO,Norte,86.02620087336244,75.86,-10.166200873362442,458,0.06338544766891861
3134004,Itinga,MG,Sudeste,79.6875,65.61,-14.0775,64,0.06337762034778643
2313559,Tururu,CE,Nordeste,95.39748953974896,80.0,-15.39748953974896,239,0.06331736875857077
2700904,Belo Monte,AL,Nordeste,100.0,80.0,-20.0,104,0.06326935218222905
2908804,Contendas do Sincorá,BA,Nordeste,82.14285714285714,48.39,-33.75285714285714,28,0.06319779488050557
5201108,Anápolis,GO,Centro-Oeste,80.79470198675497,75.76,-5.034701986754968,3473,0.06305787935191165
2310407,Paramoti,CE,Nordeste,99.0,80.0,-19.0,100,0.06297629779219457
2708600,São Miguel dos Campos,AL,Nordeste,75.13513513513513,64.47,-10.665135135135131,555,0.06297521726586608
3540259,Pontalinda,SP,Sudeste,74.46808510638297,61.56,-12.90808510638297,47,0.06295983041020214
2307809,Marco,CE,Nordeste,93.16628701594533,80.0,-13.16628701594533,439,0.06292023973759901
5214838,Nova Crixás,GO,Centro-Oeste,89.40397350993378,71.75,-17.653973509933778,151,0.06290308193706454
2703106,Igaci,AL,Nordeste,60.24844720496895,52.57,-7.678447204968947,322,0.06290222238893604
2311207,Potengi,CE,Nordeste,94.73684210526315,80.0,-14.73684210526315,114,0.06287826213450566
3156106,Ritápolis,MG,Sudeste,93.22033898305084,71.71,-21.510338983050843,59,0.06287101203446405
2909109,Coribe,BA,Nordeste,69.44444444444444,63.02,-6.42444444444444,180,0.06283803410199493
3115102,Cássia,MG,Sudeste,87.9746835443038,74.96,-13.014683544303807,158,0.06280258941014688
3555604,Uchoa,SP,Sudeste,77.77777777777779,61.65,-16.127777777777787,99,0.06279224970145242
3149101,Pedralva,MG,Sudeste,78.78787878787878,64.48,-14.307878787878778,99,0.06276866819238386
5103304,Comodoro,MT,Centro-Oeste,74.89878542510121,68.42,-6.478785425101208,247,0.06276437770131627
2309102,Mulungu,CE,Nordeste,97.02970297029702,80.0,-17.029702970297024,101,0.0626942411575372
5102850,Castanheira,MT,Centro-Oeste,83.72093023255815,71.11,-12.610930232558147,86,0.0626688653788954
1703891,Carrasco Bonito,TO,Norte,63.63636363636363,55.41,-8.226363636363637,66,0.06266681707177307
5200902,Amorinópolis,GO,Centro-Oeste,85.0,75.0,-10.0,40,0.06259806051160896
4112702,Jataizinho,PR,Sul,81.59509202453987,70.76,-10.835092024539861,163,0.06258564974646409
3133758,Itaú de Minas,MG,Sudeste,89.04109589041096,76.88,-12.161095890410962,146,0.062497634865359024
5105200,Juscimeira,MT,Centro-Oeste,69.62025316455697,63.72,-5.900253164556972,158,0.06246956996828161
3128253,Guaraciama,MG,Sudeste,79.03225806451613,60.1,-18.932258064516127,62,0.06243262560450717
2208106,Pimenteiras,PI,Nordeste,89.85507246376811,69.8,-20.055072463768113,69,0.06242567652043605
3501806,Américo de Campos,SP,Sudeste,90.0,69.53,-20.47,50,0.06241714453820804
3100104,Abadia dos Dourados,MG,Sudeste,90.56603773584906,70.26,-20.30603773584906,53,0.06238649765231674
4123808,Santa Izabel do Oeste,PR,Sul,89.85507246376811,80.0,-9.85507246376811,138,0.06236172491115614
1700301,Aguiarnópolis,TO,Norte,50.0,49.31,-0.6899999999999977,80,0.06232255366883456
3128006,Guanhães,MG,Sudeste,80.70866141732283,68.35,-12.358661417322836,254,0.062309697205606106
3163805,São Miguel do Anta,MG,Sudeste,92.3076923076923,77.17,-15.137692307692305,65,0.06230320313003696
5205901,Corumbaíba,GO,Centro-Oeste,81.55339805825243,75.36,-6.193398058252427,103,0.06223220778540971
2903102,Barra do Rocha,BA,Nordeste,66.66666666666666,57.88,-8.786666666666655,57,0.06219641816284409
4103701,Cambé,PR,Sul,88.45798707294551,79.49,-8.967987072945519,1083,0.06218063645681204
2708956,Senador Rui Palmeira,AL,Nordeste,75.28735632183908,65.42,-9.867356321839083,174,0.06217922512620163
1200328,Jordão,AC,Norte,64.28571428571429,38.39,-25.89571428571429,42,0.062175414070836314
5219357,Santa Isabel,GO,Centro-Oeste,100.0,79.71,-20.290000000000006,39,0.062153871567201625
5105507,Vila Bela da Santíssima Trindade,MT,Centro-Oeste,64.70588235294117,62.71,-1.995882352941173,238,0.06208515796235391
2408508,Ouro Branco,RN,Nordeste,81.35593220338984,59.34,-22.015932203389838,59,0.06201087081565077
2513653,Joca Claudino,PB,Nordeste,75.67567567567568,58.79,-16.885675675675678,37,0.061995588702395674
5107958,Tangará da Serra,MT,Centro-Oeste,76.97262479871175,63.75,-13.222624798711749,1242,0.06193012689977699
4115408,Marmeleiro,PR,Sul,91.13300492610837,79.05,-12.083004926108373,203,0.06190594003178177
1502764,Cumaru do Norte,PA,Norte,73.25581395348837,64.5,-8.75581395348837,172,0.061889899523849
1101484,São Felipe D'Oeste,RO,Norte,83.54430379746836,66.16,-17.384303797468363,79,0.0618694586112878
5103700,Feliz Natal,MT,Centro-Oeste,82.46753246753246,72.16,-10.307532467532468,154,0.061821184465916786
2501609,Barra de Santa Rosa,PB,Nordeste,81.92771084337349,67.72,-14.20771084337349,83,0.061795819425118845
4125209,São Jorge d'Oeste,PR,Sul,98.11320754716981,80.0,-18.113207547169807,106,0.06178823209907189
1705508,Colinas do Tocantins,TO,Norte,72.39915074309978,64.96,-7.439150743099788,471,0.06178715696292168
2907103,Carinhanha,BA,Nordeste,58.91891891891892,51.75,-7.168918918918919,370,0.06178248945936736
2505352,Damião,PB,Nordeste,79.24528301886792,57.64,-21.605283018867922,53,0.061781638578816564
3145109,Nova Resende,MG,Sudeste,86.81818181818181,74.26,-12.558181818181808,220,0.06177173199237922
3171808,Virginópolis,MG,Sudeste,75.67567567567568,61.29,-14.385675675675678,111,0.06171332883306234
5006002,Nova Alvorada do Sul,MS,Centro-Oeste,58.168316831683164,57.34,-0.8283168316831606,404,0.06169363039993389
2605905,Gameleira,PE,Nordeste,85.98726114649682,68.81,-17.177261146496818,157,0.061640910681422405
1703305,Bom Jesus do Tocantins,TO,Norte,45.588235294117645,50.01,4.421764705882353,68,0.0616403302535903
5211909,Jataí,GO,Centro-Oeste,76.97307335190344,71.57,-5.403073351903444,1077,0.061587663723151984
2205524,Júlio Borges,PI,Nordeste,100.0,60.82,-39.18,15,0.06154551482161484
3138708,Luminárias,MG,Sudeste,95.0,73.21,-21.790000000000006,40,0.06151933937708486
2112704,Vargem Grande,MA,Nordeste,96.25,80.0,-16.25,560,0.06137485291840582
5104542,Itanhangá,MT,Centro-Oeste,82.92682926829268,80.0,-2.9268292682926784,123,0.06133933736497522
2307908,Martinópole,CE,Nordeste,100.0,80.0,-20.0,172,0.06133238526523643
4104600,Capitão Leônidas Marques,PR,Sul,86.72566371681415,76.16,-10.565663716814157,226,0.06132780457415111
3203353,Marilândia,ES,Sudeste,94.33962264150944,79.16,-15.17962264150944,159,0.06129382536703769
2923035,Novo Horizonte,BA,Nordeste,86.60714285714286,69.84,-16.767142857142858,112,0.061282285803330436
4116109,Moreira Sales,PR,Sul,88.42975206611571,79.62,-8.809752066115706,121,0.06119409170960496
4104428,Candói,PR,Sul,83.72093023255815,76.37,-7.350930232558142,258,0.061073127402227784
2804706,Nossa Senhora de Lourdes,SE,Nordeste,56.41025641025641,44.3,-12.110256410256412,78,0.06106522548971502
3111903,Cana Verde,MG,Sudeste,85.71428571428571,64.84,-20.874285714285705,63,0.061022781692466325
2604155,Casinhas,PE,Nordeste,95.23809523809523,79.69,-15.548095238095229,126,0.06099964050084741
3144706,Nova Era,MG,Sudeste,78.3625730994152,69.71,-8.652573099415207,171,0.06097066540677322
4123907,Santa Mariana,PR,Sul,95.74468085106383,76.52,-19.224680851063837,94,0.06092644398340967
2404408,Grossos,RN,Nordeste,71.76470588235294,59.21,-12.554705882352941,85,0.06090249316613573
5001102,Aquidauana,MS,Centro-Oeste,79.17888563049853,74.62,-4.558885630498523,682,0.06086882002240076
2502508,Boqueirão,PB,Nordeste,74.21875,57.8,-16.418750000000003,128,0.060822322440174055
2205581,Lagoa do Piauí,PI,Nordeste,57.89473684210527,29.54,-28.354736842105268,76,0.0608207297558805
5212105,Joviânia,GO,Centro-Oeste,70.65217391304348,68.49,-2.162173913043489,92,0.06081654109001736
2917409,Jacaraci,BA,Nordeste,90.0,71.45,-18.549999999999997,100,0.06081591530184467
5007208,Rio Brilhante,MS,Centro-Oeste,64.12337662337663,59.07,-5.053376623376629,616,0.06079490125491605
2102309,Buriti Bravo,MA,Nordeste,76.40449438202246,53.68,-22.724494382022463,267,0.06076921534205872
1500131,Abel Figueiredo,PA,Norte,83.16831683168317,69.45,-13.718316831683168,101,0.06076867279057882
5219209,Santa Cruz de Goiás,GO,Centro-Oeste,92.3076923076923,75.96,-16.347692307692313,39,0.06076867200835088
1701101,Aparecida do Rio Negro,TO,Norte,70.58823529411765,52.79,-17.798235294117653,85,0.06071829549124947
3203163,Laranja da Terra,ES,Sudeste,96.36363636363636,80.0,-16.36363636363636,55,0.06070294986117365
4117909,Palotina,PR,Sul,86.61800486618006,74.12,-12.498004866180054,411,0.060702399284130154
3533254,Novais,SP,Sudeste,97.95918367346938,73.89,-24.069183673469382,49,0.060676647312661564
1503044,Floresta do Araguaia,PA,Norte,70.74829931972789,63.25,-7.4982993197278915,294,0.06063624273487088
2925709,Presidente Jânio Quadros,BA,Nordeste,62.5,53.02,-9.479999999999997,104,0.060627299565623
2927606,Santa Brígida,BA,Nordeste,57.48792270531401,49.65,-7.837922705314014,207,0.060626687633180625
2801405,Carira,SE,Nordeste,62.70270270270271,55.05,-7.652702702702712,185,0.0605890573982048
2923506,Palmeiras,BA,Nordeste,78.125,61.07,-17.055,96,0.06058094960975046
5222302,Vila Propício,GO,Centro-Oeste,87.32394366197182,76.94,-10.383943661971827,71,0.060527350579312474
2209906,São João da Serra,PI,Nordeste,96.96969696969697,64.04,-32.92969696969696,66,0.06052426073148558
1508126,Ulianópolis,PA,Norte,80.87431693989072,70.43,-10.444316939890712,366,0.06048852402598671
5102694,Canabrava do Norte,MT,Centro-Oeste,59.30232558139535,55.78,-3.52232558139535,86,0.06041763303776101
5103957,Glória D'Oeste,MT,Centro-Oeste,97.61904761904762,80.0,-17.61904761904762,42,0.060342791991831055
1503754,Jacareacanga,PA,Norte,48.08743169398907,43.28,-4.8074316939890664,183,0.06032372874235536
3121902,Divinésia,MG,Sudeste,81.81818181818183,60.66,-21.15818181818183,55,0.060318775193783654
2925808,Queimadas,BA,Nordeste,57.14285714285714,50.9,-6.24285714285714,210,0.06030873759620578
1700707,Alvorada,TO,Norte,83.45864661654136,63.3,-20.15864661654136,133,0.0602851989090967
5005004,Jardim,MS,Centro-Oeste,58.730158730158735,56.15,-2.580158730158736,378,0.06026318652800706
2413805,Taboleiro Grande,RN,Nordeste,97.2972972972973,62.01,-35.28729729729731,37,0.06026317175452695
2506004,Esperança,PB,Nordeste,88.6986301369863,70.3,-18.3986301369863,292,0.06024114648648405
5210802,Itajá,GO,Centro-Oeste,93.02325581395348,80.0,-13.023255813953483,43,0.06017641917700861
2925253,Ponto Novo,BA,Nordeste,59.31372549019608,47.73,-11.58372549019608,204,0.06016034453851675
3139805,Mar de Espanha,MG,Sudeste,93.54838709677419,66.92,-26.62838709677419,31,0.060151974878348655
2911808,Guaratinga,BA,Nordeste,49.519230769230774,47.34,-2.17923076923077,208,0.06012977013725393
2911006,Floresta Azul,BA,Nordeste,54.794520547945204,40.33,-14.464520547945206,73,0.06010326934623869
2404200,Goianinha,RN,Nordeste,46.59949622166247,47.22,0.6205037783375289,397,0.06009738296131082
3145208,Nova Serrana,MG,Sudeste,75.16382699868939,66.99,-8.173826998689393,1526,0.060071118785061904
4122701,Sabáudia,PR,Sul,99.23076923076923,80.0,-19.230769230769226,130,0.06004924577999785
3204807,São José do Calçado,ES,Sudeste,88.37209302325581,76.98,-11.39209302325581,129,0.059930159973202356
2100907,Araioses,MA,Nordeste,88.48167539267016,67.64,-20.841675392670155,382,0.05992782345654717
3159308,Santa Rita de Jacutinga,MG,Sudeste,75.51020408163265,59.89,-15.62020408163265,49,0.059879029216781766
1200302,Feijó,AC,Norte,78.69822485207101,63.44,-15.25822485207101,169,0.05982545812209694
5213772,Montividiu do Norte,GO,Centro-Oeste,94.11764705882352,69.23,-24.887647058823518,34,0.05981853641201025
1505601,Peixe-Boi,PA,Norte,87.2340425531915,66.38,-20.854042553191505,94,0.059755965678598255
5105150,Juína,MT,Centro-Oeste,68.97746967071056,62.04,-6.937469670710563,577,0.05970606378525725
2906204,Canarana,BA,Nordeste,61.875,52.21,-9.665,320,0.059691747999367786
3116159,Chapada Gaúcha,MG,Sudeste,75.97402597402598,64.0,-11.974025974025977,154,0.05968493885268392
2505105,Cuité,PB,Nordeste,87.42857142857143,64.78,-22.64857142857143,175,0.059677432313481826
3118007,Congonhas,MG,Sudeste,81.15942028985508,67.6,-13.559420289855083,621,0.059644150641016726
2102606,Cândido Mendes,MA,Nordeste,90.37037037037037,70.36,-20.010370370370367,270,0.05964209682924814
2311801,Russas,CE,Nordeste,93.36670838548186,80.0,-13.366708385481857,799,0.05957351750332474
2917003,Itiúba,BA,Nordeste,58.97435897435898,51.21,-7.764358974358977,351,0.05949961902312826
2310951,Pires Ferreira,CE,Nordeste,100.0,80.0,-20.0,120,0.05949371083531497
2510808,Patos,PB,Nordeste,84.72222222222221,61.0,-23.722222222222214,936,0.05947538064359406
2102556,Campestre do Maranhão,MA,Nordeste,80.66666666666666,71.93,-8.73666666666665,150,0.059456947932547216
2102374,Cachoeira Grande,MA,Nordeste,75.0,59.62,-15.380000000000003,108,0.05944078133557833
2920007,Maiquinique,BA,Nordeste,57.407407407407405,52.63,-4.777407407407402,108,0.059431955684813347
2700607,Barra de São Miguel,AL,Nordeste,61.43790849673203,53.94,-7.49790849673203,153,0.05941434063389342
3144375,Natalândia,MG,Sudeste,74.54545454545455,64.03,-10.515454545454546,55,0.059333269729416355
3141900,Minduri,MG,Sudeste,94.73684210526315,65.42,-29.31684210526315,57,0.059327012547124296
2405702,Jardim do Seridó,RN,Nordeste,64.51612903225806,50.46,-14.056129032258063,62,0.05930895623177499
3156304,Rodeiro,MG,Sudeste,83.52941176470588,61.61,-21.919411764705885,85,0.059304950771972974
3138658,Lontra,MG,Sudeste,94.26229508196722,71.57,-22.69229508196723,122,0.05928883469467684
4110508,Ipiranga,PR,Sul,88.83495145631069,80.0,-8.83495145631069,206,0.05927556104170655
3553609,Tapiratiba,SP,Sudeste,82.35294117647058,66.25,-16.10294117647058,102,0.059261569071935666
2923050,Novo Triunfo,BA,Nordeste,58.69565217391305,46.57,-12.125652173913046,92,0.05924332958641381
2516805,Triunfo,PB,Nordeste,92.3076923076923,64.47,-27.837692307692308,78,0.059214143492793046
5203104,Baliza,GO,Centro-Oeste,86.95652173913044,71.71,-15.246521739130444,46,0.05917526820305348
2607752,Itapissuma,PE,Nordeste,87.54578754578755,78.7,-8.845787545787545,273,0.05907618975435814
1600600,Santana,AP,Norte,75.18672199170125,59.97,-15.216721991701249,1205,0.05906798785548718
2601300,Barra de Guabiraba,PE,Nordeste,93.84615384615384,80.0,-13.84615384615384,130,0.059059468834095206
5107180,Ribeirão Cascalheira,MT,Centro-Oeste,84.40366972477065,71.27,-13.133669724770655,109,0.0589975904902796
3120102,Couto de Magalhães de Minas,MG,Sudeste,76.92307692307693,63.63,-13.293076923076931,52,0.058991335128111694
3123809,Engenheiro Navarro,MG,Sudeste,78.2051282051282,61.58,-16.625128205128206,78,0.058972679852946165
5201405,Aparecida de Goiânia,GO,Centro-Oeste,75.16411378555799,69.88,-5.284113785557992,5484,0.058969856813949464
5101258,Araputanga,MT,Centro-Oeste,76.23762376237624,63.63,-12.607623762376242,202,0.05896722039183118
5212303,Leopoldo de Bulhões,GO,Centro-Oeste,89.74358974358975,78.69,-11.053589743589754,78,0.058965231041745426
5219100,Santa Bárbara de Goiás,GO,Centro-Oeste,89.1566265060241,79.03,-10.126626506024095,83,0.058958653025384514
3204302,Presidente Kennedy,ES,Sudeste,87.0,73.77,-13.230000000000004,200,0.05892496015898217
4119806,Planalto,PR,Sul,92.85714285714286,80.0,-12.857142857142861,154,0.05892006197687457
2907558,Caturama,BA,Nordeste,76.36363636363637,62.8,-13.563636363636377,55,0.0589142222239918
3154002,Raul Soares,MG,Sudeste,87.39495798319328,73.11,-14.28495798319328,119,0.05889822908344997
2702009,Coité do Nóia,AL,Nordeste,96.7741935483871,77.22,-19.554193548387104,93,0.05889120497922919
5208152,Gameleira de Goiás,GO,Centro-Oeste,94.73684210526315,80.0,-14.73684210526315,57,0.05885213926373986
1506708,Santana do Araguaia,PA,Norte,77.38287560581584,66.77,-10.612875605815844,619,0.058840283577701116
2806701,São Cristóvão,SE,Nordeste,85.29411764705883,67.46,-17.834117647058832,714,0.05882007996141605
5106752,Pontes e Lacerda,MT,Centro-Oeste,78.3882783882784,73.6,-4.7882783882784,819,0.05877951865299241
3104007,Araxá,MG,Sudeste,85.55166374781086,74.0,-11.551663747810863,1142,0.058769784269072776
2807303,Telha,SE,Nordeste,63.63636363636363,42.65,-20.986363636363635,44,0.05867864428820393
4122305,Rio Negro,PR,Sul,89.94708994708994,80.0,-9.947089947089935,378,0.05860642743773757
5104807,Jaciara,MT,Centro-Oeste,77.32696897374701,68.04,-9.286968973747008,419,0.0586028449492279
2208650,Queimada Nova,PI,Nordeste,92.37288135593221,69.66,-22.71288135593221,118,0.058594779706676176
2503100,Cabaceiras,PB,Nordeste,96.55172413793103,69.98,-26.571724137931028,58,0.058539853820836464
2909208,Coronel João Sá,BA,Nordeste,63.07692307692307,51.85,-11.226923076923072,130,0.05850394410684515
2202307,Canto do Buriti,PI,Nordeste,56.59574468085107,38.71,-17.88574468085107,235,0.05848171960167936
2306603,Itatira,CE,Nordeste,99.62264150943396,80.0,-19.62264150943396,265,0.058453510502047244
3147105,Pará de Minas,MG,Sudeste,75.87548638132296,66.25,-9.625486381322958,514,0.05844893164898034
2907806,Cícero Dantas,BA,Nordeste,61.111111111111114,53.37,-7.741111111111117,216,0.05838964843907337
2931707,Terra Nova,BA,Nordeste,53.16455696202531,47.79,-5.374556962025309,79,0.05834669784699939
4101903,Assaí,PR,Sul,91.30434782608695,80.0,-11.304347826086953,138,0.058237603765228164
2209203,Santa Filomena,PI,Nordeste,75.0,51.18,-23.82,88,0.05821333760386143
2110039,Santa Luzia do Paruá,MA,Nordeste,96.8,80.0,-16.799999999999997,250,0.05813895206485017
2111904,Sucupira do Norte,MA,Nordeste,79.1044776119403,64.42,-14.684477611940295,134,0.05812639331662028
5208707,Goiânia,GO,Centro-Oeste,79.89311957247828,72.86,-7.0331195724782845,8982,0.058074622539570006
4122602,Rondon,PR,Sul,88.98305084745762,73.81,-15.173050847457617,118,0.05806117574274411
2901106,Amélia Rodrigues,BA,Nordeste,67.16417910447761,57.49,-9.67417910447761,134,0.05801273336187971
3162922,São Joaquim de Bicas,MG,Sudeste,81.33874239350912,63.48,-17.858742393509125,493,0.05801211181464566
1718907,Santa Rosa do Tocantins,TO,Norte,56.33802816901409,45.81,-10.528028169014085,71,0.05799428590217385
2106102,Loreto,MA,Nordeste,71.94244604316546,58.27,-13.672446043165458,139,0.057908215250604744
5203609,Brazabrantes,GO,Centro-Oeste,81.08108108108108,63.87,-17.211081081081083,37,0.05789778982729312
4124400,Santo Antônio do Sudoeste,PR,Sul,88.01498127340824,79.72,-8.29498127340824,267,0.057896662213985796
4110078,Imbaú,PR,Sul,86.66666666666667,75.61,-11.056666666666672,150,0.05785457660368121
3135704,Jequitibá,MG,Sudeste,79.59183673469387,65.7,-13.891836734693868,49,0.05785087635008313
3110905,Campanha,MG,Sudeste,69.04761904761905,60.08,-8.967619047619053,168,0.05781087297646409
3150208,Piedade de Ponte Nova,MG,Sudeste,84.0909090909091,56.11,-27.980909090909094,44,0.05779800492395898
2107357,Nova Olinda do Maranhão,MA,Nordeste,88.27586206896552,68.11,-20.165862068965524,145,0.05778050088007154
5104906,Jangada,MT,Centro-Oeste,88.1578947368421,67.47,-20.687894736842097,76,0.05776223357731937
4121901,Ribeirão do Pinhal,PR,Sul,88.51351351351352,80.0,-8.513513513513516,148,0.05775852037886357
2501500,Bananeiras,PB,Nordeste,81.37931034482759,64.97,-16.40931034482759,145,0.057757232519278466
2925600,Presidente Dutra,BA,Nordeste,53.6144578313253,46.17,-7.444457831325302,166,0.057736710480451946
2504405,Conceição,PB,Nordeste,93.33333333333333,78.78,-14.553333333333327,150,0.05770222332498858
5204953,Campos Verdes,GO,Centro-Oeste,91.93548387096774,71.42,-20.515483870967742,62,0.05764695958824005
3144656,Ninheira,MG,Sudeste,78.49462365591397,64.04,-14.454623655913963,93,0.057625772272996124
5215256,Novo Planalto,GO,Centro-Oeste,94.54545454545455,80.0,-14.545454545454547,55,0.05760414826257458
3141108,Matozinhos,MG,Sudeste,73.89705882352942,63.1,-10.797058823529419,272,0.05758189021622426
3117900,Congonhal,MG,Sudeste,93.87755102040816,76.42,-17.45755102040816,98,0.05753501476636784
2402105,Campo Redondo,RN,Nordeste,57.77777777777777,48.42,-9.35777777777777,90,0.0575167307380316
2302057,Barroquinha,CE,Nordeste,99.57081545064378,80.0,-19.570815450643778,233,0.05747698641523872
3513900,Divinolândia,SP,Sudeste,81.60919540229885,65.64,-15.969195402298851,87,0.05744697050461017
1716109,Paraíso do Tocantins,TO,Norte,81.51001540832048,69.83,-11.680015408320486,649,0.057405223039957126
2612802,Santa Terezinha,PE,Nordeste,87.8048780487805,73.75,-14.054878048780495,123,0.05738697785199398
2211357,Várzea Branca,PI,Nordeste,65.9090909090909,49.89,-16.019090909090906,44,0.057365943939813216
2305308,Ibiapina,CE,Nordeste,90.5775075987842,80.0,-10.577507598784194,329,0.05736374981017202
2302305,Bela Cruz,CE,Nordeste,94.78527607361963,80.0,-14.785276073619627,326,0.057314076793599476
2200608,Angical do Piauí,PI,Nordeste,92.70833333333334,70.3,-22.408333333333346,96,0.057290883624969105
3112653,Capitão Andrade,MG,Sudeste,72.91666666666666,59.22,-13.696666666666658,48,0.057200794104803374
1718006,Porto Alegre do Tocantins,TO,Norte,60.526315789473685,30.24,-30.286315789473687,38,0.057153657215428755
3122900,Dona Euzébia,MG,Sudeste,89.01098901098901,62.9,-26.11098901098901,91,0.05712246741177938
5214101,Mutunópolis,GO,Centro-Oeste,97.5609756097561,80.0,-17.5609756097561,41,0.057117072249580854
5107404,São Pedro da Cipa,MT,Centro-Oeste,90.9090909090909,76.12,-14.789090909090902,55,0.0570575116173576
3148301,Paula Cândido,MG,Sudeste,88.13559322033898,66.39,-21.745593220338975,59,0.057023404126401896
4126801,Tapejara,PR,Sul,81.21546961325967,74.3,-6.915469613259674,181,0.05696929341523665
5220702,Sítio d'Abadia,GO,Centro-Oeste,72.5,68.35,-4.150000000000006,40,0.05695633707997206
3508801,Cafelândia,SP,Sudeste,80.26315789473685,70.15,-10.113157894736844,152,0.0569526287190972
5106190,Nova Santa Helena,MT,Centro-Oeste,96.0,79.56,-16.439999999999998,50,0.056945161727151125
5203575,Bonópolis,GO,Centro-Oeste,76.19047619047619,63.85,-12.340476190476188,63,0.05691285667113385
5007505,Rochedo,MS,Centro-Oeste,63.85542168674698,58.21,-5.645421686746978,83,0.05690064954393403
1101500,Seringueiras,RO,Norte,81.38297872340425,71.07,-10.312978723404257,188,0.05687688870174357
2516151,Sossêgo,PB,Nordeste,95.83333333333334,43.66,-52.173333333333346,48,0.05677870243781394
5102504,Cáceres,MT,Centro-Oeste,70.94408799266728,63.13,-7.814087992667275,1091,0.056774183723487325
3129202,Heliodora,MG,Sudeste,83.60655737704919,63.56,-20.046557377049183,61,0.05675106658102698
5101803,Barra do Garças,MT,Centro-Oeste,79.67257844474761,70.14,-9.532578444747614,733,0.056729021145958014
3154705,Ribeirão Vermelho,MG,Sudeste,93.33333333333333,60.56,-32.773333333333326,45,0.0567226702555537
4207908,Irineópolis,SC,Sul,84.375,75.56,-8.814999999999998,160,0.05671577697967187
3101904,Alpinópolis,MG,Sudeste,71.11111111111111,60.25,-10.861111111111114,135,0.05670337275004973
4112405,Japurá,PR,Sul,99.04761904761905,76.4,-22.647619047619045,105,0.05670087412357083
1718881,Santa Maria do Tocantins,TO,Norte,85.71428571428571,48.82,-36.89428571428571,42,0.05668989165232891
2515807,Serra Redonda,PB,Nordeste,96.29629629629629,39.71,-56.58629629629629,27,0.056649578977482816
3135605,Jequitaí,MG,Sudeste,78.16091954022988,58.92,-19.240919540229882,87,0.05664842094755753
5107008,Poxoréu,MT,Centro-Oeste,67.58893280632411,62.9,-4.688932806324111,253,0.056642184053675465
2103901,Duque Bacelar,MA,Nordeste,93.75,74.3,-19.450000000000003,128,0.056589607664789716
2110104,Santa Quitéria do Maranhão,MA,Nordeste,94.82071713147411,80.0,-14.820717131474112,251,0.05657343073420238
2308203,Meruoca,CE,Nordeste,99.17355371900827,80.0,-19.173553719008268,242,0.056506237902986804
3130556,Imbé de Minas,MG,Sudeste,98.30508474576271,72.37,-25.93508474576271,59,0.05649504571529713
3127206,Funilândia,MG,Sudeste,94.0,65.16,-28.840000000000003,50,0.056458273960937604
2612455,Santa Cruz,PE,Nordeste,91.0344827586207,74.24,-16.794482758620703,145,0.05642030646098755
4126306,Sengés,PR,Sul,91.8103448275862,80.0,-11.810344827586206,232,0.05641558903403822
2909406,Cotegipe,BA,Nordeste,67.8082191780822,59.4,-8.408219178082199,146,0.056411303766532174
3120201,Cristais,MG,Sudeste,86.25954198473282,73.22,-13.039541984732821,131,0.05638891581315398
3120508,Cristina,MG,Sudeste,88.09523809523809,67.44,-20.65523809523809,84,0.056360742145228314
5101704,Barra do Bugres,MT,Centro-Oeste,71.68367346938776,64.91,-6.773673469387759,392,0.05635867855129314
2911105,Formosa do Rio Preto,BA,Nordeste,50.45045045045045,44.76,-5.690450450450449,222,0.05635406610424957
2926004,Remanso,BA,Nordeste,55.688622754491014,49.23,-6.458622754491017,501,0.05635085876005774
1600055,Serra do Navio,AP,Norte,69.56521739130434,54.67,-14.895217391304342,46,0.056346980557519605
2503308,Cachoeira dos Índios,PB,Nordeste,80.0,60.13,-19.869999999999997,70,0.0562579121573881
3157609,Santa Fé de Minas,MG,Sudeste,78.43137254901961,54.96,-23.471372549019613,51,0.05621496816017275
5202353,Arenópolis,GO,Centro-Oeste,97.36842105263158,80.0,-17.368421052631575,38,0.056109792939632905
5203962,Buritinópolis,GO,Centro-Oeste,73.91304347826086,64.06,-9.853043478260858,46,0.056107447844834867
4120705,Quatiguá,PR,Sul,95.1923076923077,80.0,-15.192307692307693,104,0.056022236791384634
5218706,Rianápolis,GO,Centro-Oeste,96.07843137254902,78.08,-17.99843137254902,51,0.05593294599428438
3164209,São Romão,MG,Sudeste,84.5360824742268,64.92,-19.6160824742268,97,0.05590558383887505
4101002,Ampére,PR,Sul,83.02752293577981,72.33,-10.697522935779816,218,0.0559013700085686
5200050,Abadia de Goiás,GO,Centro-Oeste,72.40259740259741,69.47,-2.932597402597409,308,0.0558755393489576
2304657,Graça,CE,Nordeste,96.23655913978494,80.0,-16.236559139784944,186,0.05587108813342893
5220454,Senador Canedo,GO,Centro-Oeste,68.67800329127812,63.65,-5.028003291278118,1823,0.05586384612702714
3204609,Santa Teresa,ES,Sudeste,90.17857142857143,80.0,-10.17857142857143,224,0.05585580142561961
2311959,Salitre,CE,Nordeste,95.850622406639,80.0,-15.850622406639005,241,0.05582032979462384
5210562,Itaguari,GO,Centro-Oeste,93.42105263157895,80.0,-13.421052631578945,76,0.05580641588136009
2307635,Madalena,CE,Nordeste,96.08695652173913,80.0,-16.086956521739125,230,0.055799270733273634
3109600,Cachoeira da Prata,MG,Sudeste,87.17948717948718,65.68,-21.499487179487176,39,0.05578302531983787
1200054,Assis Brasil,AC,Norte,71.53846153846153,60.83,-10.708461538461535,130,0.055729117235437005
5001904,Bataguassu,MS,Centro-Oeste,62.4,57.59,-4.809999999999995,375,0.05572592152973591
5213707,Montes Claros de Goiás,GO,Centro-Oeste,84.25925925925925,72.86,-11.399259259259253,108,0.05571749680643507
2919058,Lajedo do Tabocal,BA,Nordeste,88.46153846153845,67.04,-21.421538461538447,52,0.055688219166986734
5221577,Uirapuru,GO,Centro-Oeste,90.9090909090909,58.29,-32.61909090909091,33,0.05565841477809327
3145059,Nova Porteirinha,MG,Sudeste,82.75862068965517,59.85,-22.908620689655173,58,0.05562809777338754
2709152,Teotônio Vilela,AL,Nordeste,72.8395061728395,65.72,-7.1195061728395075,405,0.0556260417080953
5215801,Palmelo,GO,Centro-Oeste,96.0,51.76,-44.24,25,0.0555985119415706
5220405,São Simão,GO,Centro-Oeste,83.79629629629629,76.06,-7.736296296296288,216,0.05558931669035147
5219712,Santo Antônio da Barra,GO,Centro-Oeste,97.91666666666666,80.0,-17.916666666666657,48,0.05555818947507307
2929800,Saúde,BA,Nordeste,51.578947368421055,40.22,-11.358947368421056,95,0.05553530059922507
2309300,Nova Russas,CE,Nordeste,98.80239520958084,80.0,-18.802395209580837,334,0.055468626115685246
4123006,Salto do Lontra,PR,Sul,90.5027932960894,80.0,-10.502793296089393,179,0.05544522703980967
2205359,João Costa,PI,Nordeste,91.8918918918919,64.98,-26.911891891891898,37,0.05544124386333051
3156908,Sacramento,MG,Sudeste,87.00564971751412,71.57,-15.435649717514124,354,0.055438464832927886
3163508,São José do Jacuri,MG,Sudeste,82.53968253968253,67.15,-15.389682539682525,63,0.05541552137650858
2308005,Massapê,CE,Nordeste,97.9296066252588,80.0,-17.9296066252588,483,0.055408154315959364
3506508,Birigui,SP,Sudeste,83.57015985790409,75.18,-8.39015985790408,1126,0.05540599468798531
2928307,Santanópolis,BA,Nordeste,53.44827586206896,41.48,-11.968275862068964,58,0.05539706760773647
5203807,Britânia,GO,Centro-Oeste,88.88888888888889,80.0,-8.888888888888886,108,0.05535653491699521
5100300,Alto Araguaia,MT,Centro-Oeste,83.55263157894737,76.62,-6.932631578947365,152,0.05529327872936563
5107743,Santa Cruz do Xingu,MT,Centro-Oeste,70.0,66.26,-3.739999999999995,40,0.055226001594136875
2912905,Ibirataia,BA,Nordeste,63.33333333333333,54.59,-8.743333333333325,180,0.05520197090516947
4120804,Quatro Barras,PR,Sul,81.51815181518151,72.97,-8.548151815181512,303,0.05518042044190582
4104402,Cândido de Abreu,PR,Sul,91.48936170212765,80.0,-11.489361702127653,141,0.05516974547967434
2930303,Serra Dourada,BA,Nordeste,62.0,52.05,-9.950000000000003,150,0.055140189337721295
5203939,Buriti de Goiás,GO,Centro-Oeste,100.0,80.0,-20.0,40,0.05513897713700033
5213905,Mossâmedes,GO,Centro-Oeste,94.91525423728814,80.0,-14.915254237288138,59,0.05513409916787547
2304905,Groaíras,CE,Nordeste,100.0,80.0,-20.0,138,0.055133014821576475
3150307,Piedade do Rio Grande,MG,Sudeste,87.71929824561403,52.32,-35.39929824561403,57,0.05508218355666631
3203700,Muniz Freire,ES,Sudeste,92.76018099547511,80.0,-12.76018099547511,221,0.05507473364541403
2206050,Massapê do Piauí,PI,Nordeste,89.36170212765957,62.27,-27.091702127659566,47,0.05506330256345746
5218052,Porteirão,GO,Centro-Oeste,95.52238805970148,80.0,-15.522388059701484,67,0.0550393013231691
5107040,Primavera do Leste,MT,Centro-Oeste,73.7936772046589,63.98,-9.813677204658909,1202,0.05503656957111357
1500958,Aurora do Pará,PA,Norte,72.93577981651376,55.33,-17.60577981651376,218,0.05503286979152664
2304707,Granja,CE,Nordeste,98.69942196531792,80.0,-18.699421965317924,692,0.055026082509747505
3105103,Bambuí,MG,Sudeste,83.75,72.55,-11.200000000000003,160,0.05486847299358453
2514008,São João do Cariri,PB,Nordeste,71.11111111111111,52.47,-18.641111111111115,45,0.05484113975696077
2403400,Equador,RN,Nordeste,55.38461538461539,45.52,-9.864615384615384,65,0.054825414413880766
3140704,Mateus Leme,MG,Sudeste,83.41121495327103,67.91,-15.501214953271031,428,0.05479769569696628
2209658,São Francisco de Assis do Piauí,PI,Nordeste,69.81132075471697,55.13,-14.681320754716971,53,0.05473234204922787
5212907,Marzagão,GO,Centro-Oeste,100.0,80.0,-20.0,47,0.054715203004556075
2303006,Caridade,CE,Nordeste,93.86792452830188,80.0,-13.867924528301884,212,0.05464924874466015
3131604,Iraí de Minas,MG,Sudeste,78.88888888888889,58.04,-20.848888888888887,90,0.05464841715071949
1717800,Ponte Alta do Bom Jesus,TO,Norte,77.77777777777779,33.35,-44.427777777777784,36,0.05464341912824625
1100114,Jaru,RO,Norte,87.63358778625954,70.97,-16.66358778625954,655,0.05461945442053768
2308609,Monsenhor Tabosa,CE,Nordeste,100.0,80.0,-20.0,169,0.05459754964361013
3117108,Conceição da Aparecida,MG,Sudeste,89.31297709923665,75.07,-14.242977099236654,131,0.0545788828811714
4203501,Campo Erê,SC,Sul,88.8,70.0,-18.799999999999997,125,0.05457494226714388
2925931,Quixabeira,BA,Nordeste,75.0,58.22,-16.78,64,0.054558410056742605
5212956,Matrinchã,GO,Centro-Oeste,95.0,69.4,-25.599999999999994,60,0.05453525302267055
5214861,Nova Glória,GO,Centro-Oeste,98.11320754716981,80.0,-18.113207547169807,53,0.05450747069302448
5220280,São Patrício,GO,Centro-Oeste,100.0,80.0,-20.0,37,0.05449863033160813
2902203,Aramari,BA,Nordeste,62.637362637362635,46.55,-16.087362637362638,91,0.054465675526813154
2508505,Livramento,PB,Nordeste,85.1063829787234,61.11,-23.996382978723403,94,0.054439334092379374
5104609,Itiquira,MT,Centro-Oeste,73.09644670050761,60.42,-12.676446700507611,197,0.05443117117219617
3555109,Tupi Paulista,SP,Sudeste,98.26086956521739,80.0,-18.26086956521739,115,0.05441587098957382
2209351,Santana do Piauí,PI,Nordeste,72.72727272727273,54.79,-17.937272727272735,55,0.05441473607405379
5221452,Trombas,GO,Centro-Oeste,100.0,80.0,-20.0,42,0.05440450148176835
2313203,Tamboril,CE,Nordeste,98.48484848484848,80.0,-18.484848484848484,264,0.05436280785145264
2104008,Esperantinópolis,MA,Nordeste,87.0,69.22,-17.78,200,0.05434763533633435
2407252,Major Sales,RN,Nordeste,63.46153846153846,53.7,-9.761538461538457,52,0.05434019439638428
5007976,Taquarussu,MS,Centro-Oeste,93.61702127659575,79.35,-14.267021276595756,47,0.05433467184680547
4115804,Medianeira,PR,Sul,90.42089985486213,79.56,-10.860899854862126,689,0.05432923616313645
3300506,Bom Jardim,RJ,Sudeste,76.78571428571429,64.66,-12.125714285714295,280,0.05432749994227658
3101201,Aiuruoca,MG,Sudeste,95.55555555555556,67.17,-28.385555555555555,45,0.0543210174281134
5215405,Ouro Verde de Goiás,GO,Centro-Oeste,96.66666666666667,80.0,-16.66666666666667,60,0.054288543091312556
2503555,Cacimbas,PB,Nordeste,61.65413533834586,54.43,-7.22413533834586,133,0.05425747440747363
5002902,Cassilândia,MS,Centro-Oeste,61.568627450980394,57.63,-3.938627450980391,255,0.05425601839694646
1703701,Brejinho de Nazaré,TO,Norte,82.08955223880598,57.85,-24.239552238805977,67,0.054254724723950314
2504702,Congo,PB,Nordeste,86.79245283018868,64.07,-22.722452830188686,53,0.054211641534111496
5105259,Lucas do Rio Verde,MT,Centro-Oeste,79.85239852398523,71.54,-8.312398523985223,1355,0.054205185116664195
3118700,Coqueiral,MG,Sudeste,91.58878504672897,75.29,-16.298785046728966,107,0.05419159317632583
2915304,Itagimirim,BA,Nordeste,69.23076923076923,54.6,-14.630769230769225,65,0.05417633272911396
4102406,Bandeirantes,PR,Sul,86.6043613707165,77.46,-9.14436137071651,321,0.05413282549304352
3135506,Jequeri,MG,Sudeste,88.73239436619718,68.26,-20.47239436619718,71,0.054114113006062316
5218391,Professor Jamil,GO,Centro-Oeste,94.0,80.0,-14.0,50,0.05405284416223637
5106208,Nova Brasilândia,MT,Centro-Oeste,75.43859649122807,67.34,-8.098596491228065,57,0.05405009657890282
2309508,Orós,CE,Nordeste,95.39170506912443,80.0,-15.391705069124427,217,0.054026836819259655
3535903,Paranapuã,SP,Sudeste,75.43859649122807,54.35,-21.088596491228067,57,0.05394320912612501
2209872,São João da Fronteira,PI,Nordeste,65.625,50.6,-15.024999999999999,64,0.053937953063276756
5221080,Teresina de Goiás,GO,Centro-Oeste,90.38461538461539,67.94,-22.44461538461539,52,0.05392011871618958
2103406,Coelho Neto,MA,Nordeste,90.49676025917927,69.81,-20.686760259179266,463,0.05390277977890122
1720903,Taguatinga,TO,Norte,72.42990654205607,57.98,-14.449906542056077,214,0.05387593222016456
2612901,São Benedito do Sul,PE,Nordeste,71.25,55.71,-15.54,80,0.053835159382063395
2305100,Guaramiranga,CE,Nordeste,100.0,67.32,-32.68000000000001,80,0.05382609451605231
2310506,Pedra Branca,CE,Nordeste,99.76851851851852,80.0,-19.76851851851852,432,0.05380769176108667
2900355,Adustina,BA,Nordeste,78.94736842105263,61.59,-17.357368421052627,152,0.05376056333912387
5200100,Abadiânia,GO,Centro-Oeste,83.06010928961749,79.41,-3.6501092896174896,183,0.053754535427921316
3140555,Mata Verde,MG,Sudeste,89.23076923076924,66.95,-22.280769230769238,65,0.053750806567636644
2305902,Ipueiras,CE,Nordeste,98.24945295404814,80.0,-18.249452954048138,457,0.0537103451480543
2312007,Santana do Acaraú,CE,Nordeste,99.2831541218638,80.0,-19.283154121863802,279,0.05365977475563787
2922607,Nilo Peçanha,BA,Nordeste,70.58823529411765,56.63,-13.95823529411765,85,0.05365422046737078
2201739,Betânia do Piauí,PI,Nordeste,84.94623655913979,60.4,-24.546236559139793,93,0.053642126356939816
5215900,Palminópolis,GO,Centro-Oeste,91.07142857142857,80.0,-11.07142857142857,56,0.053634676209015394
5108055,Terra Nova do Norte,MT,Centro-Oeste,80.74534161490683,68.9,-11.845341614906829,161,0.05359824043982335
2607950,Jaqueira,PE,Nordeste,91.56626506024097,68.36,-23.206265060240966,83,0.05357967156148758
4122503,Roncador,PR,Sul,97.43589743589743,80.0,-17.43589743589743,117,0.05357687339562463
5103007,Chapada dos Guimarães,MT,Centro-Oeste,71.73144876325088,63.22,-8.511448763250883,283,0.053564348392795884
5218789,Rio Quente,GO,Centro-Oeste,100.0,79.58,-20.42,63,0.053542480229188935
1101302,Mirante da Serra,RO,Norte,86.8421052631579,69.15,-17.6921052631579,152,0.05352244862653736
5212709,Mambaí,GO,Centro-Oeste,77.77777777777779,64.65,-13.12777777777778,144,0.05349961442172457
1703883,Carmolândia,TO,Norte,69.23076923076923,49.25,-19.980769230769226,52,0.05340517760570649
2900306,Acajutiba,BA,Nordeste,56.60377358490566,44.8,-11.803773584905663,159,0.053400744174206684
4116059,Missal,PR,Sul,90.83333333333333,80.0,-10.833333333333329,120,0.05337265557907826
2515005,São Miguel de Taipu,PB,Nordeste,95.45454545454545,34.14,-61.31454545454545,22,0.053370161049782046
2311009,Poranga,CE,Nordeste,99.3421052631579,80.0,-19.342105263157904,152,0.05329830172271124
3148756,Pedra Bonita,MG,Sudeste,95.0,70.24,-24.760000000000005,60,0.05320339045124903
2921054,Matina,BA,Nordeste,74.75728155339806,59.93,-14.827281553398059,103,0.053170937104882236
5107792,Santo Antônio do Leste,MT,Centro-Oeste,85.71428571428571,70.04,-15.674285714285702,70,0.05316701532722974
4112504,Jardim Alegre,PR,Sul,82.35294117647058,70.15,-12.202941176470574,119,0.05311159284646887
3163706,São Lourenço,MG,Sudeste,89.34010152284264,71.63,-17.71010152284265,394,0.05310640474326198
2509396,Maturéia,PB,Nordeste,85.85858585858585,64.77,-21.08858585858586,99,0.05308312699305827
3101003,Águas Vermelhas,MG,Sudeste,76.35135135135135,60.53,-15.821351351351353,148,0.05307966235368513
1505106,Óbidos,PA,Norte,71.54882154882155,63.82,-7.72882154882155,594,0.053075003456444225
5004809,Japorã,MS,Centro-Oeste,33.00970873786408,37.56,4.5502912621359215,103,0.05307208649390491
5219803,São Domingos,GO,Centro-Oeste,79.3103448275862,62.13,-17.180344827586204,116,0.053031500519848826
2413201,Senador Georgino Avelino,RN,Nordeste,53.70370370370371,48.3,-5.403703703703712,54,0.052995399618626676
2516706,Teixeira,PB,Nordeste,95.52238805970148,76.1,-19.42238805970149,134,0.05297053105036789
5201603,Araçu,GO,Centro-Oeste,96.15384615384616,78.47,-17.68384615384616,52,0.05294035579997889
2310902,Piquet Carneiro,CE,Nordeste,99.35064935064936,80.0,-19.350649350649363,154,0.05291784863348603
4126702,Tamboara,PR,Sul,85.24590163934425,63.16,-22.085901639344257,61,0.052916506453262444
1200435,Santa Rosa do Purus,AC,Norte,66.66666666666666,34.04,-32.62666666666666,84,0.05290484046200603
5204409,Caiapônia,GO,Centro-Oeste,83.00653594771242,78.1,-4.9065359477124275,153,0.05286480433416749
3138351,Leme do Prado,MG,Sudeste,91.8918918918919,65.96,-25.931891891891908,37,0.05283499712673575
5103601,Dom Aquino,MT,Centro-Oeste,93.4065934065934,80.0,-13.406593406593402,91,0.052800929322128834
3129301,Iapu,MG,Sudeste,81.44329896907216,57.25,-24.19329896907216,97,0.05273759677061357
5220108,São Luís de Montes Belos,GO,Centro-Oeste,84.375,72.83,-11.545000000000002,320,0.052698528081083565
2301257,Ararendá,CE,Nordeste,100.0,80.0,-20.0,159,0.05268725370263147
5219753,Santo Antônio do Descoberto,GO,Centro-Oeste,74.67018469656992,60.5,-14.170184696569919,758,0.05267436516854516
3150158,Piedade de Caratinga,MG,Sudeste,83.72093023255815,65.91,-17.81093023255815,129,0.05267251028607504
1101005,Governador Jorge Teixeira,RO,Norte,93.04347826086956,72.12,-20.923478260869558,115,0.05266824400307613
2309409,Novo Oriente,CE,Nordeste,99.17808219178083,80.0,-19.17808219178083,365,0.05264935535948586
2704609,Maravilha,AL,Nordeste,98.82352941176471,74.0,-24.82352941176471,170,0.052627588508587585
2408953,Rio do Fogo,RN,Nordeste,51.449275362318836,40.04,-11.409275362318837,138,0.052623045834590744
3136603,Nova União,MG,Sudeste,85.8974358974359,63.37,-22.5274358974359,78,0.05262282114913811
2303402,Carnaubal,CE,Nordeste,96.98113207547169,80.0,-16.98113207547169,265,0.052612657366602866
1506609,Santa Maria do Pará,PA,Norte,63.46153846153846,54.63,-8.831538461538457,260,0.05257764576848121
2905404,Cairu,BA,Nordeste,67.79661016949152,57.15,-10.646610169491517,295,0.05256737827298211
2901304,Andaraí,BA,Nordeste,79.02097902097903,61.65,-17.37097902097903,143,0.052557823576742276
3165503,Sardoá,MG,Sudeste,81.9672131147541,62.2,-19.7672131147541,61,0.052530844640928824
2926103,Retirolândia,BA,Nordeste,50.37593984962406,43.68,-6.695939849624061,133,0.05252855235364937
2211100,União,PI,Nordeste,78.31541218637993,50.51,-27.805412186379932,558,0.052491953163551416
5218102,Portelândia,GO,Centro-Oeste,93.75,75.49,-18.260000000000005,48,0.05246280415418443
2308500,Mombaça,CE,Nordeste,99.12663755458514,80.0,-19.126637554585145,458,0.05245029922328739
2703908,Jundiá,AL,Nordeste,72.3404255319149,55.73,-16.610425531914906,47,0.052416031127745115
3143450,Montezuma,MG,Sudeste,92.42424242424242,66.61,-25.814242424242423,66,0.05237855188772467
2304301,Farias Brito,CE,Nordeste,97.87234042553192,80.0,-17.872340425531917,235,0.052364225508829125
4113502,Loanda,PR,Sul,89.58333333333334,75.87,-13.713333333333338,240,0.05236288250934235
2303105,Cariré,CE,Nordeste,99.46808510638297,80.0,-19.468085106382972,188,0.05235956254654224
1703073,Barra do Ouro,TO,Norte,46.75324675324675,36.62,-10.133246753246752,77,0.052338825916203195
5100409,Alto Garças,MT,Centro-Oeste,83.73493975903614,59.39,-24.344939759036137,166,0.05232729299566178
4122156,Rio Bonito do Iguaçu,PR,Sul,91.44385026737967,80.0,-11.443850267379673,187,0.05229137497885113
2309003,Mucambo,CE,Nordeste,100.0,80.0,-20.0,180,0.05227731996735383
5207253,Doverlândia,GO,Centro-Oeste,89.87341772151899,78.99,-10.883417721518995,79,0.05226185406118707
1720309,São Sebastião do Tocantins,TO,Norte,59.57446808510638,50.32,-9.254468085106382,47,0.052156998675116174
5006358,Paranhos,MS,Centro-Oeste,69.64285714285714,61.7,-7.942857142857136,168,0.05215455828011135
3106903,Bicas,MG,Sudeste,82.8125,61.86,-20.9525,128,0.05208649388051045
3139409,Manhuaçu,MG,Sudeste,76.44710578842316,63.59,-12.857105788423155,501,0.05207421004641583
2309201,Nova Olinda,CE,Nordeste,100.0,80.0,-20.0,212,0.0520495271466446
2609808,Orocó,PE,Nordeste,81.03448275862068,62.26,-18.774482758620685,116,0.052045159842939115
5108857,Nova Marilândia,MT,Centro-Oeste,85.48387096774194,61.29,-24.193870967741937,62,0.05199524956193077
2203305,Demerval Lobão,PI,Nordeste,100.0,74.69,-25.310000000000002,81,0.05197805850481967
2206704,Nazaré do Piauí,PI,Nordeste,85.24590163934425,62.81,-22.43590163934425,61,0.05196479860700767
5108402,Várzea Grande,MT,Centro-Oeste,70.91716749412072,63.34,-7.577167494120715,3827,0.051963662359390886
3142106,Miradouro,MG,Sudeste,88.33333333333333,62.98,-25.35333333333333,60,0.05194673487412892
5208103,Formoso,GO,Centro-Oeste,92.10526315789474,75.04,-17.065263157894734,38,0.051912454870125614
2605707,Floresta,PE,Nordeste,74.74048442906575,54.99,-19.750484429065743,289,0.051911680670132396
2305332,Ibicuitinga,CE,Nordeste,98.65771812080537,80.0,-18.65771812080537,149,0.05190092043319881
5103254,Colniza,MT,Centro-Oeste,78.57142857142857,59.94,-18.63142857142857,476,0.05189452322996938
2205458,Joca Marques,PI,Nordeste,73.33333333333333,57.97,-15.36333333333333,45,0.05184612057156683
5219001,Sanclerlândia,GO,Centro-Oeste,98.88888888888889,78.92,-19.968888888888884,90,0.051821803079927974
2516300,Sumé,PB,Nordeste,87.32394366197182,54.85,-32.47394366197182,142,0.051800838161093134
2400703,Alto do Rodrigues,RN,Nordeste,81.38297872340425,63.59,-17.792978723404246,188,0.05178738156253658
2305605,Independência,CE,Nordeste,100.0,80.0,-20.0,147,0.051775056135408476
3157302,Santa Bárbara do Tugúrio,MG,Sudeste,91.80327868852459,64.74,-27.06327868852459,61,0.051774553976909526
4104303,Campo Mourão,PR,Sul,87.32261116367077,78.65,-8.672611163670766,1057,0.05175202773470392
5107768,Santa Rita do Trivelato,MT,Centro-Oeste,82.85714285714286,71.95,-10.907142857142858,70,0.05174303401182546
2210938,Sussuapara,PI,Nordeste,75.0,50.7,-24.299999999999997,76,0.05172244020704912
5107248,Santa Carmem,MT,Centro-Oeste,84.7457627118644,75.39,-9.3557627118644,118,0.05171528245056715
2910859,Filadélfia,BA,Nordeste,53.072625698324025,43.5,-9.572625698324025,179,0.05166399295998825
1301506,Envira,AM,Norte,60.747663551401864,37.99,-22.757663551401862,107,0.05165727540991089
4121505,Rebouças,PR,Sul,90.22222222222223,80.0,-10.222222222222229,225,0.051654448819171646
3201803,Divino de São Lourenço,ES,Sudeste,90.0,62.35,-27.65,60,0.05163091692805947
2202703,Cocal,PI,Nordeste,98.5207100591716,76.26,-22.2607100591716,338,0.05162003339550565
1711951,Lagoa do Tocantins,TO,Norte,51.42857142857142,45.72,-5.708571428571425,70,0.05158315003835745
4123402,Santa Fé,PR,Sul,84.48275862068965,68.88,-15.602758620689656,116,0.05154502309165642
2305209,Hidrolândia,CE,Nordeste,98.05825242718447,80.0,-18.05825242718447,206,0.05152220296100374
3151800,Poços de Caldas,MG,Sudeste,82.03125,68.59,-13.441249999999997,1024,0.051457326562860665
4106001,Congonhinhas,PR,Sul,89.55223880597015,74.0,-15.552238805970148,134,0.05145188994742794
5208905,Goiás,GO,Centro-Oeste,80.50314465408806,73.32,-7.183144654088068,159,0.05138246243639123
5214051,Mundo Novo,GO,Centro-Oeste,91.46341463414635,80.0,-11.463414634146346,82,0.05134305175727922
3204955,São Roque do Canaã,ES,Sudeste,95.95959595959596,77.0,-18.95959595959596,99,0.051341454523484945
3155108,Rio do Prado,MG,Sudeste,93.54838709677419,65.96,-27.5883870967742,62,0.051337489807607696
5200555,Alto Horizonte,GO,Centro-Oeste,87.61904761904762,72.9,-14.719047619047615,105,0.051335910697089565
5103858,Gaúcha do Norte,MT,Centro-Oeste,74.56140350877193,61.78,-12.78140350877193,114,0.05133106622632904
5211404,Itauçu,GO,Centro-Oeste,100.0,80.0,-20.0,80,0.05132270103056725
1101757,Vale do Anari,RO,Norte,75.51020408163265,57.17,-18.34020408163265,98,0.05126683261210637
4112108,Jandaia do Sul,PR,Sul,90.990990990991,78.32,-12.670990990991001,222,0.05125376178730461
2604809,Cortês,PE,Nordeste,94.28571428571428,70.46,-23.825714285714284,105,0.05119102599677359
4100608,Alto Paraná,PR,Sul,88.76404494382022,72.07,-16.69404494382023,178,0.051179183810653825
5105606,Matupá,MT,Centro-Oeste,76.48902821316614,72.37,-4.119028213166132,319,0.05117274237910458
2921807,Mortugaba,BA,Nordeste,93.7007874015748,74.09,-19.610787401574797,127,0.05116096976409887
5203401,Bom Jardim de Goiás,GO,Centro-Oeste,95.40229885057471,79.51,-15.892298850574704,87,0.05114285962479675
5004700,Ivinhema,MS,Centro-Oeste,74.03846153846155,70.46,-3.5784615384615535,416,0.051083384849994806
2306108,Irauçuba,CE,Nordeste,96.56160458452722,80.0,-16.561604584527217,349,0.051073567013503865
3129004,Guiricema,MG,Sudeste,85.07462686567165,61.61,-23.464626865671647,67,0.05105847036378476
3503000,Aramina,SP,Sudeste,78.46153846153847,60.82,-17.641538461538467,65,0.05104361478627047
5216304,Paranaiguara,GO,Centro-Oeste,91.83673469387756,80.0,-11.83673469387756,98,0.0509814663500014
1600212,Cutias,AP,Norte,85.71428571428571,62.84,-22.874285714285705,105,0.050976479300355364
2203255,Curralinhos,PI,Nordeste,74.39024390243902,54.48,-19.910243902439028,82,0.05096567820142398
1100320,São Miguel do Guaporé,RO,Norte,85.7707509881423,73.46,-12.310750988142303,253,0.05093254979173928
2615300,Timbaúba,PE,Nordeste,90.11299435028248,76.77,-13.342994350282481,354,0.0509251659181383
3137304,Lagoa dos Patos,MG,Sudeste,89.74358974358975,59.56,-30.18358974358975,39,0.05091539631161284
5106265,Novo Mundo,MT,Centro-Oeste,84.0,66.31,-17.689999999999998,100,0.05085243920650609
2602209,Bom Jardim,PE,Nordeste,94.26751592356688,70.02,-24.24751592356688,314,0.05085211634577699
2906824,Canudos,BA,Nordeste,54.54545454545454,44.03,-10.515454545454539,154,0.050838643402573394
1100379,Alto Alegre dos Parecis,RO,Norte,88.02395209580838,74.37,-13.653952095808378,167,0.05082610453640675
5106216,Nova Canaã do Norte,MT,Centro-Oeste,80.19801980198021,67.81,-12.388019801980207,202,0.05075910375228004
2911709,Guanambi,BA,Nordeste,72.10884353741497,63.68,-8.42884353741497,735,0.05075614614270391
1100452,Buritis,RO,Norte,76.11607142857143,64.34,-11.776071428571427,448,0.050720979661016095
2102200,Buriti,MA,Nordeste,84.73804100227791,61.74,-22.99804100227791,439,0.05069965932958757
2111003,São João Batista,MA,Nordeste,69.74789915966386,52.43,-17.31789915966386,119,0.05066156579900583
5218508,Quirinópolis,GO,Centro-Oeste,85.56701030927834,73.07,-12.497010309278352,485,0.05065988204742923
1100072,Corumbiara,RO,Norte,91.40625,68.64,-22.76625,128,0.050592839697630135
5101407,Aripuanã,MT,Centro-Oeste,76.60550458715596,69.63,-6.975504587155967,436,0.05052893071355711
2108108,Paulo Ramos,MA,Nordeste,94.50980392156862,77.92,-16.589803921568617,255,0.05050367643602385
2103174,Centro Novo do Maranhão,MA,Nordeste,75.2988047808765,58.98,-16.318804780876498,251,0.05048384849398772
5106273,Novo Horizonte do Norte,MT,Centro-Oeste,90.38461538461539,71.04,-19.34461538461538,52,0.050457925594258504
4127965,Turvo,PR,Sul,91.70305676855895,80.0,-11.703056768558952,229,0.050453734894340005
2304004,Coreaú,CE,Nordeste,100.0,80.0,-20.0,257,0.050453716473989704
5216452,Perolândia,GO,Centro-Oeste,91.83673469387756,78.66,-13.176734693877563,49,0.05044115998967053
5211503,Itumbiara,GO,Centro-Oeste,80.6368330464716,74.5,-6.136833046471594,1162,0.050437507283281266
2921609,Morpará,BA,Nordeste,63.96396396396396,53.93,-10.033963963963963,111,0.050388779900925044
3165305,São Vicente de Minas,MG,Sudeste,97.26027397260275,69.6,-27.660273972602752,73,0.05038003033793108
3158508,Santana de Pirapama,MG,Sudeste,89.83050847457628,61.53,-28.300508474576276,59,0.05032988581851773
2700201,Anadia,AL,Nordeste,77.77777777777779,66.21,-11.567777777777792,180,0.05032338189125788
5204102,Cachoeira Alta,GO,Centro-Oeste,88.57142857142857,76.28,-12.291428571428568,105,0.050319067738840755
2703601,Japaratinga,AL,Nordeste,45.6953642384106,47.65,1.954635761589401,151,0.05031200436406477
5221502,Turvânia,GO,Centro-Oeste,100.0,75.96,-24.040000000000006,40,0.05030728296696833
2104305,Godofredo Viana,MA,Nordeste,92.3913043478261,80.0,-12.391304347826093,184,0.05029469291558178
5107776,Santa Terezinha,MT,Centro-Oeste,70.58823529411765,58.85,-11.73823529411765,102,0.05022143303994494
2612307,Saloá,PE,Nordeste,83.33333333333334,68.58,-14.753333333333345,174,0.0502181370358501
5108907,Nova Maringá,MT,Centro-Oeste,79.64601769911505,70.43,-9.216017699115042,113,0.050173297754643575
2916203,Itapé,BA,Nordeste,70.88607594936708,53.14,-17.746075949367082,79,0.05011511950438806
3154150,Reduto,MG,Sudeste,84.93150684931507,58.64,-26.29150684931507,73,0.05009502212253144
2921005,Mata de São João,BA,Nordeste,77.5480059084195,66.51,-11.038005908419493,677,0.050051515601808795
5108352,Vale de São Domingos,MT,Centro-Oeste,76.36363636363637,63.81,-12.553636363636372,55,0.05003668667672608
2923704,Paratinga,BA,Nordeste,58.09128630705395,46.05,-12.041286307053952,241,0.050011696075110454
2608107,João Alfredo,PE,Nordeste,90.45643153526972,68.03,-22.426431535269714,241,0.050000032637696375
4212650,Pescaria Brava,SC,Sul,72.97297297297297,59.18,-13.792972972972969,111,0.04999036318565419
5221700,Uruana,GO,Centro-Oeste,88.70967741935483,77.55,-11.159677419354836,124,0.04997378630585683
1501600,Bonito,PA,Norte,78.21782178217822,57.21,-21.00782178217822,101,0.04996761690068606
5106158,Nova Bandeirantes,MT,Centro-Oeste,88.60103626943005,76.34,-12.26103626943005,193,0.049924629162963835
2501708,Barra de São Miguel,PB,Nordeste,94.44444444444444,69.8,-24.644444444444446,108,0.04991920813865287
2313906,Uruoca,CE,Nordeste,92.10526315789474,80.0,-12.10526315789474,190,0.049883139333227
5104526,Ipiranga do Norte,MT,Centro-Oeste,83.43558282208589,70.47,-12.965582822085892,163,0.04987127331645566
2311702,Reriutaba,CE,Nordeste,98.04878048780488,80.0,-18.048780487804876,205,0.049867849954602764
3133808,Itaúna,MG,Sudeste,89.27973199329983,74.51,-14.769731993299828,597,0.049853505776905734
5207501,Estrela do Norte,GO,Centro-Oeste,100.0,73.17,-26.83,49,0.049828410234371026
5103353,Confresa,MT,Centro-Oeste,65.40362438220758,56.35,-9.05362438220758,607,0.04981309233196913
3203304,Mantenópolis,ES,Sudeste,97.12643678160919,80.0,-17.126436781609186,174,0.04977159408840844
5106232,Nova Olímpia,MT,Centro-Oeste,76.44444444444444,64.82,-11.62444444444445,225,0.04976868856786771
2605509,Ferreiros,PE,Nordeste,94.9367088607595,68.62,-26.31670886075949,79,0.04972434838160667
2301604,Assaré,CE,Nordeste,99.34640522875817,80.0,-19.346405228758172,306,0.04972190500437831
2103257,Cidelândia,MA,Nordeste,86.98224852071006,72.8,-14.182248520710061,169,0.04968893102108984
2702306,Coruripe,AL,Nordeste,99.35649935649936,80.0,-19.356499356499356,777,0.049653944075307745
2911501,Gongogi,BA,Nordeste,63.38028169014085,51.18,-12.200281690140848,71,0.049584949754535625
1502756,Concórdia do Pará,PA,Norte,76.2987012987013,59.32,-16.978701298701303,308,0.049539597737209014
2924652,Pintadas,BA,Nordeste,90.69767441860465,61.72,-28.97767441860465,86,0.0494665414829363
3302304,Laje do Muriaé,RJ,Sudeste,83.63636363636363,61.87,-21.76636363636363,55,0.04946561870087868
5205471,Chapadão do Céu,GO,Centro-Oeste,90.20618556701031,80.0,-10.206185567010309,194,0.04943545464555157
5000856,Angélica,MS,Centro-Oeste,88.0,80.0,-8.0,175,0.049434967106017
4219002,Urussanga,SC,Sul,88.9763779527559,74.03,-14.946377952755896,127,0.04940665830855416
2910107,Dom Basílio,BA,Nordeste,79.08496732026144,63.56,-15.524967320261439,153,0.04932906475312355
2303303,Cariús,CE,Nordeste,95.04950495049505,80.0,-15.049504950495049,202,0.049314505322234706
5207808,Firminópolis,GO,Centro-Oeste,94.31818181818183,78.24,-16.078181818181832,88,0.049313787207675076
2515500,Serra Branca,PB,Nordeste,95.04950495049505,68.32,-26.729504950495055,101,0.049235868229049295
2500775,Aparecida,PB,Nordeste,100.0,60.38,-39.62,40,0.04917746928091972
4114005,Mamborê,PR,Sul,91.27906976744185,80.0,-11.279069767441854,172,0.049176173028977456
5003306,Coxim,MS,Centro-Oeste,62.1832358674464,58.78,-3.403235867446398,513,0.04916450882601968
3116605,Cláudio,MG,Sudeste,87.10601719197709,70.08,-17.02601719197709,349,0.04911403233068514
5107602,Rondonópolis,MT,Centro-Oeste,76.52259332023576,65.86,-10.662593320235757,3054,0.049067712549400705
2703700,Jaramataia,AL,Nordeste,70.83333333333334,56.63,-14.20333333333334,72,0.049054489677067485
3109907,Caetanópolis,MG,Sudeste,82.96296296296296,67.07,-15.892962962962969,135,0.04903220028465101
2904803,Caatiba,BA,Nordeste,92.15686274509804,63.62,-28.53686274509804,51,0.04896875279220615
2517001,Umbuzeiro,PB,Nordeste,89.07563025210085,57.97,-31.105630252100852,119,0.048964615001110184
1600402,Mazagão,AP,Norte,66.94214876033058,52.32,-14.622148760330582,363,0.048959229357430245
2500403,Alagoa Nova,PB,Nordeste,91.91176470588235,58.35,-33.56176470588235,272,0.048952049678855206
4112801,Joaquim Távora,PR,Sul,94.03973509933775,80.0,-14.039735099337747,151,0.04894998602210563
5203500,Bom Jesus de Goiás,GO,Centro-Oeste,87.70491803278688,77.64,-10.064918032786878,244,0.048939788337334825
2408201,Nísia Floresta,RN,Nordeste,82.63473053892216,54.19,-28.44473053892216,334,0.04891068982010149
2500106,Água Branca,PB,Nordeste,91.95402298850574,63.18,-28.77402298850574,87,0.04888919633684271
2703502,Jacuípe,AL,Nordeste,92.98245614035088,66.65,-26.33245614035087,57,0.04883608556980431
1300839,Caapiranga,AM,Norte,48.484848484848484,40.33,-8.154848484848486,66,0.04879576073428444
3111804,Canápolis,MG,Sudeste,93.02325581395348,62.02,-31.00325581395348,86,0.04876320904785761
2200707,Anísio de Abreu,PI,Nordeste,89.79591836734694,62.6,-27.19591836734694,98,0.0487366832965097
2701308,Cajueiro,AL,Nordeste,63.53591160220995,50.46,-13.075911602209949,181,0.04871491374862875
5219738,Santo Antônio de Goiás,GO,Centro-Oeste,97.89473684210527,80.0,-17.894736842105274,95,0.048681858027793595
2413409,Serra Negra do Norte,RN,Nordeste,60.0,49.78,-10.219999999999999,40,0.04867369576789091
5007703,Sete Quedas,MS,Centro-Oeste,78.83211678832117,66.63,-12.202116788321177,137,0.04864978017571133
4114500,Manoel Ribas,PR,Sul,89.23076923076924,73.44,-15.790769230769243,130,0.04863618834750452
4116901,Nova Esperança,PR,Sul,90.234375,76.78,-13.454374999999999,256,0.048537450463793326
5107206,Rio Branco,MT,Centro-Oeste,78.26086956521739,63.46,-14.80086956521739,69,0.0485292606837678
2312700,Senador Pompeu,CE,Nordeste,100.0,80.0,-20.0,190,0.04851705654495439
2203701,Esperantina,PI,Nordeste,85.16320474777447,68.03,-17.13320474777447,337,0.04847007097511614
2303956,Chorozinho,CE,Nordeste,99.52606635071089,80.0,-19.52606635071089,211,0.048462341380706715
5222005,Vianópolis,GO,Centro-Oeste,88.46153846153845,80.0,-8.461538461538453,182,0.0484023122770563
5105176,Juruena,MT,Centro-Oeste,88.11188811188812,69.4,-18.711888111888115,143,0.04839681846422217
2100501,Alto Parnaíba,MA,Nordeste,80.46875,62.71,-17.75875,128,0.04839492135744697
2201903,Bom Jesus,PI,Nordeste,100.0,80.0,-20.0,204,0.04838850176283115
5215702,Palmeiras de Goiás,GO,Centro-Oeste,77.17391304347827,73.58,-3.593913043478267,368,0.048382883781237784
1100700,Campo Novo de Rondônia,RO,Norte,80.87431693989072,69.2,-11.674316939890716,183,0.04831483279826887
5102702,Canarana,MT,Centro-Oeste,74.78991596638656,54.37,-20.41991596638656,357,0.04829156246271206
5108501,Vera,MT,Centro-Oeste,67.81609195402298,55.83,-11.986091954022982,174,0.04828242267617856
5007695,São Gabriel do Oeste,MS,Centro-Oeste,71.81069958847736,65.64,-6.170699588477362,486,0.0482754227038441
5210604,Itaguaru,GO,Centro-Oeste,97.87234042553192,80.0,-17.872340425531917,47,0.04823778151358976
5002605,Camapuã,MS,Centro-Oeste,66.07142857142857,54.21,-11.861428571428569,168,0.04821110886326947
5107875,Sapezal,MT,Centro-Oeste,93.29268292682927,74.49,-18.802682926829277,492,0.048181518067948424
3546702,Santa Gertrudes,SP,Sudeste,83.15412186379928,69.38,-13.77412186379928,279,0.04817664442573005
5106455,Planalto da Serra,MT,Centro-Oeste,97.33333333333334,68.85,-28.48333333333335,75,0.048127511608248304
5106828,Porto Esperidião,MT,Centro-Oeste,75.0,61.19,-13.810000000000002,152,0.048033673253008106
5214606,Niquelândia,GO,Centro-Oeste,84.0531561461794,76.09,-7.963156146179401,301,0.04799911601277408
1507003,Santo Antônio do Tauá,PA,Norte,61.95965417867435,49.7,-12.259654178674346,347,0.04799705004939736
2205573,Lagoa de São Francisco,PI,Nordeste,85.36585365853658,59.75,-25.61585365853658,82,0.04797026489006314
2606705,Ibirajuba,PE,Nordeste,77.92207792207793,58.58,-19.342077922077934,77,0.047962047203170835
5220686,Simolândia,GO,Centro-Oeste,94.44444444444444,80.0,-14.444444444444443,54,0.04790390718755116
2100550,Amapá do Maranhão,MA,Nordeste,65.89147286821705,47.57,-18.32147286821705,129,0.04788855363987989
2312106,Santana do Cariri,CE,Nordeste,94.68085106382979,80.0,-14.680851063829792,188,0.04784854721784471
2609105,Machados,PE,Nordeste,93.43065693430657,80.0,-13.430656934306569,137,0.04780392269467232
4107207,Dois Vizinhos,PR,Sul,95.8855098389982,80.0,-15.885509838998203,559,0.047801576024241475
2902658,Banzaê,BA,Nordeste,78.74015748031496,59.42,-19.32015748031496,127,0.047797987193588604
4117255,Nova Prata do Iguaçu,PR,Sul,92.54658385093167,80.0,-12.546583850931668,161,0.04778139253653861
5107263,Santo Afonso,MT,Centro-Oeste,95.65217391304348,65.51,-30.14217391304348,46,0.04775760599818224
1711902,Lagoa da Confusão,TO,Norte,59.67741935483871,49.93,-9.747419354838712,186,0.04771924547799778
4106308,Corbélia,PR,Sul,91.32420091324201,77.04,-14.284200913242003,219,0.047663475018023274
5108600,Vila Rica,MT,Centro-Oeste,80.0,63.32,-16.68,285,0.04763008388005532
2313757,Umirim,CE,Nordeste,94.5945945945946,73.56,-21.034594594594594,222,0.047627429452535563
5108303,União do Sul,MT,Centro-Oeste,95.71428571428572,69.74,-25.974285714285728,70,0.04762738281600797
5219704,Santa Terezinha de Goiás,GO,Centro-Oeste,97.2972972972973,80.0,-17.297297297297305,74,0.047609465532885226
2200202,Água Branca,PI,Nordeste,95.83333333333334,80.0,-15.833333333333343,216,0.04753713277462403
5007554,Santa Rita do Pardo,MS,Centro-Oeste,75.43859649122807,63.52,-11.918596491228065,114,0.047444363578233395
1303601,Santa Isabel do Rio Negro,AM,Norte,66.66666666666666,50.43,-16.236666666666657,93,0.047443619369018204
1717503,Pium,TO,Norte,54.166666666666664,46.68,-7.486666666666665,48,0.047364625680256976
5201504,Aporé,GO,Centro-Oeste,91.66666666666666,70.53,-21.136666666666656,84,0.047356462529329374
5215306,Orizona,GO,Centro-Oeste,89.34426229508196,80.0,-9.344262295081961,122,0.047349390665603674
1501725,Brasil Novo,PA,Norte,85.9090909090909,76.29,-9.6190909090909,220,0.04734235170434043
2302503,Brejo Santo,CE,Nordeste,91.5129151291513,80.0,-11.512915129151295,542,0.04731554934994299
5006275,Paraíso das Águas,MS,Centro-Oeste,86.40776699029125,77.98,-8.427766990291246,103,0.047309383432538044
4121406,Realeza,PR,Sul,90.76923076923077,80.0,-10.769230769230774,195,0.04730278675186019
1100049,Cacoal,RO,Norte,84.86772486772487,70.81,-14.057724867724872,945,0.047296458977286876
5003900,Figueirão,MS,Centro-Oeste,98.30508474576271,68.83,-29.475084745762715,59,0.04720647095570913
2505709,Dona Inês,PB,Nordeste,90.15151515151516,63.84,-26.311515151515152,132,0.04717505964704402
4126603,Siqueira Campos,PR,Sul,89.272030651341,80.0,-9.272030651340998,261,0.047138439330867976
2707206,Poço das Trincheiras,AL,Nordeste,69.76744186046511,54.96,-14.807441860465111,172,0.047125676666770325
3200136,Águia Branca,ES,Sudeste,98.57142857142858,80.0,-18.571428571428584,140,0.047125236428818745
3102001,Alterosa,MG,Sudeste,88.30409356725146,70.33,-17.974093567251458,171,0.04710515621439055
3131901,Itabirito,MG,Sudeste,85.30734632683658,69.54,-15.767346326836574,667,0.04709492211857387
5211008,Itapirapuã,GO,Centro-Oeste,64.04494382022472,55.58,-8.464943820224718,89,0.04707301508076789
2607703,Itapetim,PE,Nordeste,92.74193548387096,72.21,-20.531935483870967,124,0.047060084563007774
2503902,Camalaú,PB,Nordeste,86.20689655172413,56.8,-29.40689655172413,58,0.04703675298841176
2310258,Paraipaba,CE,Nordeste,99.375,80.0,-19.375,480,0.04700842500587821
1200393,Porto Walter,AC,Norte,72.88135593220339,54.63,-18.25135593220339,118,0.046997038049352874
2517209,Vieirópolis,PB,Nordeste,95.34883720930233,51.49,-43.85883720930233,43,0.04697416798861637
1707108,Divinópolis do Tocantins,TO,Norte,75.75757575757575,58.44,-17.317575757575753,99,0.04687169843202552
2918506,Jussara,BA,Nordeste,58.06451612903226,47.75,-10.314516129032263,124,0.04687133133866076
2203107,Cristino Castro,PI,Nordeste,100.0,64.76,-35.239999999999995,46,0.046849870676051654
2918605,Jussiape,BA,Nordeste,70.6896551724138,54.14,-16.549655172413793,58,0.046833895069015405
4127007,Teixeira Soares,PR,Sul,96.09375,78.49,-17.603750000000005,128,0.04682214087640443
1508035,Tracuateua,PA,Norte,91.20370370370371,63.63,-27.573703703703707,216,0.04680894062707405
2110906,São Francisco do Maranhão,MA,Nordeste,84.24242424242424,65.11,-19.132424242424236,165,0.04677727140010435
2300705,Alto Santo,CE,Nordeste,97.65625,80.0,-17.65625,128,0.04677546010682011
5103361,Conquista D'Oeste,MT,Centro-Oeste,98.38709677419355,59.45,-38.93709677419355,62,0.04675579235194129
2806008,Ribeirópolis,SE,Nordeste,68.22429906542055,55.15,-13.074299065420554,107,0.04670920629992701
5106307,Paranatinga,MT,Centro-Oeste,76.0,61.97,-14.030000000000001,325,0.04666925698508493
5211206,Itapuranga,GO,Centro-Oeste,92.20183486238533,80.0,-12.201834862385326,218,0.04665201719791677
4105607,Cidade Gaúcha,PR,Sul,92.51700680272108,71.93,-20.587006802721078,147,0.046623032413825885
5107925,Sorriso,MT,Centro-Oeste,86.78592036930178,79.48,-7.305920369301774,1733,0.046562257898542285
1718550,Riachinho,TO,Norte,60.0,46.2,-13.799999999999997,60,0.046559563719843565
4117107,Nova Londrina,PR,Sul,94.30379746835443,78.69,-15.613797468354434,158,0.04650688209983795
5207600,Fazenda Nova,GO,Centro-Oeste,100.0,80.0,-20.0,51,0.04650155351161075
1600279,Laranjal do Jari,AP,Norte,81.52866242038218,58.55,-22.97866242038218,471,0.04650045422121016
3162104,São Gotardo,MG,Sudeste,80.6841046277666,66.01,-14.674104627766596,497,0.046475958219823976
4116703,Nova Aurora,PR,Sul,94.48275862068965,80.0,-14.482758620689651,145,0.04643190723961981
2705408,Monteirópolis,AL,Nordeste,89.13043478260869,56.15,-32.98043478260869,92,0.046334927169162675
5220157,São Luiz do Norte,GO,Centro-Oeste,96.61016949152543,77.43,-19.18016949152542,59,0.04633372493278072
2203206,Curimatá,PI,Nordeste,98.59154929577466,73.69,-24.901549295774657,71,0.04629846323021823
2911600,Governador Mangabeira,BA,Nordeste,80.0,57.15,-22.85,180,0.046213297812104294
5217609,Planaltina,GO,Centro-Oeste,82.28956228956228,72.33,-9.959562289562285,1485,0.04618748985049826
2500908,Arara,PB,Nordeste,80.88235294117648,56.2,-24.682352941176475,68,0.04617831928054137
1300607,Benjamin Constant,AM,Norte,68.3991683991684,50.7,-17.6991683991684,481,0.04616427873673824
5006903,Porto Murtinho,MS,Centro-Oeste,65.27777777777779,53.07,-12.207777777777785,216,0.04614780406991337
2602704,Buenos Aires,PE,Nordeste,93.84615384615384,71.05,-22.796153846153842,130,0.04608812300348493
1508357,Vitória do Xingu,PA,Norte,80.20833333333334,69.86,-10.348333333333343,288,0.046031107143208405
4301750,Barão do Triunfo,RS,Sul,72.72727272727273,23.65,-49.077272727272735,44,0.04595050888583394
1714203,Natividade,TO,Norte,74.74747474747475,51.51,-23.237474747474756,99,0.04592164984568501
5209804,Hidrolina,GO,Centro-Oeste,97.43589743589743,73.72,-23.715897435897432,39,0.04590298525628382
2708303,São José da Laje,AL,Nordeste,100.0,79.56,-20.439999999999998,172,0.045860438634113584
3547007,Santa Maria da Serra,SP,Sudeste,89.65517241379311,64.61,-25.04517241379311,87,0.04585877980062876
2201101,Avelino Lopes,PI,Nordeste,85.96491228070175,59.52,-26.44491228070175,57,0.0458171255188641
2926707,Rio de Contas,BA,Nordeste,83.06451612903226,64.66,-18.40451612903226,124,0.04580686729825471
2304350,Forquilha,CE,Nordeste,100.0,80.0,-20.0,262,0.04579805102704476
5221007,Taquaral de Goiás,GO,Centro-Oeste,97.5,74.41,-23.090000000000003,40,0.04579356795973543
5106778,Porto Alegre do Norte,MT,Centro-Oeste,73.88059701492537,53.48,-20.400597014925374,134,0.04578550955793969
2408904,Parelhas,RN,Nordeste,75.49019607843137,60.84,-14.650196078431364,102,0.0457753612587166
2906105,Canápolis,BA,Nordeste,82.0,57.38,-24.619999999999997,100,0.045691318002034284
4127205,Terra Boa,PR,Sul,94.84978540772532,80.0,-14.84978540772532,233,0.04565640858141999
5214507,Nerópolis,GO,Centro-Oeste,81.99052132701422,73.63,-8.360521327014226,422,0.04563984912477671
5004908,Jaraguari,MS,Centro-Oeste,81.60919540229885,58.07,-23.53919540229885,87,0.045569301675354015
5007950,Tacuru,MS,Centro-Oeste,78.14207650273224,65.27,-12.872076502732241,183,0.04553463597632559
3200359,Alto Rio Novo,ES,Sudeste,96.11650485436894,71.89,-24.22650485436894,103,0.04551789084026459
2304236,Croatá,CE,Nordeste,97.52475247524752,80.0,-17.524752475247524,202,0.0455034250420876
2305233,Horizonte,CE,Nordeste,97.63860369609856,80.0,-17.638603696098556,974,0.045499310121961546
5106240,Nova Ubiratã,MT,Centro-Oeste,84.7457627118644,76.3,-8.445762711864404,177,0.04548738636507874
4111407,Ivaí,PR,Sul,91.17647058823529,80.0,-11.17647058823529,204,0.045470465298643084
5218300,Posse,GO,Centro-Oeste,87.99019607843137,77.87,-10.120196078431363,408,0.04546114584768047
5207402,Edéia,GO,Centro-Oeste,90.5511811023622,80.0,-10.551181102362193,127,0.045460652369066025
3127602,Gouveia,MG,Sudeste,92.56198347107438,76.83,-15.731983471074386,121,0.04541750315400706
1508209,Vigia,PA,Norte,75.81818181818181,52.59,-23.22818181818181,550,0.045408382714108284
2922904,Nova Soure,BA,Nordeste,55.91836734693878,46.89,-9.02836734693878,245,0.045402801707110224
2916500,Itapicuru,BA,Nordeste,60.19417475728155,51.42,-8.77417475728155,412,0.04538330318924874
5008305,Três Lagoas,MS,Centro-Oeste,80.86455331412104,74.55,-6.314553314121042,1735,0.045373985479222875
2611903,Rio Formoso,PE,Nordeste,98.15668202764977,80.0,-18.156682027649765,217,0.045357251693204745
1304302,Urucará,AM,Norte,84.9673202614379,68.04,-16.9273202614379,153,0.0453377782347096
5107305,São José do Rio Claro,MT,Centro-Oeste,84.42622950819673,76.27,-8.15622950819673,244,0.045326982226601246
5215504,Ouvidor,GO,Centro-Oeste,93.82716049382715,72.29,-21.537160493827145,81,0.04532198283646842
2304251,Cruz,CE,Nordeste,98.02197802197801,80.0,-18.021978021978015,455,0.04519739903687357
2305001,Guaraciaba do Norte,CE,Nordeste,98.21182943603851,80.0,-18.211829436038514,727,0.045193728553757744
2506608,Ibiara,PB,Nordeste,85.36585365853658,38.02,-47.345853658536576,41,0.04518057367579666
3114105,Carmo de Minas,MG,Sudeste,91.22807017543859,67.79,-23.438070175438583,114,0.045179548073374994
5204003,Cabeceiras,GO,Centro-Oeste,98.71794871794873,74.44,-24.277948717948732,78,0.045169069771433916
2203750,Fartura do Piauí,PI,Nordeste,75.55555555555556,56.99,-18.565555555555555,90,0.04515603651918481
2207900,Pedro II,PI,Nordeste,69.97792494481236,49.23,-20.74792494481236,453,0.045154491951173915
5105580,Marcelândia,MT,Centro-Oeste,83.5978835978836,70.71,-12.8878835978836,189,0.04511088260499482
2919405,Licínio de Almeida,BA,Nordeste,99.27536231884058,77.24,-22.035362318840583,138,0.04509280854415087
3161809,São Gonçalo do Pará,MG,Sudeste,88.6178861788618,70.11,-18.507886178861796,123,0.04504945587244183
5209952,Indiara,GO,Centro-Oeste,85.91549295774648,73.16,-12.755492957746483,213,0.04503814213892639
2302800,Canindé,CE,Nordeste,96.4622641509434,80.0,-16.462264150943398,848,0.044936594650381814
5200605,Alto Paraíso de Goiás,GO,Centro-Oeste,90.83969465648855,80.0,-10.839694656488547,131,0.04488466811652106
5220504,Serranópolis,GO,Centro-Oeste,87.5,66.74,-20.760000000000005,88,0.04486972265621013
2501104,Areia,PB,Nordeste,95.2991452991453,80.0,-15.299145299145295,234,0.04484289599924179
2901809,Antônio Gonçalves,BA,Nordeste,77.41935483870968,54.45,-22.969354838709677,93,0.0447738398768939
1502772,Curionópolis,PA,Norte,79.35483870967742,64.83,-14.524838709677425,310,0.04474373889770843
2922805,Nova Itarana,BA,Nordeste,74.75728155339806,54.7,-20.057281553398056,103,0.04467932336331651
2210706,Simões,PI,Nordeste,90.52132701421802,73.85,-16.671327014218022,211,0.04466825346243939
5218607,Rialma,GO,Centro-Oeste,94.68085106382979,73.7,-20.98085106382979,94,0.04463525674986972
2933174,Varzedo,BA,Nordeste,83.9622641509434,61.29,-22.6722641509434,106,0.04462782646324497
2933000,Valente,BA,Nordeste,68.21192052980133,54.23,-13.981920529801336,151,0.044600360420837835
2707909,Santa Luzia do Norte,AL,Nordeste,64.76190476190476,53.99,-10.771904761904757,105,0.04457181969873052
2109007,Porto Franco,MA,Nordeste,85.3211009174312,68.58,-16.741100917431197,327,0.044532805401575046
5213103,Mineiros,GO,Centro-Oeste,87.20083246618107,80.0,-7.200832466181069,961,0.044523958548294405
2802601,Graccho Cardoso,SE,Nordeste,73.91304347826086,45.07,-28.84304347826086,46,0.044512280266313674
5205802,Corumbá de Goiás,GO,Centro-Oeste,87.37864077669903,75.71,-11.668640776699036,103,0.04448619523037167
5206404,Crixás,GO,Centro-Oeste,83.66013071895425,72.95,-10.710130718954247,153,0.044460456545908765
2202083,Cajueiro da Praia,PI,Nordeste,93.5251798561151,63.08,-30.445179856115104,139,0.044387306703985684
2507002,Itaporanga,PB,Nordeste,70.3125,43.19,-27.122500000000002,192,0.044372110198776904
3154804,Rio Acima,MG,Sudeste,81.08108108108108,59.39,-21.69108108108108,111,0.044365262492310625
5102637,Campo Novo do Parecis,MT,Centro-Oeste,83.91959798994975,70.67,-13.249597989949748,796,0.04433083554505758
2308351,Milhã,CE,Nordeste,100.0,80.0,-20.0,167,0.04432706150763254
3145000,Nova Ponte,MG,Sudeste,89.34010152284264,75.83,-13.510101522842646,197,0.0443243256846453
2305704,Ipaumirim,CE,Nordeste,93.66197183098592,80.0,-13.66197183098592,142,0.04430866151060613
2111607,São Raimundo das Mangabeiras,MA,Nordeste,92.99065420560748,75.14,-17.850654205607484,214,0.04428278052228243
5204904,Campos Belos,GO,Centro-Oeste,83.54430379746836,72.17,-11.374303797468357,237,0.04426791416566478
2609709,Orobó,PE,Nordeste,88.55721393034825,70.17,-18.387213930348253,201,0.04421215325098956
5105101,Juara,MT,Centro-Oeste,79.87551867219918,66.16,-13.715518672199181,482,0.04418551921847141
5003504,Douradina,MS,Centro-Oeste,72.46376811594203,51.92,-20.54376811594203,69,0.044184872751681065
2413300,Serra de São Bento,RN,Nordeste,65.3061224489796,50.59,-14.71612244897959,49,0.044166359024855925
2706703,Penedo,AL,Nordeste,72.90715372907154,59.45,-13.457153729071536,657,0.04413972555483449
2504603,Conde,PB,Nordeste,90.7035175879397,70.75,-19.9535175879397,398,0.04413032219986511
2313500,Trairi,CE,Nordeste,94.53781512605042,80.0,-14.537815126050418,952,0.04408657847808999
2108405,Peri Mirim,MA,Nordeste,78.125,56.19,-21.935000000000002,64,0.044069597451095156
5003157,Coronel Sapucaia,MS,Centro-Oeste,87.68328445747801,79.42,-8.263284457478008,341,0.04406074851185493
1505635,Piçarra,PA,Norte,80.99547511312217,68.68,-12.315475113122162,221,0.044055098331727105
3522802,Itaporanga,SP,Sudeste,75.0,56.81,-18.189999999999998,136,0.0440188189990334
3165404,Sapucaí-Mirim,MG,Sudeste,92.06349206349206,65.95,-26.11349206349206,63,0.043965731570943196
1715002,Nova Rosalândia,TO,Norte,95.74468085106383,54.19,-41.554680851063836,47,0.043954046297193954
3146909,Papagaios,MG,Sudeste,82.14285714285714,62.9,-19.24285714285714,140,0.043905518152360615
2313955,Varjota,CE,Nordeste,99.2248062015504,80.0,-19.224806201550393,258,0.043899752770435924
2210409,São Miguel do Tapuio,PI,Nordeste,96.29629629629629,52.65,-43.64629629629629,108,0.04384124462258104
2513604,Santana dos Garrotes,PB,Nordeste,88.88888888888889,54.52,-34.36888888888888,54,0.043815758069035086
2111532,São Pedro da Água Branca,MA,Nordeste,72.77486910994764,54.69,-18.084869109947647,191,0.04379903826550254
3145604,Oliveira,MG,Sudeste,82.88288288288288,64.29,-18.592882882882876,222,0.04379776218207004
2102150,Brejo de Areia,MA,Nordeste,72.22222222222221,54.88,-17.34222222222221,90,0.04377286866316426
5221551,Turvelândia,GO,Centro-Oeste,93.22033898305084,73.67,-19.550338983050835,59,0.043771411135127905
5102686,Campos de Júlio,MT,Centro-Oeste,81.21546961325967,63.47,-17.745469613259672,181,0.04373450452476595
3138005,Laranjal,MG,Sudeste,96.42857142857143,59.11,-37.31857142857143,56,0.04365689938994654
3162708,São João do Paraíso,MG,Sudeste,95.41284403669725,74.86,-20.552844036697252,218,0.04362560027045145
5205000,Carmo do Rio Verde,GO,Centro-Oeste,93.82716049382715,79.35,-14.477160493827157,81,0.043624774805559915
2304103,Crateús,CE,Nordeste,97.29344729344729,80.0,-17.293447293447286,702,0.043622981974769756
5213004,Maurilândia,GO,Centro-Oeste,89.47368421052632,79.13,-10.34368421052632,133,0.04361595832725738
2930808,Souto Soares,BA,Nordeste,63.05732484076433,49.53,-13.52732484076433,157,0.0435941521685343
2205557,Lagoa Alegre,PI,Nordeste,79.83870967741935,46.48,-33.35870967741935,124,0.043460342660945936
5008008,Terenos,MS,Centro-Oeste,82.421875,69.76,-12.661874999999995,256,0.04340340024355105
4117800,Palmital,PR,Sul,91.48936170212765,76.85,-14.639361702127658,141,0.0433999003140341
2922300,Muritiba,BA,Nordeste,59.27835051546392,47.87,-11.408350515463923,194,0.043397985663782286
1503903,Juruti,PA,Norte,78.26704545454545,63.98,-14.287045454545456,704,0.043374796890336055
1507102,São Caetano de Odivelas,PA,Norte,76.53631284916202,54.96,-21.576312849162015,179,0.0433371001006985
2921104,Medeiros Neto,BA,Nordeste,76.5625,65.19,-11.372500000000002,192,0.04326244746563489
2304509,Frecheirinha,CE,Nordeste,98.83268482490273,80.0,-18.832684824902728,257,0.043204169421410435
3117504,Conceição do Mato Dentro,MG,Sudeste,83.9080459770115,68.91,-14.9980459770115,261,0.04320358942591314
3108909,Brazópolis,MG,Sudeste,83.00653594771242,64.88,-18.126535947712426,153,0.04313064425867978
5217104,Piracanjuba,GO,Centro-Oeste,85.20179372197309,73.57,-11.631793721973096,223,0.04310229227527088
2112407,Turiaçu,MA,Nordeste,88.88888888888889,59.24,-29.648888888888884,306,0.043071053767676094
2506400,Gurinhém,PB,Nordeste,78.64077669902912,56.04,-22.60077669902912,103,0.04302651126244538
5203906,Buriti Alegre,GO,Centro-Oeste,90.2439024390244,74.11,-16.133902439024396,123,0.04301323154038992
5210406,Itaberaí,GO,Centro-Oeste,90.81455805892547,79.41,-11.404558058925474,577,0.04294184051771891
2805901,Riachuelo,SE,Nordeste,44.21052631578947,35.84,-8.37052631578947,95,0.042940726159761036
2200103,Agricolândia,PI,Nordeste,81.11111111111111,54.47,-26.641111111111115,90,0.04290443528896174
1702554,Augustinópolis,TO,Norte,81.45161290322581,64.44,-17.01161290322581,248,0.042842467276686995
3120300,Cristália,MG,Sudeste,79.1044776119403,50.18,-28.924477611940297,67,0.042715948325397594
2312403,São Gonçalo do Amarante,CE,Nordeste,94.39655172413794,80.0,-14.396551724137936,928,0.04265417951396753
2706901,Pilar,AL,Nordeste,72.848948374761,57.55,-15.298948374760997,523,0.04262876837844121
4113908,Mallet,PR,Sul,92.02127659574468,80.0,-12.02127659574468,188,0.04252296081460845
1718303,Praia Norte,TO,Norte,52.83018867924528,43.3,-9.530188679245285,53,0.0425141120482045
2915353,Itaguaçu da Bahia,BA,Nordeste,54.47154471544715,45.84,-8.631544715447149,123,0.042509848693447067
3200102,Afonso Cláudio,ES,Sudeste,94.6938775510204,80.0,-14.693877551020407,245,0.04248710148426967
2206670,Morro do Chapéu do Piauí,PI,Nordeste,82.14285714285714,51.95,-30.192857142857136,84,0.04245840272273447
1101492,São Francisco do Guaporé,RO,Norte,86.19402985074626,72.47,-13.724029850746263,268,0.042417263904800176
3143401,Monte Sião,MG,Sudeste,86.0576923076923,66.47,-19.587692307692308,208,0.04240268800992824
2201960,Brasileira,PI,Nordeste,91.0891089108911,54.83,-36.2591089108911,101,0.04240011642542054
2920205,Malhada,BA,Nordeste,69.89795918367348,49.33,-20.56795918367348,196,0.04240003319416984
2701357,Campestre,AL,Nordeste,90.2439024390244,59.67,-30.573902439024394,82,0.04239705775517202
5106182,Nova Lacerda,MT,Centro-Oeste,93.75,67.1,-26.650000000000006,112,0.04233744611038964
5205455,Cezarina,GO,Centro-Oeste,77.08333333333334,59.68,-17.403333333333343,96,0.04233458930689883
2614709,Tacaimbó,PE,Nordeste,79.83193277310924,62.26,-17.571932773109246,119,0.04233445956443823
2310209,Paracuru,CE,Nordeste,95.9866220735786,80.0,-15.986622073578602,598,0.04231137121835212
2203503,Elesbão Veloso,PI,Nordeste,88.0,64.48,-23.519999999999996,50,0.042280101899286264
2706000,Olivença,AL,Nordeste,91.57894736842105,64.43,-27.148947368421048,190,0.042276369267024
5212808,Mara Rosa,GO,Centro-Oeste,97.5,74.41,-23.090000000000003,120,0.04227094290482454
4118808,Peabiru,PR,Sul,94.375,74.35,-20.025000000000006,160,0.042127304503916226
2310803,Pereiro,CE,Nordeste,93.44827586206897,80.0,-13.448275862068968,290,0.04212675791035374
3150539,Pingo-d'Água,MG,Sudeste,86.4406779661017,55.79,-30.650677966101703,59,0.042108825487834116
5101852,Bom Jesus do Araguaia,MT,Centro-Oeste,68.90756302521008,53.63,-15.277563025210078,119,0.04205924975490822
2507606,Juarez Távora,PB,Nordeste,83.63636363636363,51.96,-31.676363636363625,55,0.04205645431345575
2210508,São Pedro do Piauí,PI,Nordeste,87.17948717948718,64.04,-23.139487179487176,195,0.0420544597229135
2307254,Jijoca de Jericoacoara,CE,Nordeste,98.37067209775967,80.0,-18.370672097759666,491,0.04201988616211532
2311405,Quixeramobim,CE,Nordeste,98.2010582010582,80.0,-18.201058201058203,945,0.04200755175592294
3543006,Ribeirão Branco,SP,Sudeste,79.91967871485943,66.05,-13.869678714859432,249,0.0420034238015495
2801603,Cedro de São João,SE,Nordeste,65.78947368421053,46.96,-18.829473684210534,38,0.041877957956533124
2200400,Altos,PI,Nordeste,91.35021097046413,70.51,-20.840210970464128,474,0.04184272852247832
2104107,Fortaleza dos Nogueiras,MA,Nordeste,84.9624060150376,61.81,-23.1524060150376,133,0.04183258696997816
2703403,Jacaré dos Homens,AL,Nordeste,79.43925233644859,57.9,-21.53925233644859,107,0.04182666098668353
5006606,Ponta Porã,MS,Centro-Oeste,78.46441947565543,68.42,-10.044419475655431,1602,0.041825039291574474
2312304,São Benedito,CE,Nordeste,97.04797047970479,80.0,-17.047970479704787,542,0.04170517128795501
5205513,Cocalzinho de Goiás,GO,Centro-Oeste,91.0299003322259,79.73,-11.299900332225903,301,0.04165145720195612
2302602,Camocim,CE,Nordeste,97.58269720101781,80.0,-17.582697201017808,786,0.04149822302113657
2708907,Satuba,AL,Nordeste,74.5173745173745,60.62,-13.897374517374509,259,0.041341412824901905
5108956,Nova Monte Verde,MT,Centro-Oeste,93.97590361445783,78.41,-15.565903614457838,166,0.04133688066950725
2612604,Santa Maria da Boa Vista,PE,Nordeste,83.29853862212944,62.09,-21.20853862212944,479,0.041306168792934195
2709301,União dos Palmares,AL,Nordeste,98.44559585492227,80.0,-18.445595854922274,579,0.04129988990698013
2312908,Sobral,CE,Nordeste,96.83042789223455,80.0,-16.830427892234553,2524,0.0412698665857759
2603108,Cachoeirinha,PE,Nordeste,88.78504672897196,67.87,-20.91504672897196,214,0.041169794817524086
5209705,Hidrolândia,GO,Centro-Oeste,80.25974025974027,74.09,-6.169740259740266,385,0.041131551457465235
2512507,Queimadas,PB,Nordeste,96.0431654676259,80.0,-16.043165467625897,556,0.04109870907480628
2112852,Vila Nova dos Martírios,MA,Nordeste,93.63057324840764,80.0,-13.630573248407643,157,0.04102426962641465
2916906,Itiruçu,BA,Nordeste,91.66666666666666,54.63,-37.036666666666655,60,0.04100016226477641
5000203,Água Clara,MS,Centro-Oeste,87.30650154798761,74.72,-12.58650154798761,323,0.04093626809016107
1718501,Recursolândia,TO,Norte,53.48837209302325,24.16,-29.32837209302325,43,0.04090695292654819
5006408,Pedro Gomes,MS,Centro-Oeste,70.22900763358778,55.14,-15.089007633587784,131,0.0408700592086776
1100056,Cerejeiras,RO,Norte,89.79591836734694,68.81,-20.98591836734694,294,0.040822794935423186
4103909,Campina da Lagoa,PR,Sul,94.3298969072165,80.0,-14.329896907216494,194,0.04080975185119288
1101609,Theobroma,RO,Norte,86.0655737704918,64.8,-21.265573770491798,122,0.04073360740608148
5221197,Terezópolis de Goiás,GO,Centro-Oeste,84.34782608695653,68.46,-15.887826086956537,115,0.040686991316356474
2916708,Itaquara,BA,Nordeste,80.0,55.58,-24.42,75,0.04065053283322566
2911204,Gandu,BA,Nordeste,73.51598173515981,54.89,-18.62598173515981,219,0.04063223358313953
1703867,Cariri do Tocantins,TO,Norte,75.86206896551724,41.02,-34.842068965517235,58,0.04062862419180289
2605103,Custódia,PE,Nordeste,95.45454545454545,80.0,-15.454545454545453,396,0.04056213579685592
2705606,Novo Lino,AL,Nordeste,68.27586206896552,50.91,-17.365862068965527,145,0.040475636998231854
2705002,Mata Grande,AL,Nordeste,78.8659793814433,59.03,-19.835979381443295,194,0.04036843980974962
3553005,Taguaí,SP,Sudeste,82.89473684210526,68.84,-14.054736842105257,152,0.040326538925893926
3119104,Corinto,MG,Sudeste,79.22077922077922,58.98,-20.240779220779224,231,0.04029884618761377
2300200,Acaraú,CE,Nordeste,98.56801909307876,80.0,-18.56801909307876,838,0.040292563921734074
2501575,Barra de Santana,PB,Nordeste,77.77777777777779,51.39,-26.387777777777785,72,0.04025833080486207
5208608,Goianésia,GO,Centro-Oeste,91.81286549707602,79.88,-11.932865497076023,855,0.040253098620099605
2105153,Igarapé do Meio,MA,Nordeste,86.07594936708861,69.0,-17.07594936708861,158,0.0401843986406078
5007802,Selvíria,MS,Centro-Oeste,69.0721649484536,50.4,-18.672164948453606,97,0.0401321230918673
2414407,Touros,RN,Nordeste,64.13793103448275,48.92,-15.217931034482746,290,0.04011508536897834
2706208,Palestina,AL,Nordeste,77.27272727272727,55.19,-22.08272727272727,66,0.03979987035324058
5200175,Água Fria de Goiás,GO,Centro-Oeste,91.54929577464789,67.43,-24.11929577464788,71,0.039738049762921765
2303931,Choró,CE,Nordeste,95.93023255813954,80.0,-15.930232558139537,172,0.03973622092279126
2112233,Trizidela do Vale,MA,Nordeste,89.39393939393939,69.05,-20.343939393939394,330,0.03973340376767327
2501401,Baía da Traição,PB,Nordeste,59.82142857142857,46.55,-13.271428571428572,112,0.03971661960512902
5004304,Iguatemi,MS,Centro-Oeste,72.48908296943232,57.96,-14.529082969432316,229,0.039700880415685105
5216403,Paraúna,GO,Centro-Oeste,100.0,70.47,-29.53,103,0.0396981172725078
2205599,Lagoa do Sítio,PI,Nordeste,75.0,37.58,-37.42,44,0.03968585783824318
2614857,Tamandaré,PE,Nordeste,83.89261744966443,61.71,-22.182617449664427,298,0.03963182467851018
5103205,Colíder,MT,Centro-Oeste,81.32118451025056,64.04,-17.281184510250554,439,0.03960769167143922
4100509,Altônia,PR,Sul,91.05263157894737,74.82,-16.232631578947377,190,0.03956634420557283
2209971,São João do Arraial,PI,Nordeste,98.38709677419355,55.1,-43.28709677419355,124,0.03955031688701315
2414209,Tibau do Sul,RN,Nordeste,56.734693877551024,42.85,-13.884693877551022,245,0.0395191968438087
3132206,Itaguara,MG,Sudeste,92.07317073170732,68.03,-24.04317073170732,164,0.03950868640672705
5215603,Padre Bernardo,GO,Centro-Oeste,88.56209150326796,68.65,-19.91209150326796,306,0.03950068533855782
2918357,João Dourado,BA,Nordeste,70.8092485549133,55.76,-15.049248554913298,346,0.03949732863261455
2904050,Bonito,BA,Nordeste,77.33990147783251,59.07,-18.269901477832512,203,0.039492340541735026
2206100,Matias Olímpio,PI,Nordeste,64.47368421052632,48.72,-15.753684210526316,152,0.03946068654778481
4121208,Quitandinha,PR,Sul,91.93548387096774,75.53,-16.405483870967743,248,0.03942688675929723
5002159,Bodoquena,MS,Centro-Oeste,89.81481481481481,61.55,-28.264814814814812,108,0.03940386345047847
2611804,Ribeirão,PE,Nordeste,92.13483146067416,70.34,-21.79483146067416,178,0.0393696871029905
5107941,Tabaporã,MT,Centro-Oeste,83.8323353293413,65.18,-18.652335329341298,167,0.03925323062208294
3104304,Areado,MG,Sudeste,93.87755102040816,75.0,-18.877551020408163,147,0.039239130831995865
5203559,Bonfinópolis,GO,Centro-Oeste,99.15966386554622,68.55,-30.609663865546224,119,0.0392125749004124
4122008,Rio Azul,PR,Sul,94.15204678362574,80.0,-14.152046783625735,171,0.03920783697055792
3133006,Itamonte,MG,Sudeste,83.22981366459628,68.33,-14.89981366459628,161,0.039140713157249256
2313609,Ubajara,CE,Nordeste,96.65924276169265,80.0,-16.659242761692653,449,0.039116277331491305
4106803,Cruz Machado,PR,Sul,95.34883720930233,80.0,-15.348837209302332,172,0.0391053050952873
2206001,Marcos Parente,PI,Nordeste,88.23529411764706,46.93,-41.30529411764706,51,0.03908993766620509
1713809,Palmeiras do Tocantins,TO,Norte,61.76470588235294,43.34,-18.42470588235294,68,0.03905957692124068
2313005,Solonópole,CE,Nordeste,99.0,80.0,-19.0,200,0.038980230053559335
5204854,Campo Limpo de Goiás,GO,Centro-Oeste,95.74468085106383,80.0,-15.744680851063833,141,0.03897304031390753
2104081,Fernando Falcão,MA,Nordeste,97.1830985915493,52.67,-44.513098591549294,71,0.03892411301511208
5106224,Nova Mutum,MT,Centro-Oeste,86.9098712446352,71.66,-15.249871244635202,932,0.038863884969796744
5210208,Iporá,GO,Centro-Oeste,90.14084507042254,79.07,-11.07084507042255,355,0.038770249363830084
2703759,Jequiá da Praia,AL,Nordeste,91.50326797385621,64.55,-26.953267973856214,153,0.0387418433672299
2708808,São Sebastião,AL,Nordeste,72.10401891252955,57.0,-15.104018912529554,423,0.03864105032865044
2706802,Piaçabuçu,AL,Nordeste,70.7509881422925,53.91,-16.840988142292503,253,0.03853709418694858
2202653,Caxingó,PI,Nordeste,83.60655737704919,45.38,-38.22655737704918,61,0.03840653740871341
2201150,Baixa Grande do Ribeiro,PI,Nordeste,92.57641921397381,63.7,-28.876419213973804,229,0.03835011764705135
5219902,São Francisco de Goiás,GO,Centro-Oeste,92.53731343283582,69.01,-23.52731343283581,67,0.03820256457590406
5200134,Acreúna,GO,Centro-Oeste,80.78602620087337,68.78,-12.006026200873364,229,0.03816141627321801
5106372,Pedra Preta,MT,Centro-Oeste,86.29032258064517,67.89,-18.400322580645167,248,0.03813696621005991
5205406,Ceres,GO,Centro-Oeste,96.27329192546584,80.0,-16.27329192546584,161,0.03805893221693697
1100346,Alvorada D'Oeste,RO,Norte,79.8780487804878,52.2,-27.6780487804878,164,0.03804129921949639
3126604,Francisco Dumont,MG,Sudeste,80.32786885245902,53.74,-26.587868852459017,61,0.03801631591159353
5002001,Batayporã,MS,Centro-Oeste,78.19148936170212,62.14,-16.051489361702124,188,0.037950652856579024
5002951,Chapadão do Sul,MS,Centro-Oeste,72.60579064587974,60.83,-11.775790645879738,449,0.037939910490830724
1703909,Caseara,TO,Norte,70.27027027027027,42.3,-27.970270270270277,74,0.037927480746331024
5203302,Bela Vista de Goiás,GO,Centro-Oeste,79.77207977207978,70.16,-9.612079772079781,351,0.03783284556388809
2916856,Itatim,BA,Nordeste,94.15204678362574,65.27,-28.88204678362574,171,0.037789828071734796
5204300,Caçu,GO,Centro-Oeste,90.97744360902256,76.3,-14.67744360902256,133,0.03776227810600836
3137403,Lagoa Dourada,MG,Sudeste,90.97222222222221,71.52,-19.45222222222222,144,0.03764282458011298
5209150,Gouvelândia,GO,Centro-Oeste,80.32786885245902,58.84,-21.487868852459016,61,0.03762521432711532
1715754,Palmeirópolis,TO,Norte,97.05882352941177,63.25,-33.80882352941177,102,0.03758236084143907
3137809,Lambari,MG,Sudeste,92.02453987730061,72.44,-19.584539877300614,163,0.037551071951261096
5203203,Barro Alto,GO,Centro-Oeste,93.25842696629213,80.0,-13.258426966292134,178,0.03751476854162201
5204706,Campinorte,GO,Centro-Oeste,92.57142857142857,76.59,-15.981428571428566,175,0.037512125022439495
2919900,Macururé,BA,Nordeste,46.15384615384615,24.38,-21.773846153846154,65,0.03744051423472681
5100805,Apiacás,MT,Centro-Oeste,87.5,63.74,-23.759999999999998,128,0.03725939579561487
3139904,Maria da Fé,MG,Sudeste,90.30303030303031,70.05,-20.253030303030314,165,0.037251093304119874
2802403,Gararu,SE,Nordeste,61.016949152542374,44.55,-16.466949152542377,118,0.03719089156711687
5216809,Petrolina de Goiás,GO,Centro-Oeste,96.22641509433963,69.18,-27.046415094339622,53,0.037171252395279
3127008,Fronteira,MG,Sudeste,81.25,65.92,-15.329999999999998,160,0.03714191772774851
5100250,Alta Floresta,MT,Centro-Oeste,87.6510067114094,66.26,-21.39100671140939,745,0.03712258346103848
2202059,Cabeceiras do Piauí,PI,Nordeste,75.90361445783132,44.93,-30.973614457831324,83,0.03709350080506624
2924108,Pedrão,BA,Nordeste,59.25925925925925,45.69,-13.569259259259255,54,0.03705889989658026
1712504,Marianópolis do Tocantins,TO,Norte,67.16417910447761,48.5,-18.66417910447761,67,0.037009376479765654
5208400,Goianápolis,GO,Centro-Oeste,90.64327485380117,76.92,-13.723274853801172,171,0.03700294390307408
5102678,Campo Verde,MT,Centro-Oeste,85.67119155354449,67.63,-18.041191553544493,663,0.03694723219561344
5218805,Rio Verde,GO,Centro-Oeste,97.03791469194313,80.0,-17.03791469194313,2532,0.03691572279383825
5202155,Araguapaz,GO,Centro-Oeste,85.04672897196261,60.82,-24.226728971962608,107,0.03688597496732085
5209101,Goiatuba,GO,Centro-Oeste,87.63736263736264,73.69,-13.947362637362644,364,0.03674399617238062
1304260,Uarini,AM,Norte,55.78947368421052,38.4,-17.38947368421052,190,0.036743072273072865
2804904,Pacatuba,SE,Nordeste,50.28571428571429,42.16,-8.125714285714295,175,0.036740380747731144
5103056,Cláudia,MT,Centro-Oeste,80.24691358024691,68.73,-11.516913580246907,162,0.03668302620463257
5107107,São José dos Quatro Marcos,MT,Centro-Oeste,89.49771689497716,80.0,-9.49771689497716,219,0.036560399766693924
5212204,Jussara,GO,Centro-Oeste,88.1578947368421,69.03,-19.127894736842094,228,0.03645141690808221
5210000,Inhumas,GO,Centro-Oeste,93.06930693069307,80.0,-13.069306930693074,505,0.036416227121914085
2203271,Curral Novo do Piauí,PI,Nordeste,78.18181818181819,41.37,-36.81181818181819,55,0.036253696983599905
5103437,Curvelândia,MT,Centro-Oeste,83.5820895522388,54.88,-28.702089552238796,67,0.03622350474247183
2111763,Senador La Rocque,MA,Nordeste,76.57142857142857,54.23,-22.341428571428573,175,0.036211269686095164
2928950,São Domingos,BA,Nordeste,73.58490566037736,49.36,-24.22490566037736,53,0.036170833887608674
5104203,Guiratinga,MT,Centro-Oeste,98.1981981981982,80.0,-18.1981981981982,111,0.03613079401815235
2204352,Geminiano,PI,Nordeste,71.91011235955057,44.62,-27.29011235955057,89,0.03605001015186973
5213087,Minaçu,GO,Centro-Oeste,91.12627986348123,77.59,-13.536279863481226,293,0.0359966931956717
5002407,Caarapó,MS,Centro-Oeste,80.54862842892769,65.95,-14.598628428927682,401,0.035962384334386636
5215009,Nova Veneza,GO,Centro-Oeste,94.26229508196722,80.0,-14.262295081967224,122,0.03592799974573146
5006309,Paranaíba,MS,Centro-Oeste,69.48051948051948,53.18,-16.300519480519476,462,0.035901463776840385
2102754,Capinzal do Norte,MA,Nordeste,87.70491803278688,56.39,-31.314918032786878,122,0.03588466403935854
5220207,São Miguel do Araguaia,GO,Centro-Oeste,96.45669291338582,80.0,-16.456692913385822,254,0.03588190975998401
5101902,Brasnorte,MT,Centro-Oeste,82.41758241758241,65.43,-16.987582417582402,273,0.03576237788635568
2705507,Murici,AL,Nordeste,91.42857142857143,66.07,-25.358571428571437,280,0.03569656202613659
5213756,Montividiu,GO,Centro-Oeste,90.19607843137256,72.56,-17.636078431372553,153,0.03565002620083819
2111250,São José dos Basílios,MA,Nordeste,79.36507936507937,37.87,-41.49507936507937,63,0.03564877945963228
5006200,Nova Andradina,MS,Centro-Oeste,79.60122699386503,68.73,-10.871226993865022,652,0.03555194324242515
5220603,Silvânia,GO,Centro-Oeste,93.88888888888889,80.0,-13.888888888888886,180,0.03550272830365472
2917805,Jaguaripe,BA,Nordeste,74.03314917127072,49.8,-24.233149171270725,181,0.03550048049619236
5106299,Paranaíta,MT,Centro-Oeste,93.52941176470588,69.89,-23.639411764705883,170,0.035337885624501325
5208806,Goianira,GO,Centro-Oeste,89.81818181818181,74.16,-15.658181818181816,1100,0.035223956508046765
2110658,São Domingos do Azeitão,MA,Nordeste,70.3125,47.04,-23.2725,128,0.035197881417869926
5002308,Brasilândia,MS,Centro-Oeste,80.1418439716312,65.33,-14.811843971631205,141,0.03517716507015936
2701209,Cacimbinhas,AL,Nordeste,86.01398601398601,53.12,-32.893986013986016,143,0.03502599896851945
5217708,Pontalina,GO,Centro-Oeste,96.7741935483871,76.38,-20.394193548387108,155,0.03500075148040607
2202174,Campo Largo do Piauí,PI,Nordeste,66.66666666666666,42.91,-23.75666666666666,75,0.034755605921143504
2513158,Santa Cecília,PB,Nordeste,73.01587301587301,38.39,-34.62587301587301,63,0.03471930498477047
2706109,Ouro Branco,AL,Nordeste,90.27777777777779,45.43,-44.847777777777786,144,0.034644250674525985
5100201,Água Boa,MT,Centro-Oeste,90.76086956521739,69.09,-21.670869565217387,368,0.034613972984181555
5005152,Juti,MS,Centro-Oeste,64.58333333333334,47.29,-17.293333333333344,144,0.034556250784952676
5210901,Itapaci,GO,Centro-Oeste,94.0909090909091,79.34,-14.75090909090909,220,0.03437374800448505
5001508,Bandeirantes,MS,Centro-Oeste,65.0,49.87,-15.130000000000003,120,0.03426684404019158
5100607,Alto Taquari,MT,Centro-Oeste,94.30379746835443,75.82,-18.48379746835444,158,0.03426604012875614
5102793,Carlinda,MT,Centro-Oeste,93.66197183098592,60.39,-33.27197183098592,142,0.034176884251576375
1703842,Campos Lindos,TO,Norte,61.15107913669065,41.42,-19.731079136690646,139,0.03414856251036007
2931103,Tanquinho,BA,Nordeste,64.7887323943662,44.1,-20.688732394366205,71,0.03391138874123572
5004601,Itaquiraí,MS,Centro-Oeste,90.0,76.36,-13.64,360,0.03367148123962397
2101939,Bernardo do Mearim,MA,Nordeste,95.0,37.75,-57.25,40,0.03354743113833553
2804300,Muribeca,SE,Nordeste,64.81481481481481,34.04,-30.77481481481481,54,0.03334224297013581
5103502,Diamantino,MT,Centro-Oeste,80.41237113402062,65.53,-14.882371134020616,291,0.03322549453216257
5201306,Anicuns,GO,Centro-Oeste,96.96969696969697,80.0,-16.96969696969697,165,0.03307444705177775
5218904,Rubiataba,GO,Centro-Oeste,96.35416666666666,78.61,-17.744166666666658,192,0.03305643571129863
5007935,Sonora,MS,Centro-Oeste,94.20289855072464,63.11,-31.09289855072464,207,0.03283306270070919
2200509,Amarante,PI,Nordeste,82.58426966292134,46.99,-35.59426966292134,178,0.03278919051557275
2907004,Cardeal da Silva,BA,Nordeste,68.54838709677419,50.4,-18.148387096774194,124,0.03277399843820499
2919157,Lapão,BA,Nordeste,66.46153846153847,49.22,-17.241538461538468,325,0.03275090973016448
2919603,Macajuba,BA,Nordeste,72.53521126760563,43.76,-28.775211267605634,142,0.032718180276754605
5211800,Jaraguá,GO,Centro-Oeste,95.71984435797665,80.0,-15.719844357976655,514,0.0326432853997464
1722107,Xambioá,TO,Norte,61.267605633802816,46.78,-14.487605633802815,142,0.03240705952586056
1700400,Almas,TO,Norte,66.42335766423358,41.17,-25.253357664233576,137,0.03201822930658463
5107065,Querência,MT,Centro-Oeste,90.63291139240506,68.46,-22.17291139240507,395,0.032013676691616984
5003256,Costa Rica,MS,Centro-Oeste,76.77419354838709,58.3,-18.474193548387092,465,0.03169196506261072
2912202,Ibicoara,BA,Nordeste,80.92105263157895,51.26,-29.661052631578947,304,0.0316144475097718
2903235,Barro Alto,BA,Nordeste,77.6923076923077,48.61,-29.082307692307694,130,0.03122471864229215
5108006,Tapurah,MT,Centro-Oeste,84.18604651162791,67.48,-16.706046511627903,215,0.030536447606625865
