id_municipio,populacao,pib_per_capita,pct_vab_adm_publica
1100015,22516.0,32619.781488719134,25.28
1100023,111148.0,28892.053838125743,28.03
1100031,5067.0,47052.29919084271,20.5
1100049,86416.0,32314.68709498241,26.13
1100056,16088.0,46187.34460467429,20.19
1100064,15213.0,27926.510221521068,29.32
1100072,7052.0,56259.217243335224,15.9
1100080,19255.0,16446.221760581666,42.0
1100098,33009.0,23429.125390045137,31.26
1100106,46930.0,22464.415086298744,36.54
1100114,51469.0,34287.00771338087,24.88
1100122,131026.0,32286.378276067346,24.96
1100130,41724.0,21338.2945067587,32.93
1100148,20504.0,26816.86500195084,27.9
1100155,35445.0,27819.043588658486,28.01
1100189,37098.0,44277.8856003019,21.0
1100205,548952.0,36535.32184963348,23.15
1100254,18165.0,30840.077071290943,26.43
1100262,3843.0,47990.63231850117,20.51
1100288,55748.0,28077.078998349716,29.74
1100296,5942.0,35945.80949175362,25.2
1100304,104517.0,40332.59661107762,22.0
1100320,23147.0,39112.67118849095,20.97
1100338,32184.0,23076.249067859808,30.25
1100346,13807.0,25539.94350691678,31.15
1100379,13268.0,36454.02472113355,22.3
1100403,22258.0,22946.356366250337,31.14
1100452,41043.0,23549.83797480691,30.55
1100502,8125.0,28492.43076923077,27.88
1100601,6307.0,43655.937846836845,17.76
1100700,14391.0,25649.850601070113,29.39
1100809,28068.0,23356.45575032065,33.13
1100908,2923.0,34083.817995210404,29.33
1100924,11755.0,39880.30625265844,23.08
1100940,27131.0,17977.811359699237,38.84
1101005,7130.0,33566.76016830294,24.97
1101104,10819.0,19403.54931139662,39.97
1101203,9461.0,31484.621075996194,25.09
1101302,10691.0,24565.241792161632,30.55
1101401,16158.0,24123.09691793539,31.53
1101435,6822.0,23060.83260041044,32.33
1101450,6319.0,24597.246399746797,31.73
1101468,2127.0,115754.11377527034,11.07
1101476,2697.0,39684.83500185391,27.4
1101484,4962.0,26335.147118097542,32.75
1101492,21088.0,23147.80918057663,31.03
1101500,11846.0,28109.572851595476,29.07
1101559,4160.0,29159.615384615383,29.43
1101609,10348.0,24877.85079242366,31.97
1101708,11081.0,24682.339139066873,32.92
1101757,11545.0,19137.981810307494,39.63
1101807,6490.0,28605.238828967642,30.11
1200013,15721.0,25362.572355448126,30.43
1200054,7649.0,17507.648058569746,47.19
1200104,27123.0,25278.767098034878,33.54
1200138,10572.0,28455.35376466137,27.63
1200179,12280.0,41722.55700325733,18.79
1200203,89760.0,22934.826203208555,37.35
1200252,18979.0,33960.79877759629,24.97
1200302,34986.0,16207.625907505859,45.3
1200328,8628.0,13209.898006490495,65.7
1200336,19643.0,13704.882146311664,56.08
1200344,9701.0,19060.303061540046,42.66
1200351,19727.0,13020.986465250671,63.76
1200385,20147.0,29854.122201816648,26.01
1200393,12497.0,12845.883011922862,66.57
1200401,419452.0,26119.019577925483,31.22
1200427,19767.0,12933.12085799565,62.64
1200435,6893.0,15747.13477440882,60.66
1200450,23446.0,33253.94523586113,23.51
1200500,47168.0,15860.201831750339,44.69
1200609,43730.0,16279.07614909673,47.4
1200708,19866.0,22902.496728078124,32.75
1200807,19141.0,24623.321665534717,30.16
1300029,16396.0,13255.245181751647,48.93
1300060,11934.0,9960.78431372549,67.0
1300086,14292.0,9697.663028267561,53.36
1300102,21937.0,11324.930482746046,47.71
1300144,22739.0,13096.882008883416,40.17
1300201,20868.0,8862.708453133984,68.49
1300300,41005.0,12348.274600658457,49.19
1300409,27772.0,8844.231600172836,61.22
1300508,32919.0,10476.92821774659,62.23
1300607,44873.0,8664.029594633745,66.64
1300631,20503.0,10333.65848900161,63.41
1300680,20040.0,9102.395209580838,63.34
1300706,34958.0,14668.916986097604,39.55
1300805,42328.0,9500.354375354374,62.01
1300839,13482.0,13194.926568758345,49.72
1300904,15981.0,9656.216757399412,62.27
1301001,28719.0,12906.542706918764,42.79
1301100,38820.0,10180.164863472437,55.97
1301159,31459.0,13140.087097491974,40.14
1301209,86713.0,38982.909137038274,16.42
1301308,29691.0,17917.71917416052,29.8
1301407,36121.0,15725.921209268847,37.09
1301506,20748.0,10387.844611528822,54.99
1301605,16409.0,13576.269120604546,59.3
1301654,17193.0,10313.499680102368,60.65
1301704,57195.0,15039.216714747792,35.41
1301803,31172.0,6945.945078916977,72.98
1301852,49718.0,20150.89102538316,32.4
1301902,104046.0,22590.613766987677,26.8
1301951,7777.0,17438.60100295744,44.79
1302009,9312.0,16377.68470790378,44.08
1302108,1755.0,48894.017094017094,45.59
1302207,15495.0,8910.874475637302,63.51
1302306,13462.0,19787.327291635716,44.12
1302405,47685.0,13110.999266016566,38.85
1302504,99613.0,15506.761165711303,37.53
1302553,33981.0,9162.031723610253,53.55
1302603,2255903.0,45782.73090642638,13.71
1302702,57405.0,11955.038759689922,46.18
1302801,18298.0,9630.396764673735,69.57
1302900,66159.0,9005.970465091674,60.56
1303007,21710.0,9535.006909258405,60.17
1303106,38665.0,8836.20845726109,63.59
1303205,20395.0,9146.016180436382,65.38
1303304,26443.0,9545.891162122301,54.53
1303403,116439.0,12255.103530604007,44.5
1303502,19616.0,10172.35929853181,60.07
1303536,38095.0,27087.675547972176,26.98
1303569,34856.0,11680.801009869176,46.15
1303601,26566.0,6994.541895656102,72.63
1303700,20889.0,11360.71616640337,61.77
1303809,47031.0,8995.237183985031,64.2
1303908,40837.0,8182.065283933687,69.24
1303957,14678.0,9307.058182313667,60.6
1304005,9289.0,18844.009042954032,38.47
1304062,68502.0,11065.881288137572,57.1
1304104,16876.0,14218.061151931737,51.61
1304203,59250.0,18538.261603375526,36.49
1304237,19038.0,9738.943166298981,70.1
1304260,13839.0,16562.540646000434,39.98
1304302,16007.0,12847.87905291435,50.06
1304401,24098.0,9654.784629429829,59.76
1400027,13561.0,17758.71985841752,59.99
1400050,15249.0,25280.805298708114,44.28
1400100,436591.0,30906.189087727416,40.21
1400159,12701.0,41131.0133060389,28.64
1400175,19257.0,18334.683491717296,63.8
1400209,22635.0,20026.419262204552,58.38
1400233,10595.0,22349.032562529494,50.5
1400282,12637.0,16497.349054364167,66.21
1400308,18482.0,21310.031381885077,53.66
1400407,11772.0,17232.330954808018,65.87
1400456,20108.0,16366.222399045157,72.77
1400472,31387.0,23333.099690954852,53.34
1400506,8492.0,38597.26801695714,42.14
1400605,8232.0,21741.010689990282,54.55
1400704,11014.0,13069.275467586707,83.47
1500107,160439.0,12141.524192995468,37.84
1500131,7536.0,13986.730360934183,37.27
1500206,55744.0,25698.209672789897,22.22
1500305,39910.0,11118.992733650713,44.26
1500347,27797.0,23126.704320610137,22.46
1500404,57390.0,12978.06238020561,35.84
1500503,34044.0,20202.47326988603,31.77
1500602,117320.0,26583.506648482784,20.48
1500701,30091.0,8593.067694659532,65.4
1500800,540410.0,16538.51520142114,24.24
1500859,29312.0,20048.00081877729,26.93
1500909,46937.0,7739.416664891237,61.16
1500958,32200.0,9573.291925465839,51.14
1501006,16421.0,9242.798855124536,52.43
1501105,31967.0,7829.636812963368,53.17
1501204,49454.0,11358.413879564849,37.64
1501253,3239.0,39803.95183698672,18.51
1501303,129333.0,71461.86974708698,8.93
1501402,1506420.0,22283.091700853678,21.32
1501451,17944.0,13205.416852429782,39.69
1501501,64780.0,30659.956776782958,18.09
1501576,17254.0,14121.594992465516,37.37
1501600,16769.0,12318.564016936012,37.73
1501709,130122.0,10670.071163984569,43.3
1501725,14883.0,25503.9306591413,23.42
1501758,7357.0,15627.837433736577,36.59
1501782,68597.0,11571.468140006124,38.94
1501808,104280.0,8559.934790947449,61.21
1501907,29717.0,18052.158697042098,24.28
1501956,35307.0,6439.346305265245,64.76
1502004,24355.0,10507.12379388216,43.86
1502103,140814.0,9888.569318391637,44.58
1502152,39103.0,894762.9337902463,1.18
1502202,69828.0,20430.758435011743,22.55
1502301,54545.0,11279.787331561096,41.33
1502400,205667.0,22888.36322793642,23.02
1502509,24175.0,10257.456049638056,47.66
1502608,12175.0,8281.396303901438,58.92
1502707,48115.0,13767.328276005404,33.1
1502756,34236.0,12261.8004439771,43.34
1502764,14044.0,28964.112788379378,16.58
1502772,17764.0,206428.22562485927,3.04
1502806,35530.0,7938.136785814804,64.71
1502855,14776.0,10118.706009745534,51.82
1502905,41093.0,8989.14656997542,50.08
1502939,61206.0,15359.278502107636,30.5
1502954,34069.0,16309.166691126831,32.11
1503002,6949.0,11019.427255720248,63.32
1503044,20742.0,29041.413557034037,17.32
1503077,26155.0,10540.776142229019,49.15
1503093,41678.0,12146.216229185662,38.59
1503101,34127.0,9778.650335511471,59.23
1503200,39234.0,10592.368863740634,41.96
1503309,63367.0,10896.996859564126,45.75
1503408,12009.0,14533.266716629194,30.45
1503457,67170.0,9299.478934047938,47.23
1503507,32639.0,8508.19571678054,52.98
1503606,101541.0,30306.41809712333,17.86
1503705,53439.0,15745.24223881435,29.64
1503754,6952.0,89952.96317606444,30.03
1503804,60517.0,10165.55678569658,44.77
1503903,59961.0,24196.49438801888,23.29
1504000,29623.0,16970.7659588833,27.48
1504059,30389.0,11186.514857349699,46.6
1504109,8598.0,11435.101186322401,44.75
1504208,287664.0,46997.62570220813,11.72
1504307,29559.0,9796.745492066713,54.27
1504406,28563.0,9218.009312747261,55.1
1504422,135812.0,18975.650163461254,28.95
1504455,32347.0,31645.74767366371,14.76
1504505,28121.0,7696.063440133708,71.78
1504604,31917.0,14148.134223141273,40.42
1504703,84251.0,15823.040676075061,30.59
1504752,16282.0,17712.38177128117,31.83
1504802,58289.0,13839.352193381255,35.41
1504901,41454.0,8163.024074878178,53.53
1504950,21519.0,16292.253357498024,29.84
1504976,17027.0,11300.405238738475,43.79
1505007,15646.0,9417.167327112362,49.48
1505031,25769.0,37685.009119484654,17.44
1505064,78488.0,14220.823565385792,34.89
1505106,52473.0,18396.489623234807,26.74
1505205,33182.0,12616.29799288771,40.7
1505304,74921.0,30397.218403384897,19.12
1505403,18079.0,11089.496100448034,38.52
1505437,33831.0,38485.23543495611,15.7
1505486,49110.0,17654.97861942578,28.19
1505494,7575.0,13026.138613861385,39.06
1505502,115838.0,36940.42542170963,14.48
1505536,218787.0,227418.69946569038,3.72
1505551,5339.0,21492.03970781045,32.56
1505601,8084.0,8936.170212765957,52.81
1505635,12976.0,22546.70160295931,24.29
1505650,32325.0,9991.554524361949,44.23
1505700,32007.0,8588.83994126285,54.1
1505809,63831.0,14803.152073443938,34.52
1505908,42456.0,9518.442622950819,54.62
1506005,29827.0,14672.846749589298,34.71
1506104,10889.0,29531.637432271098,22.0
1506112,13794.0,8753.516021458605,51.7
1506138,86326.0,29557.329193985588,18.39
1506161,18208.0,33042.34402460457,17.74
1506187,53242.0,13777.656737162391,34.39
1506195,52473.0,9461.685057076973,43.63
1506203,41164.0,15583.34952871441,32.73
1506302,24392.0,8614.094785175468,54.78
1506351,21811.0,11016.826372014122,46.95
1506401,10496.0,9140.243902439024,49.48
1506500,72856.0,12827.261996266609,36.59
1506559,19839.0,9874.43923584858,53.77
1506583,22244.0,48192.321524905594,10.12
1506609,25127.0,14782.385481752697,30.16
1506708,75995.0,18178.38015658925,24.24
1506807,308339.0,20716.270079360704,24.18
1506906,6796.0,8822.984108298999,62.87
1507003,32346.0,14691.955728683608,33.55
1507102,18207.0,10050.36524413687,47.73
1507151,25945.0,13825.823858161495,36.95
1507201,32285.0,13566.671829022765,37.13
1507300,135732.0,14796.577078360298,26.16
1507409,15978.0,16534.359744648893,30.46
1507458,24566.0,28914.841651062445,21.43
1507466,6294.0,9108.039402605657,56.18
1507474,23440.0,7761.9027303754265,59.05
1507508,14105.0,13236.08649415101,40.74
1507607,60268.0,13149.764385743678,36.72
1507706,27302.0,8962.273826093326,55.93
1507755,6088.0,23167.706964520366,30.33
1507805,11305.0,21762.229102167184,32.29
1507904,25752.0,9379.65983224604,49.66
1507953,111554.0,11573.022930598634,37.61
1507961,11971.0,6926.656085540055,67.66
1507979,19063.0,27239.04946755495,19.99
1508001,64604.0,16093.755804594142,35.86
1508035,31549.0,9033.693619449112,51.08
1508050,19344.0,16921.52605459057,29.02
1508084,40661.0,24200.978824918227,21.08
1508100,116605.0,48136.31490930921,10.8
1508126,62286.0,32037.10304081174,12.38
1508159,45395.0,17050.42405551272,29.69
1508209,54650.0,8718.15187557182,46.08
1508308,62093.0,9951.9108434123,45.97
1508357,15421.0,274315.8679722456,3.34
1508407,45416.0,35325.36991368681,18.6
1600055,5577.0,16521.247982786444,73.02
1600105,9265.0,17218.34862385321,61.4
1600154,17625.0,25721.021276595744,48.45
1600204,11493.0,16257.896110676063,63.67
1600212,6217.0,15279.39520669133,64.61
1600238,8151.0,71001.96294933137,17.7
1600253,5730.0,15336.474694589879,72.7
1600279,52302.0,21692.17238346526,47.66
1600303,522357.0,24768.675446102952,42.25
1600402,22468.0,16689.82552964216,66.59
1600501,28534.0,18540.79343940562,60.28
1600535,22927.0,16324.202904871985,65.41
1600550,5370.0,15750.279329608938,66.88
1600600,124808.0,20134.254214473433,53.02
1600709,18217.0,14331.119284185103,69.83
1600808,16572.0,14295.015689114169,75.52
1700251,2609.0,42980.06899195094,20.99
1700301,7049.0,23475.670307845085,37.58
1700350,5303.0,116268.33867622101,7.31
1700400,6905.0,39643.881245474295,19.46
1700707,8381.0,56569.74108101658,16.01
1701002,9435.0,16933.65129835718,46.12
1701051,3475.0,13892.374100719424,61.25
1701101,4901.0,52216.2823913487,16.65
1701309,5705.0,17255.21472392638,44.4
1701903,7223.0,33261.248788592,23.41
1702000,8418.0,41464.71846044191,19.27
1702109,186245.0,28129.882681414267,29.71
1702158,5856.0,17393.784153005465,45.64
1702208,36573.0,14472.151587236485,48.98
1702307,6590.0,49244.76479514416,15.41
1702406,10502.0,21263.56884402971,36.09
1702554,18870.0,16169.475357710651,46.68
1702703,3809.0,15438.697820950381,50.01
1702901,9817.0,14372.211469899155,60.4
1703008,10668.0,14880.108736407949,48.91
1703057,3631.0,49202.42357477279,18.07
1703073,4673.0,24237.10678365076,32.37
1703107,5669.0,21523.372728876344,39.59
1703206,4439.0,23132.236990313133,37.77
1703305,5120.0,27228.515625,27.82
1703602,2221.0,34054.02971634399,32.72
1703701,5540.0,49268.05054151625,16.6
1703800,11644.0,13881.913431810375,52.91
1703826,2293.0,25532.92629742695,36.86
1703842,10505.0,95662.16087577344,8.31
1703867,4499.0,115073.34963325184,10.91
1703883,2627.0,26350.20936429387,39.74
1703891,4165.0,12139.495798319327,65.64
1703909,5514.0,70637.10554951034,11.69
1704105,2966.0,21765.677680377612,39.33
1704600,1415.0,28144.16961130742,36.34
1705102,3330.0,44736.636636636635,19.55
1705508,36271.0,23769.374982768604,34.18
1705557,4870.0,15713.34702258727,50.9
1705607,4070.0,16665.601965601967,51.93
1706001,5690.0,35759.7539543058,24.23
1706100,7268.0,24393.780957622454,31.8
1706258,1749.0,44965.694682675814,24.55
1706506,6250.0,38709.12,20.87
1707009,22704.0,28401.559196617338,26.09
1707108,6986.0,35676.35270541082,23.46
1707207,7173.0,30133.69580370835,25.61
1707306,4686.0,43697.18309859155,19.58
1707405,11280.0,10525.17730496454,68.13
1707553,3824.0,23300.20920502092,36.38
1707652,5222.0,49167.36882420529,16.43
1707702,8892.0,14543.74718848403,48.77
1708205,18358.0,77025.71086174964,10.05
1708254,2615.0,89062.3326959847,15.52
1708304,5136.0,37675.623052959505,20.91
1709005,13169.0,17535.424102057863,42.47
1709302,26403.0,33344.80930197326,23.98
1709500,88428.0,29950.015832089382,30.89
1709807,2088.0,22879.310344827587,43.25
1710508,7471.0,24931.066791594163,31.97
1710706,5801.0,14240.820548181347,55.82
1710904,3814.0,44971.68327215522,18.58
1711100,2412.0,29013.266998341624,32.39
1711506,3906.0,25055.043522785458,35.03
1711803,2174.0,20420.883164673414,46.64
1711902,13989.0,71373.57924083208,11.5
1711951,4470.0,20006.48769574944,40.26
1712009,3199.0,20132.854016880276,61.43
1712157,1984.0,19087.701612903227,47.27
1712405,3727.0,17797.692514086397,42.59
1712454,3200.0,22243.75,39.8
1712504,5332.0,47323.89347336834,17.54
1712702,2773.0,91006.1305445366,10.53
1712801,3470.0,16112.680115273775,57.98
1713205,17628.0,36419.50306330837,21.19
1713304,13551.0,28804.147295402552,27.6
1713601,8182.0,36212.173062820824,19.39
1713700,2311.0,32455.214192990046,29.45
1713809,6830.0,13961.493411420204,52.93
1713957,3623.0,19173.337013524702,47.03
1714203,9256.0,26722.126188418322,29.53
1714302,3772.0,15413.308589607635,55.51
1714880,12014.0,26661.47827534543,33.46
1715002,4348.0,23209.521619135234,33.53
1715101,4450.0,19038.876404494382,44.04
1715150,2332.0,15231.989708404803,55.86
1715259,2768.0,15416.184971098266,56.41
1715507,1124.0,26217.97153024911,45.67
1715705,6234.0,29731.953801732434,29.19
1715754,7694.0,22110.475695347024,36.06
1716109,52521.0,28820.719331315093,28.65
1716208,10426.0,30251.007097640515,25.95
1716307,4885.0,18663.050153531218,43.04
1716505,13964.0,60775.637353193924,13.43
1716604,11996.0,61181.143714571524,13.18
1716653,5546.0,19402.45221781464,43.14
1716703,8078.0,22628.868531814805,35.29
1717008,4414.0,19258.269143633894,42.67
1717206,3038.0,29605.003291639237,29.58
1717503,7830.0,46221.58365261814,17.46
1717800,4586.0,14426.079372001745,53.86
1717909,8192.0,14791.259765625,52.85
1718006,3200.0,14700.9375,55.77
1718204,53618.0,68063.35558954082,16.13
1718303,8563.0,10876.91229709214,69.2
1718402,3668.0,17765.812431842965,47.83
1718451,2746.0,30103.058994901676,32.21
1718501,4389.0,20843.01663249032,37.95
1718550,4723.0,14511.115816218506,56.7
1718659,2211.0,13180.46132971506,74.53
1718709,2879.0,29846.47447030219,29.16
1718758,6498.0,17150.353955063096,44.0
1718808,4876.0,29914.47908121411,26.59
1718840,3371.0,34629.48679916938,24.76
1718865,7678.0,22913.128418859076,34.0
1718881,3537.0,39476.95787390444,20.11
1718899,2407.0,74895.3053593685,12.77
1718907,4864.0,63257.60690789474,14.3
1719004,2928.0,16426.912568306012,54.08
1720002,2530.0,16573.517786561264,52.11
1720101,5457.0,13485.43155579989,57.52
1720150,1610.0,22696.273291925467,46.72
1720200,12445.0,20555.564483728405,35.98
1720259,3106.0,15926.27173213136,55.05
1720309,4898.0,12618.211514904042,60.37
1720499,3848.0,40731.288981288984,22.05
1720655,5452.0,44080.887747615554,18.12
1720804,8965.0,14820.078081427775,56.39
1720853,2007.0,265258.59491778776,3.63
1720903,16966.0,18758.281268419192,39.99
1720937,2183.0,16145.671094823638,56.42
1720978,2831.0,51821.971034969974,19.35
1721000,313349.0,32977.347941113585,28.03
1721109,7688.0,24892.429760665975,32.0
1721208,22820.0,16329.623137598597,48.62
1721257,1952.0,60880.63524590164,16.57
1721307,2785.0,13866.786355475762,62.88
1722081,11783.0,15566.833573792752,45.49
1722107,11500.0,40958.260869565216,20.2
2100055,113783.0,33647.67144476767,15.28
2100105,6631.0,12826.421354245213,37.45
2100154,12731.0,7983.819024428561,61.44
2100204,22126.0,6723.447527795354,59.58
2100303,26979.0,9244.078727899478,48.81
2100402,8250.0,8668.121212121212,47.52
2100436,28066.0,10800.185277560036,37.71
2100477,31967.0,7874.339162261082,59.23
2100501,11233.0,51541.08430517226,10.28
2100550,7047.0,9961.402015041862,48.75
2100600,42017.0,9249.49425232644,40.42
2100709,27170.0,7641.001104158999,49.47
2100808,16054.0,9287.52958764171,48.38
2100832,17582.0,7618.359686042543,58.09
2100873,15675.0,6489.824561403509,63.25
2100907,47095.0,6004.22550164561,57.95
2100956,32825.0,8844.325971058644,44.03
2101004,30014.0,10436.829479576198,41.68
2101103,12234.0,7963.217263364394,53.85
2101202,105094.0,14411.47924715017,29.02
2101251,17446.0,34350.854063968814,13.97
2101301,18726.0,6561.572145679804,64.82
2101350,5696.0,6950.491573033708,63.0
2101400,96951.0,65057.86428195686,7.49
2101509,19026.0,14114.264690423632,30.51
2101608,88895.0,10002.69981438776,41.57
2101707,63891.0,9949.93035012756,39.35
2101731,7586.0,8003.0319008700235,70.34
2101772,11347.0,9477.659293205252,58.38
2101806,5643.0,12962.962962962964,34.87
2101905,21317.0,6479.054275930009,56.3
2101939,6102.0,17226.155358898723,27.0
2101970,8494.0,7951.495173063339,53.13
2102002,42010.0,9791.76386574625,44.21
2102036,35095.0,10704.231371990312,43.37
2102077,16578.0,7115.454216431415,52.37
2102101,36900.0,8906.043360433605,48.06
2102150,8841.0,8038.117859970592,54.27
2102200,28916.0,9611.253285378338,54.62
2102309,23993.0,9947.60971950152,40.07
2102325,73595.0,10164.114409946327,38.61
2102358,15503.0,7900.019351093337,49.34
2102374,9524.0,6402.141957160857,66.88
2102408,11255.0,6277.47667703243,66.58
2102507,19521.0,6561.036832129502,61.73
2102556,14530.0,14728.90571231934,31.42
2102606,20376.0,7203.965449548488,56.82
2102705,22236.0,6898.632847634467,60.91
2102754,10937.0,25964.706958032366,22.75
2102804,24151.0,21775.205995610948,20.64
2102903,24095.0,8383.4405478315,50.68
2103000,166159.0,12714.55653921846,36.32
2103109,10711.0,7336.663243394641,57.41
2103125,8806.0,6625.82330229389,66.6
2103158,13876.0,7476.001729605074,56.88
2103174,22056.0,9102.14907508161,51.94
2103208,80705.0,11081.91561861099,40.56
2103257,14855.0,12356.782228205991,35.5
2103307,123368.0,13363.14927695999,31.68
2103406,49804.0,9353.847080555779,48.08
2103505,41443.0,13347.754747484496,34.91
2103554,16559.0,8888.761398635183,57.9
2103604,65788.0,8110.582477047486,47.97
2103703,32559.0,8124.819558340244,49.88
2103752,12923.0,14717.403079780237,40.27
2103802,23393.0,11223.656649425042,34.98
2103901,11451.0,7589.206182866125,58.06
2104008,16971.0,9367.627128631195,46.78
2104057,43097.0,26331.786435250713,14.67
2104073,8506.0,13873.030801786974,31.28
2104081,10559.0,9510.1808883417,39.98
2104099,19425.0,10406.640926640926,40.1
2104107,12662.0,27380.745537829727,16.33
2104206,17812.0,8044.969683359533,46.77
2104305,12104.0,219653.66820885657,2.08
2104404,17953.0,8358.547317996992,47.36
2104503,10931.0,8407.647973652915,52.57
2104552,18740.0,20010.032017075773,26.62
2104602,14703.0,8054.546691151466,49.17
2104628,7878.0,9022.594567149023,48.12
2104651,10121.0,8316.569508941804,51.76
2104677,25502.0,10115.755627009647,43.03
2104701,6261.0,8649.257307139434,52.22
2104800,70692.0,16263.976121767668,24.88
2104909,11966.0,7804.863780712018,54.25
2105005,29143.0,6326.150362008029,64.97
2105104,27423.0,6524.559676184225,65.55
2105153,14470.0,25615.272978576366,22.82
2105203,11453.0,10279.22814982974,48.15
2105302,259980.0,29590.368489883836,18.62
2105351,16158.0,6639.7450179477655,59.92
2105401,69233.0,11162.740311701067,38.74
2105427,26134.0,18719.90510446162,22.46
2105450,10464.0,7233.275993883792,56.18
2105476,17123.0,7342.930561233428,55.75
2105500,23677.0,11429.277357773366,42.79
2105609,16228.0,7181.599704214937,51.37
2105658,4334.0,14236.5020766036,40.24
2105708,50959.0,10800.91838536863,36.87
2105807,10900.0,7948.440366972477,60.44
2105906,16369.0,8292.076486040687,53.54
2105922,11280.0,8599.82269503546,48.22
2105948,8841.0,9499.264789051012,43.99
2105963,11534.0,8880.873937922663,49.92
2105989,7653.0,13258.460734352542,37.68
2106003,11943.0,22987.440341622707,24.21
2106102,12271.0,33678.021351153126,12.82
2106201,7016.0,8172.320410490308,54.97
2106300,20228.0,6968.657306703579,53.57
2106326,21773.0,9579.47917145088,39.41
2106359,7757.0,11706.071935026428,43.08
2106375,16754.0,7216.784051569774,52.6
2106409,17122.0,10465.833430673987,49.36
2106508,23591.0,8339.790598109448,50.67
2106607,34099.0,7517.727792603889,55.38
2106631,17316.0,5735.446985446985,69.06
2106672,8502.0,7567.748764996471,52.97
2106706,21045.0,13200.807792824899,29.07
2106755,29121.0,27079.427217471926,16.67
2106805,15059.0,7440.733116408792,53.7
2106904,33888.0,7602.543673276676,54.43
2107001,9064.0,9541.813768755517,41.72
2107100,19708.0,7605.997564440836,58.51
2107209,14826.0,5970.120059355187,70.31
2107258,5469.0,15803.071859572134,31.84
2107308,4682.0,10885.519008970525,46.2
2107357,21228.0,8627.378933484079,52.73
2107407,19616.0,9602.518352365416,49.75
2107456,14968.0,7167.423837520043,58.09
2107506,125265.0,9901.800183610745,40.6
2107605,19840.0,7011.038306451613,60.3
2107704,21571.0,8499.976820731537,45.75
2107803,35108.0,9198.558733052296,45.53
2107902,19253.0,10392.562198098998,39.85
2108009,19693.0,15716.193571319758,31.77
2108058,16295.0,7261.491254986192,64.52
2108108,21092.0,9204.437701498198,49.26
2108207,39153.0,20117.487804255103,20.87
2108256,25560.0,6176.173708920188,65.4
2108306,38987.0,6508.220688947598,58.68
2108405,14371.0,6675.666272354047,61.33
2108454,23530.0,9792.902677433065,47.18
2108504,33186.0,8924.968360151872,50.78
2108603,84160.0,12356.618346007604,33.51
2108702,21274.0,8993.46620287675,50.32
2108801,18814.0,6950.356117784629,63.84
2108900,17321.0,9414.929853934531,47.45
2109007,24294.0,42235.77838149337,12.45
2109056,5936.0,7725.067385444744,56.85
2109106,48264.0,15657.612299022045,27.04
2109205,12939.0,6529.020789860113,59.49
2109239,7124.0,8517.967434025828,49.53
2109270,19217.0,8584.482489462454,57.58
2109304,11328.0,6723.693502824859,70.19
2109403,15545.0,5730.6529430685105,68.46
2109452,31586.0,9059.48838092826,44.18
2109502,20288.0,33182.02878548896,14.05
2109551,7859.0,15802.51940450439,28.36
2109601,43243.0,10248.502647827394,40.27
2109700,5686.0,83486.28209637706,5.78
2109759,7878.0,7641.914191419142,54.5
2109809,42829.0,8357.678208690373,53.64
2109908,89927.0,16301.36666407197,28.57
2110005,73105.0,10169.208672457424,42.76
2110039,25487.0,9939.65551065249,38.3
2110104,25884.0,8439.383402874362,54.07
2110203,38732.0,9156.020861303316,45.69
2110237,13704.0,5406.4506713368355,65.5
2110278,16219.0,5914.791294161169,65.03
2110302,14516.0,210494.2821713971,3.22
2110401,18769.0,7642.229207736161,62.77
2110500,45989.0,6787.710104590228,58.19
2110609,28825.0,9754.622723330442,45.96
2110658,7448.0,43034.64017185822,11.74
2110708,34391.0,10349.102962984502,39.54
2110807,4540.0,18977.533039647577,26.5
2110856,12082.0,10035.83843734481,42.49
2110906,12226.0,8095.288728938328,54.45
2111003,20736.0,6539.110725308642,58.4
2111029,15768.0,7800.989345509894,58.77
2111052,11207.0,13514.589096100652,32.64
2111078,18746.0,8340.979408940573,57.39
2111102,26063.0,13082.530790776196,32.2
2111201,180345.0,12718.594915301228,31.01
2111250,7639.0,8108.391150674172,50.93
2111300,1115932.0,32738.312011843016,13.71
2111409,18600.0,9142.36559139785,49.28
2111508,41750.0,10281.005988023951,37.86
2111532,12779.0,9985.36661710619,51.44
2111573,4700.0,17774.68085106383,28.68
2111607,19090.0,38743.89732844421,12.45
2111631,5028.0,8742.044550517105,59.77
2111672,6856.0,6675.320886814469,64.9
2111706,22452.0,6491.715660074827,56.84
2111722,14274.0,6520.666946896455,63.27
2111748,11285.0,9023.482498892336,49.46
2111763,13981.0,13384.593376725556,40.81
2111789,10343.0,7003.867349898482,67.29
2111805,18237.0,12145.583155124197,39.22
2111904,10631.0,11872.54256419904,36.46
2111953,5692.0,8432.712579058327,51.76
2112001,8642.0,272092.3397361722,2.23
2112100,29241.0,6714.442050545467,61.23
2112209,171317.0,13546.063729810818,32.58
2112233,22223.0,23646.672366467174,20.46
2112274,5868.0,10233.299250170416,62.49
2112308,42242.0,8645.23460063444,46.3
2112407,35811.0,8263.2710619642,45.75
2112456,26112.0,8542.700674019608,49.07
2112506,59927.0,9113.67163382115,49.44
2112605,33791.0,7323.991595395223,57.25
2112704,57813.0,7497.846505111307,58.12
2112803,52852.0,9492.734428214637,41.52
2112852,13800.0,11370.579710144928,37.42
2112902,32956.0,9654.175263988349,46.12
2113009,31520.0,10327.062182741116,42.88
2114007,52190.0,10865.491473462349,41.74
2200053,7119.0,10341.761483354403,52.58
2200103,5123.0,9229.552996291235,56.35
2200202,17525.0,13924.507845934379,42.29
2200251,7678.0,8523.31336285491,57.69
2200277,4921.0,9791.505791505791,55.7
2200301,14371.0,9112.65743511238,57.52
2200400,40681.0,13228.288390157568,44.43
2200459,5469.0,15016.456390565003,39.76
2200509,17609.0,10937.247998182747,49.91
2200608,6779.0,9846.437527658947,50.3
2200707,9994.0,9861.116670002,54.6
2200806,3175.0,44143.93700787402,14.73
2200905,5819.0,9847.91201237326,56.95
2200954,2551.0,9655.037240297923,64.25
2201002,4713.0,10380.224909823892,61.35
2201051,7879.0,8156.618860261455,65.19
2201101,11361.0,8590.96910483232,60.71
2201150,11751.0,150515.2752957195,5.15
2201176,3953.0,9856.564634454844,63.54
2201200,47298.0,10523.531650386909,52.69
2201309,3356.0,48620.97735399285,13.15
2201408,7022.0,12844.20393050413,43.44
2201507,26951.0,9306.036881748358,57.99
2201556,4044.0,11591.493570722057,51.94
2201572,3607.0,11439.977820903798,54.47
2201606,10479.0,8769.729936062602,61.13
2201705,5512.0,13147.859216255443,47.16
2201739,6214.0,10069.198583842935,65.13
2201770,6848.0,9127.77453271028,61.38
2201804,4509.0,10594.810379241517,55.12
2201903,25584.0,55151.85272045028,11.35
2201919,5670.0,12374.955908289241,51.23
2201929,5700.0,9288.59649122807,61.48
2201945,6443.0,8028.092503492162,66.58
2201960,8364.0,8288.498326159732,63.25
2201988,3824.0,11500.784518828452,57.76
2202000,19832.0,10830.627269060105,50.02
2202026,8282.0,8414.634146341463,63.76
2202059,10671.0,8072.345609596102,62.91
2202075,3586.0,9532.06915783603,66.7
2202083,7704.0,14976.505711318796,38.91
2202091,5786.0,33715.693052194954,17.92
2202109,5628.0,10216.41791044776,55.79
2202117,5093.0,10078.146475554682,61.03
2202133,5987.0,10378.987806914982,54.74
2202174,7342.0,7702.8057749931895,70.09
2202208,46950.0,15044.174653887114,39.33
2202251,3938.0,10652.107668867446,60.69
2202307,21326.0,12726.343430554252,41.95
2202406,11471.0,9276.523406852062,58.39
2202455,4127.0,10582.020838381392,63.15
2202505,11009.0,8855.027704605323,64.68
2202539,5910.0,9718.612521150591,60.31
2202554,5102.0,9806.350450803606,58.46
2202604,19716.0,10260.904848853723,51.69
2202653,5477.0,9703.122147160855,62.86
2202703,27901.0,9776.531307121608,53.23
2202711,4908.0,9568.255908720457,65.91
2202729,6180.0,9217.15210355987,62.26
2202737,4044.0,9324.431256181999,65.47
2202752,6545.0,10780.748663101604,52.09
2202778,7665.0,8885.97521200261,61.02
2202802,4811.0,12564.123882768656,44.7
2202851,4688.0,8696.672354948805,63.84
2202901,26771.0,25428.149863658437,21.67
2203008,8350.0,8990.299401197604,56.49
2203107,10464.0,11608.180428134556,49.96
2203206,11461.0,12290.463310356863,44.71
2203230,4982.0,82098.15335206744,7.76
2203255,4475.0,8862.569832402234,61.32
2203271,5390.0,14548.051948051949,48.82
2203305,13862.0,15570.191891501947,41.02
2203354,7046.0,9578.910019869429,62.42
2203404,6940.0,11246.829971181556,49.6
2203420,4352.0,10692.095588235294,56.27
2203453,9574.0,17165.970336327555,33.33
2203503,14550.0,11322.680412371134,46.45
2203602,4943.0,11246.611369613594,49.05
2203701,39953.0,11428.803844517308,46.87
2203750,5330.0,8775.609756097561,66.38
2203800,4461.0,10786.819098856759,57.8
2203859,2561.0,9862.553689964858,62.43
2203909,60111.0,22886.060787543047,24.26
2204006,5345.0,8381.103835360149,64.05
2204105,4300.0,10875.116279069767,58.37
2204154,3216.0,9534.203980099503,66.61
2204204,9423.0,8813.859704977183,56.55
2204303,11690.0,10679.041916167665,47.15
2204352,5477.0,10827.460288479095,48.47
2204402,10698.0,38969.90091605908,16.12
2204501,10496.0,60709.79420731707,9.61
2204550,4573.0,9862.016181937459,66.13
2204600,3880.0,8779.896907216495,63.55
2204659,9487.0,12620.111731843575,43.97
2204709,15330.0,10675.081539465102,49.75
2204808,9863.0,8357.294940687418,59.24
2204907,8582.0,9414.821719878817,57.58
2205003,11571.0,9351.222884798202,53.24
2205102,11037.0,11946.996466431096,49.61
2205151,5718.0,12079.923050017489,51.67
2205201,19233.0,9971.039359434306,50.37
2205250,4522.0,8764.484741264927,66.72
2205276,4885.0,12027.021494370521,52.87
2205300,4443.0,14299.57236101733,44.09
2205359,3003.0,23073.260073260073,29.46
2205409,14396.0,8259.099749930536,62.12
2205458,5488.0,8423.104956268222,67.81
2205508,39457.0,9902.856273918444,51.01
2205516,5491.0,10189.036605354217,56.68
2205524,5653.0,13926.941447019282,42.61
2205532,4790.0,9095.198329853862,66.85
2205540,2870.0,14118.118466898955,42.42
2205557,8610.0,8980.255516840884,64.29
2205565,4658.0,115398.23958780593,6.85
2205573,6795.0,8091.243561442237,70.52
2205581,4086.0,18270.43563387176,36.14
2205599,5219.0,9311.170722360606,56.83
2205607,5272.0,20826.820940819423,29.47
2205706,30558.0,12390.601479154395,45.19
2205805,25521.0,9452.842756945261,55.22
2205854,8372.0,8975.274725274725,69.1
2205904,5352.0,10240.470852017937,52.83
2205953,8590.0,23092.316647264262,25.36
2206001,4546.0,12073.03123625165,53.72
2206050,6456.0,8074.659231722429,67.17
2206100,10979.0,8703.61599417069,63.4
2206209,33901.0,9227.928379693814,61.48
2206308,1239.0,19062.146892655368,56.53
2206357,6603.0,8111.918824776617,65.14
2206407,10563.0,12060.4941777904,47.57
2206506,7785.0,9361.849710982659,54.14
2206605,10618.0,28073.931060463365,23.17
2206654,4527.0,8647.890435166777,67.11
2206670,6825.0,9150.18315018315,66.59
2206696,9258.0,8091.272413048175,66.46
2206704,7307.0,9175.721910496784,61.92
2206720,8632.0,10993.74420759963,57.1
2206753,4911.0,9750.559967420077,64.6
2206803,8751.0,8975.774197234601,68.47
2206902,6548.0,8884.544899205865,59.58
2206951,3014.0,10363.968148639682,58.38
2207009,37138.0,15739.081264473047,35.64
2207108,2477.0,11599.111828825191,54.01
2207207,6879.0,10745.602558511411,54.84
2207306,4124.0,10729.873908826383,52.96
2207355,3416.0,15392.564402810305,41.16
2207405,5029.0,28128.256114535692,18.68
2207504,14633.0,9487.733205767785,58.93
2207553,3931.0,11253.370643602137,67.85
2207603,10846.0,10991.702009957588,49.3
2207702,153863.0,19328.39604063355,27.62
2207751,4331.0,11257.908104363889,54.08
2207777,6420.0,10066.978193146417,52.91
2207793,4084.0,8230.411361410383,66.65
2207801,20583.0,13009.473837632999,43.7
2207850,3662.0,10293.009284543965,54.99
2207900,38812.0,9953.828712769247,53.73
2207934,2551.0,12278.322226577813,55.94
2207959,4392.0,10002.504553734061,63.1
2208007,78627.0,24695.82967682857,22.93
2208106,12150.0,8804.609053497943,54.88
2208205,18492.0,10953.709712308026,49.61
2208304,28952.0,12555.9201436861,43.36
2208403,63829.0,14371.147910824233,38.43
2208502,12646.0,9374.268543412936,57.82
2208551,2728.0,14373.900293255132,48.58
2208601,3149.0,8759.606224198158,62.13
2208650,9041.0,28018.36080079637,19.28
2208700,8814.0,11110.732924892216,52.24
2208809,17979.0,14712.553534679348,33.77
2208858,4306.0,10747.561542034371,58.77
2208874,4499.0,48319.62658368526,13.32
2208908,7408.0,93932.91036717063,6.5
2209005,6434.0,9557.196145477152,56.52
2209104,6254.0,9755.67636712504,56.81
2209153,4046.0,11239.00148294612,53.64
2209203,6256.0,98329.28388746803,7.09
2209302,5903.0,10581.907504658648,50.28
2209351,4650.0,8775.698924731183,61.52
2209377,5254.0,9559.954320517701,54.76
2209401,6466.0,11138.416331580574,49.07
2209450,2172.0,8310.773480662983,76.29
2209500,3809.0,10600.420057757941,57.01
2209559,4454.0,8861.921867983834,61.98
2209609,2923.0,10987.341772151898,58.65
2209658,5801.0,9575.073263230477,59.85
2209708,6417.0,9101.760947483248,62.96
2209757,3071.0,17781.504395962227,50.8
2209807,5044.0,11248.017446471054,47.48
2209856,4619.0,10677.852348993289,58.07
2209872,6084.0,10013.97107166338,60.54
2209906,6106.0,9781.035047494268,56.44
2209955,4856.0,7546.9522240527185,71.36
2209971,8085.0,8439.703153988869,69.18
2210003,20720.0,20605.791505791505,26.89
2210052,5361.0,11892.184293975004,47.04
2210102,3737.0,11462.938185710464,58.75
2210201,6696.0,10168.458781362007,52.63
2210300,6379.0,9334.535193604013,56.15
2210359,4581.0,9891.72669722768,65.56
2210375,2648.0,9566.842900302116,64.42
2210383,2456.0,11104.234527687297,64.41
2210391,3037.0,15628.580836351663,42.8
2210409,17617.0,9273.883181018335,61.34
2210508,14356.0,9392.309835608805,57.62
2210607,35035.0,16163.693449407736,34.67
2210623,3434.0,13602.795573675014,53.94
2210631,4311.0,59247.970308513104,12.11
2210656,10074.0,7758.685725630336,65.01
2210706,14664.0,29630.728314238953,20.98
2210805,12778.0,14314.603224291752,42.0
2210904,4557.0,9011.849901250824,61.63
2210938,6801.0,11308.337009263343,46.81
2210953,2939.0,10339.571282749235,65.1
2210979,2781.0,11931.319669183747,55.1
2211001,871126.0,27498.330895874995,22.11
2211100,44649.0,9414.992497032408,53.17
2211209,21746.0,130137.91042030718,5.4
2211308,20940.0,13834.670487106017,38.54
2211357,4930.0,9034.685598377282,64.72
2211407,4382.0,9355.5454130534,57.91
2211506,3082.0,10083.711875405581,58.3
2211605,2935.0,12618.39863713799,52.05
2211704,4479.0,8485.822728287565,64.24
2300101,11965.0,9859.674049310488,50.49
2300150,15140.0,11888.639365918098,40.34
2300200,63556.0,16052.001384605703,27.86
2300309,54687.0,10322.745807961674,36.22
2300408,17584.0,8621.246587807098,51.34
2300507,11846.0,8289.886881647813,58.13
2300606,7712.0,9680.238589211618,56.54
2300705,16077.0,14447.22274056105,36.75
2300754,44195.0,15057.630953727798,31.81
2300804,7402.0,10666.441502296677,53.87
2300903,14742.0,8206.349206349207,53.95
2301000,81581.0,47246.30735097633,15.24
2301109,75392.0,22631.406515280134,19.12
2301208,26600.0,10015.864661654135,46.75
2301257,10983.0,9722.662296276063,54.17
2301307,21707.0,9581.333210485098,53.61
2301406,11759.0,12896.079598605324,39.9
2301505,7848.0,8948.012232415902,50.38
2301604,23537.0,10080.25661724094,43.01
2301703,24567.0,8824.520698497985,48.84
2301802,6318.0,10690.250079138968,52.9
2301851,18313.0,14199.257358160869,34.98
2301901,61662.0,21815.78605948558,23.81
2301950,22715.0,10566.409861325115,46.82
2302008,22834.0,10599.413155820268,41.79
2302057,15069.0,8848.297829982082,57.42
2302107,36127.0,12408.226534171119,36.1
2302206,54315.0,19497.486882076773,22.55
2302305,32851.0,9809.259992085477,45.64
2302404,54680.0,9861.338697878566,42.67
2302503,50195.0,16277.198924195636,30.57
2302602,64147.0,13087.128002868412,32.69
2302701,27513.0,10626.140370006906,42.02
2302800,77484.0,11761.860513138196,40.45
2302909,17830.0,9916.376892877173,49.95
2303006,23011.0,8090.435009343358,51.42
2303105,18470.0,10455.062263129399,43.26
2303204,27008.0,9372.297097156397,50.62
2303303,18700.0,9678.288770053476,43.16
2303402,17763.0,9388.729381298204,53.76
2303501,72706.0,14777.006024262097,32.11
2303600,21041.0,7324.176607575686,57.04
2303659,10410.0,10766.666666666666,54.25
2303709,368918.0,28252.08040811237,16.11
2303808,25612.0,9656.606278307043,44.96
2303907,13112.0,8413.514338010982,57.47
2303931,13608.0,13153.218694885361,36.36
2303956,20286.0,12830.17844819087,42.65
2304004,23340.0,9643.958868894602,50.19
2304103,75241.0,12661.30168392233,34.65
2304202,133913.0,13976.14122601988,30.33
2304236,18201.0,12331.025767814956,38.1
2304251,25121.0,14835.436487400979,38.06
2304269,9698.0,10402.45411425036,46.23
2304277,7254.0,11123.51805900193,47.32
2304285,55035.0,65004.03379667484,13.11
2304301,19330.0,10462.907397827212,47.11
2304350,24680.0,12356.442463533225,37.07
2304400,2703391.0,27165.045307911434,16.83
2304459,16776.0,18625.41726275632,24.85
2304509,14195.0,19437.900669249735,28.92
2304608,7767.0,11196.472254409682,52.65
2304657,14415.0,8998.335067637878,59.35
2304707,55170.0,8508.374116367591,49.54
2304806,4784.0,10730.978260869566,55.24
2304905,11219.0,9872.091986808093,51.9
2304954,26508.0,8751.81077410593,52.85
2305001,40921.0,16353.681483834705,28.1
2305100,5073.0,15847.821801695249,40.04
2305209,20126.0,9193.332008347412,46.51
2305233,69688.0,30375.129147055446,17.6
2305266,13385.0,9881.583862532685,52.3
2305308,25165.0,13850.188754222134,34.85
2305332,12730.0,9815.475255302435,53.41
2305357,20183.0,20364.71287717386,27.9
2305407,68303.0,10797.31490564104,40.0
2305506,103633.0,18380.390416180173,25.84
2305605,26196.0,11712.055275614597,33.88
2305654,11597.0,9841.079589549021,47.55
2305704,12507.0,11469.656992084432,41.45
2305803,42148.0,12333.799943057797,36.06
2305902,38064.0,8620.087221521648,53.55
2306009,14351.0,13607.553480593688,41.14
2306108,24450.0,9009.979550102249,51.25
2306207,7904.0,10482.667004048582,52.07
2306256,38661.0,32560.6166420941,19.08
2306306,53448.0,11124.476126328394,37.77
2306405,131687.0,13547.328134136247,32.59
2306504,20653.0,8246.453299762747,56.95
2306553,42595.0,18001.784246977346,25.28
2306603,22018.0,7903.942229085294,58.04
2306702,18133.0,12498.979760657365,36.34
2306801,11580.0,13298.963730569949,43.0
2306900,34592.0,16222.681544865865,30.26
2307007,33960.0,16694.964664310955,30.28
2307106,27187.0,10819.656453452017,45.78
2307205,8150.0,15917.668711656443,34.2
2307254,20351.0,27106.18642818535,23.95
2307304,278264.0,18381.05540062674,23.35
2307403,24949.0,12801.03410958355,38.35
2307502,31476.0,10906.849663235482,39.48
2307601,60232.0,23631.39195112233,19.96
2307635,20031.0,8728.021566571813,53.33
2307650,230986.0,53408.938204047,11.21
2307700,131677.0,12527.077621756267,34.03
2307809,27822.0,14052.512400258787,38.06
2307908,11407.0,8444.551591128255,58.44
2308005,39341.0,9626.54736788592,45.02
2308104,48370.0,10698.697539797395,42.63
2308203,15309.0,8445.554902345026,58.49
2308302,27413.0,10477.620107248385,42.71
2308351,13129.0,14874.704851854673,32.19
2308377,13965.0,8062.943071965628,60.85
2308401,35566.0,14506.466850362705,33.03
2308500,43917.0,10174.80702233759,41.95
2308609,17264.0,9308.329471733086,53.06
2308708,61590.0,20731.677220327976,22.64
2308807,8833.0,8555.98324465074,53.08
2308906,22830.0,8462.724485326326,52.02
2309003,14561.0,9016.688414257262,53.12
2309102,11056.0,11197.63024602026,45.81
2309201,15798.0,10341.878718825168,47.92
2309300,32487.0,10371.22541324222,45.88
2309409,28737.0,9854.368932038835,46.41
2309458,25958.0,10972.956314045767,41.53
2309508,21342.0,10256.72383094368,47.04
2309607,74145.0,18349.65270753254,23.35
2309706,85647.0,14421.707707216832,28.21
2309805,12313.0,12049.541135385365,38.51
2309904,6565.0,9130.23610053313,56.77
2310001,9458.0,10443.32839923874,47.26
2310100,13553.0,8494.355493248728,51.53
2310209,35526.0,15648.567246523673,32.73
2310258,33232.0,16102.822580645161,29.01
2310308,31391.0,9196.553152177376,47.21
2310407,12276.0,9034.538937764744,52.63
2310506,43359.0,8992.688945778269,52.85
2310605,9207.0,13268.38275225372,43.91
2310704,38045.0,12741.753187015376,39.75
2310803,16356.0,34273.110785033015,15.51
2310852,20964.0,13110.665903453539,42.5
2310902,17210.0,9418.477629285298,49.95
2310951,11052.0,7621.245023525154,53.52
2311009,12358.0,8852.72697847548,55.08
2311108,14920.0,12491.621983914209,42.09
2311207,11165.0,9903.269144648455,46.78
2311231,6455.0,14998.605731990705,40.71
2311264,21246.0,8694.3424644639,51.34
2311306,88899.0,12484.60612605316,35.37
2311355,16116.0,12336.80814097791,38.22
2311405,82455.0,17008.804802619612,25.0
2311504,22432.0,28397.601640513552,18.13
2311603,29238.0,14018.298105205555,34.17
2311702,18279.0,10433.284096504185,44.98
2311801,79550.0,14563.45694531741,32.03
2311900,15757.0,10779.716951196293,44.37
2311959,16714.0,9529.974871365323,56.61
2312007,32851.0,8525.524337158686,50.62
2312106,17726.0,8985.50152318628,54.44
2312205,43719.0,14495.070793019053,33.39
2312304,48354.0,12970.591884849237,33.32
2312403,49306.0,174927.73698941304,4.43
2312502,7557.0,14277.888050813815,33.83
2312601,13086.0,10171.86305975852,46.56
2312700,25418.0,13859.154929577464,32.59
2312809,7758.0,8090.487238979118,56.65
2312908,212437.0,25396.37633745534,19.94
2313005,18389.0,16492.68584479852,30.3
2313104,32079.0,14046.3543127903,30.8
2313203,26199.0,10773.197450284362,43.2
2313252,8555.0,10015.429573348918,50.91
2313302,59259.0,12012.28505374711,34.09
2313351,19551.0,7006.700424530714,62.56
2313401,77111.0,22470.07560529626,21.42
2313500,56653.0,19683.759024235256,24.15
2313559,16588.0,8324.029418857004,57.62
2313609,35295.0,18190.84856211928,25.28
2313708,7740.0,8971.70542635659,52.33
2313757,19976.0,8650.230276331598,50.81
2313807,22223.0,13475.858344957927,35.26
2313906,13988.0,21318.773234200744,22.97
2313955,18520.0,20292.602591792656,24.91
2314003,41078.0,11395.418472174886,39.04
2314102,61916.0,9744.185670908973,44.38
2400109,11106.0,12785.161174140105,48.29
2400208,58743.0,24982.75539213183,24.19
2400307,11024.0,12541.908563134979,55.35
2400406,3293.0,10492.559975706043,66.66
2400505,13529.0,11145.61312735605,51.7
2400604,4685.0,10685.37886872999,62.61
2400703,14923.0,41300.14072237486,18.94
2400802,11695.0,15405.130397605815,43.9
2400901,7162.0,9148.980731639207,65.25
2401008,35904.0,19763.424688057043,29.28
2401107,28156.0,33242.22190652081,20.56
2401206,14526.0,26616.48079306072,27.45
2401305,9686.0,10876.935783605204,55.18
2401404,9373.0,34677.264483089726,19.17
2401453,29112.0,25638.740038472108,28.49
2401503,3989.0,11497.618450739534,68.79
2401602,5552.0,15927.413544668589,44.92
2401651,2171.0,132000.92123445417,8.52
2401701,10323.0,10591.494720526978,57.15
2401800,12873.0,10833.760584168414,57.9
2401859,6572.0,17068.776628119293,42.39
2401909,3745.0,16143.124165554073,49.25
2402006,68726.0,20295.63774990542,32.29
2402105,11363.0,9413.44715304057,71.04
2402204,34814.0,17397.3975986672,35.57
2402303,20588.0,18149.26170584807,35.7
2402402,8297.0,14266.843437387008,45.75
2402501,10972.0,19226.02989427634,33.94
2402600,74268.0,13494.277481553294,46.34
2402709,11182.0,12556.787694509032,53.59
2402808,5501.0,9544.810034539174,68.01
2402907,4918.0,9793.818625457503,70.97
2403004,7968.0,15454.442771084337,42.9
2403103,45022.0,17862.911465505753,35.23
2403202,7068.0,11114.176570458405,63.97
2403251,272490.0,25121.501706484643,27.29
2403301,5697.0,10934.17588204318,64.3
2403400,6064.0,13518.469656992085,53.4
2403509,10463.0,9326.579374940266,66.95
2403608,29282.0,19480.158459121645,37.26
2403707,6009.0,28927.442170078215,25.12
2403756,3081.0,12680.62317429406,63.34
2403806,9772.0,12330.33155955792,50.05
2403905,2801.0,11695.108889682257,65.59
2404002,4015.0,11185.803237858032,58.69
2404101,2903.0,56016.534619359285,17.12
2404200,27004.0,20240.334765219966,35.78
2404309,13115.0,29451.69653069005,22.51
2404408,10541.0,15018.309458305663,46.35
2404507,16261.0,125584.7118873378,9.73
2404606,14033.0,10027.64911280553,64.54
2404705,15759.0,12468.938384415254,46.97
2404804,2264.0,15428.003533568904,58.02
2404853,7641.0,13014.526894385552,49.55
2404903,5916.0,12471.433400946586,52.95
2405009,9341.0,9248.367412482603,64.16
2405108,6907.0,14684.957289706095,58.39
2405207,5228.0,16162.3947972456,44.54
2405306,10367.0,8189.350824732323,69.24
2405405,4935.0,10445.187436676799,68.81
2405504,2600.0,24765.76923076923,36.87
2405603,15044.0,14179.274129220952,45.36
2405702,12397.0,16777.52682100508,37.96
2405801,35360.0,35911.56674208145,18.59
2405900,2653.0,10550.697323784396,72.65
2406007,5941.0,11347.079616226225,59.82
2406106,18335.0,17225.961276247614,36.91
2406155,3945.0,10683.65019011407,70.78
2406205,6851.0,10339.65844402277,64.24
2406304,7624.0,10674.317943336831,61.54
2406403,2732.0,13997.071742313323,60.17
2406502,15880.0,16941.56171284635,41.03
2406601,8348.0,11297.436511739339,61.93
2406700,11410.0,14542.331288343557,46.05
2406809,4768.0,10820.679530201342,68.66
2406908,4053.0,12708.857636318777,52.83
2407005,10175.0,8631.449631449632,70.65
2407104,82828.0,22071.545854059015,27.75
2407203,32260.0,34442.59144451333,17.55
2407252,4102.0,11702.340321794247,64.19
2407302,8325.0,9956.636636636636,59.81
2407401,8790.0,12308.759954493742,52.79
2407500,12714.0,10609.721566776781,58.83
2407609,4665.0,11903.322615219722,57.22
2407708,11166.0,11667.741357692996,56.51
2407807,22698.0,11959.247510793903,53.84
2407906,2063.0,15688.802714493457,67.25
2408003,303792.0,26569.886632959395,24.11
2408102,896708.0,26972.14589364654,23.35
2408201,28266.0,16794.594212127646,39.68
2408300,37554.0,14925.041273898918,43.22
2408409,4231.0,11234.223587804301,58.52
2408508,4813.0,12820.07064201122,52.76
2408607,4298.0,10221.033038622616,70.39
2408706,3732.0,14806.002143622722,51.98
2408805,5307.0,114233.84209534577,6.86
2408904,21611.0,17071.121188283745,36.92
2408953,10961.0,16931.849283824467,43.45
2409100,13667.0,11145.24035999122,58.13
2409209,3114.0,14813.102119460502,55.8
2409308,12861.0,12511.62429049063,47.73
2409332,5689.0,13716.118825804184,51.1
2409407,30802.0,23028.634504252972,28.7
2409506,3163.0,92723.04773948783,12.4
2409605,2419.0,14934.27035965275,67.66
2409704,6591.0,12136.853284782279,66.86
2409803,14881.0,11666.89066594987,60.14
2409902,15411.0,49152.61825968464,13.95
2410009,3900.0,10725.384615384615,63.64
2410108,15646.0,8427.649239422217,67.69
2410207,7944.0,9936.178247734138,60.65
2410256,6605.0,22629.97728993187,31.13
2410306,10646.0,10267.330452752207,61.18
2410405,9825.0,17244.580152671755,39.87
2410504,5158.0,10327.840248158202,51.63
2410603,3214.0,13518.979464841319,60.05
2410702,3648.0,10281.524122807017,68.66
2410801,4194.0,10374.821173104436,68.14
2410900,8310.0,23123.46570397112,29.74
2411007,4457.0,13280.68207314337,58.92
2411056,4173.0,27563.3836568416,35.2
2411106,3584.0,35371.65178571428,22.95
2411205,40295.0,15362.600818960169,40.2
2411403,11808.0,12452.320460704606,55.68
2411429,2699.0,13469.062615783623,59.79
2411502,24422.0,12387.724183113585,51.53
2411601,2687.0,204406.77335318198,5.35
2411700,4541.0,10046.905967848492,69.96
2411809,3606.0,17636.161952301718,44.32
2411908,4281.0,12718.290119131045,59.58
2412005,104919.0,18162.973341339508,35.16
2412104,6221.0,13596.688635267641,46.79
2412203,44566.0,23357.626890454605,29.76
2412302,12901.0,9696.147585458491,66.47
2412401,4696.0,17856.47359454855,40.38
2412500,23789.0,13440.665853966118,48.01
2412559,10441.0,47182.93266928455,16.71
2412609,17858.0,12966.289618098332,49.72
2412708,5889.0,9475.1231108847,67.08
2412807,8183.0,10836.368080166198,55.86
2412906,11051.0,10114.288299701384,66.43
2413003,6476.0,11877.702285361334,57.59
2413102,6167.0,9806.226690449164,68.13
2413201,4527.0,25731.389441130992,28.78
2413300,5739.0,10003.48492768775,62.89
2413359,12225.0,70243.02658486708,10.46
2413409,8105.0,14666.748920419494,41.49
2413508,6128.0,11732.539164490861,63.53
2413557,4832.0,10303.3940397351,62.63
2413607,1743.0,36200.8032128514,37.38
2413706,5600.0,9604.107142857143,69.38
2413805,2606.0,12460.475825019186,65.98
2413904,12314.0,12603.297060256618,49.48
2414001,16008.0,12605.072463768116,51.62
2414100,10923.0,10398.791540785498,60.59
2414159,6085.0,17630.89564502876,43.58
2414209,14694.0,28299.23778412958,26.12
2414308,2427.0,17971.569839307787,49.36
2414407,33716.0,24167.69486297307,27.01
2414456,3195.0,14343.974960876369,62.71
2414506,10485.0,14421.077730090605,45.2
2414605,14937.0,14337.015464952801,45.3
2414704,5529.0,10228.793633568457,65.26
2414753,4232.0,10208.412098298677,72.39
2414803,12789.0,10436.23426382047,60.48
2414902,1731.0,13424.610051993068,66.71
2415008,3217.0,13802.611128380478,58.92
2500106,10375.0,8893.301204819278,65.11
2500205,5622.0,10717.893987904661,56.72
2500304,28384.0,10596.321871476888,53.42
2500403,20992.0,15985.518292682927,32.1
2500502,14629.0,9491.011005536948,60.94
2500536,5527.0,9991.134430975213,63.88
2500577,2588.0,11085.007727975271,70.21
2500601,19865.0,170747.59627485528,5.3
2500700,18020.0,12559.711431742508,48.1
2500734,2264.0,13036.219081272086,62.97
2500775,8482.0,12445.413817495873,46.88
2500809,16857.0,11041.169840422377,54.32
2500908,13613.0,8264.52655549842,63.81
2501005,20610.0,9928.093158660844,59.36
2501104,22493.0,11471.568932556795,47.73
2501153,2105.0,12420.902612826603,68.76
2501203,7054.0,8886.589169265664,67.16
2501302,19081.0,14993.239348042556,38.66
2501351,4067.0,11951.06958446029,56.27
2501401,9197.0,11757.094704795041,52.82
2501500,21220.0,13178.463713477851,41.45
2501534,5033.0,9909.000596065966,65.46
2501575,8338.0,10911.489565843129,56.04
2501609,15607.0,9684.116101749216,57.43
2501708,6095.0,13955.865463494667,45.56
2501807,97519.0,14024.959238712456,41.41
2501906,17733.0,12273.27581345514,47.52
2502003,7356.0,10706.090266449157,59.61
2502052,3571.0,11233.548025763092,66.26
2502102,5248.0,9864.900914634147,60.65
2502151,7218.0,28207.39817123857,24.47
2502201,2588.0,12424.265842349305,58.77
2502300,4937.0,11087.299979744785,56.67
2502409,12126.0,7979.5480785089885,65.52
2502508,17934.0,14513.605442176871,41.89
2502607,6092.0,9992.941562705188,58.59
2502706,5311.0,13051.214460553569,48.39
2502805,14287.0,10328.900398964093,56.1
2502904,6479.0,9958.78993671863,61.78
2503001,22079.0,18873.454413696272,33.79
2503100,5710.0,20452.539404553416,28.0
2503209,69773.0,44969.78774024336,17.38
2503308,10364.0,12074.585102277113,47.1
2503407,3708.0,10576.321467098167,58.99
2503506,17169.0,8986.720251616285,62.77
2503555,7225.0,9308.09688581315,67.3
2503605,7182.0,9161.375661375661,61.67
2503704,62576.0,19685.45448734339,31.01
2503753,3217.0,13099.160708734846,58.88
2503803,6077.0,12329.603422741484,50.67
2503902,6048.0,11881.613756613757,53.83
2504009,413830.0,25009.740714786265,23.55
2504033,6715.0,11299.478778853314,55.8
2504074,4206.0,10061.103185924869,62.89
2504108,2714.0,11426.308032424466,68.54
2504157,7530.0,9312.350597609562,65.53
2504207,4938.0,10752.328878088294,60.1
2504306,30819.0,16444.693208734872,35.25
2504355,4898.0,12620.253164556962,51.81
2504405,19030.0,11011.87598528639,52.47
2504504,6662.0,13602.97208045632,43.23
2504603,25341.0,50282.07253068151,17.3
2504702,4787.0,12934.405682055567,48.9
2504801,15438.0,16202.746469749967,30.12
2504850,1948.0,12379.363449691991,63.87
2504900,17599.0,10896.300926188987,52.78
2505006,7866.0,9785.15128400712,61.52
2505105,20331.0,10867.296247110324,49.75
2505204,6748.0,9901.748666271487,62.9
2505238,6360.0,11675.157232704403,59.52
2505279,5209.0,10695.71894797466,60.08
2505303,2508.0,10706.937799043062,63.42
2505352,5409.0,9311.88759474949,69.55
2505402,8332.0,8751.800288046088,59.4
2505501,3850.0,10262.597402597403,64.25
2505600,6506.0,9149.55425760836,60.56
2505709,10375.0,9062.361445783132,65.0
2505808,3569.0,12652.003362286354,56.16
2505907,3556.0,11738.188976377953,59.62
2506004,33386.0,21261.247229377583,29.24
2506103,11180.0,9443.55992844365,62.17
2506202,2989.0,10154.566744730679,64.92
2506251,8292.0,9207.67004341534,64.67
2506301,59389.0,29952.078667766757,19.27
2506400,14125.0,10718.08849557522,54.28
2506509,3477.0,11048.892723612309,62.38
2506608,5877.0,9871.02263059384,59.93
2506707,11877.0,8290.814178664647,65.46
2506806,18184.0,10748.02023757149,56.68
2506905,24363.0,13825.308870007799,41.86
2507002,24960.0,13710.697115384615,41.98
2507101,18978.0,10898.619454104753,51.76
2507200,11069.0,13955.551540337881,42.06
2507309,14467.0,11438.515241584295,56.68
2507408,7751.0,9877.564185266418,58.27
2507507,825796.0,26478.25492010133,22.91
2507606,8014.0,9143.873221861742,62.7
2507705,18422.0,11439.474541309304,52.44
2507804,7238.0,13375.379939209726,45.62
2507903,10830.0,10861.588180978762,55.13
2508000,9831.0,8902.960024412572,61.42
2508109,4640.0,11069.827586206897,56.56
2508208,7754.0,10796.492133092597,59.02
2508307,27728.0,11198.788228505482,49.37
2508406,2698.0,10958.858413639733,63.0
2508505,7274.0,9648.336541105307,63.43
2508554,4406.0,11066.500226963231,57.98
2508604,13344.0,16701.28896882494,43.45
2508703,3988.0,9703.109327983952,69.06
2508802,5745.0,13916.623150565709,42.18
2508901,45385.0,17795.681392530572,32.81
2509008,10988.0,9248.543866035676,61.76
2509057,8746.0,11903.727418248342,49.42
2509107,21895.0,11075.405343685774,50.61
2509156,6689.0,12281.506951711766,50.01
2509206,14077.0,9277.331817858918,61.9
2509305,8642.0,26599.861143253875,27.0
2509339,4528.0,11950.309187279152,51.71
2509370,2944.0,10841.032608695652,63.37
2509396,6690.0,9261.88340807175,64.51
2509404,13238.0,12432.995920833962,50.06
2509503,5806.0,9542.714433344816,63.53
2509602,4867.0,9897.88370659544,67.19
2509701,33638.0,18921.695701290206,31.4
2509800,9962.0,9892.290704677776,52.06
2509909,10449.0,9152.933295052158,63.07
2510006,7271.0,9104.387291981846,60.42
2510105,10614.0,9405.313736574335,62.54
2510204,5892.0,9839.273591310252,62.98
2510303,5011.0,9800.6385950908,64.77
2510402,6399.0,9691.82684794499,59.68
2510501,3989.0,10946.10177989471,58.67
2510600,3052.0,12572.411533420707,57.68
2510659,1747.0,12333.714939896967,65.44
2510709,2453.0,11795.76029351814,63.8
2510808,108766.0,18372.48772594377,31.09
2510907,12411.0,12697.284666827814,43.84
2511004,3802.0,9881.115202524987,65.24
2511103,7954.0,10092.532059341213,59.78
2511202,28607.0,22965.2183032125,27.84
2511301,16147.0,12816.374558741561,47.73
2511400,18737.0,11406.895447510275,50.97
2511509,12036.0,10140.162844798937,58.0
2511608,6518.0,14668.45658177355,38.99
2511707,4937.0,10395.786915130646,55.08
2511806,10590.0,9001.605288007555,59.63
2511905,19478.0,22143.13584556936,31.74
2512002,18848.0,15122.61247877759,38.47
2512036,3877.0,10399.2777921073,65.82
2512077,4366.0,10749.42739349519,63.51
2512101,32803.0,14224.186812181813,42.07
2512200,4265.0,15196.717467760844,44.2
2512309,23749.0,11240.641711229946,45.66
2512408,13801.0,10004.709803637417,58.45
2512507,44388.0,13681.783364873389,41.19
2512606,2009.0,13348.929815828771,66.62
2512705,19973.0,9093.926801181595,60.65
2512721,6139.0,9332.464570777,64.5
2512747,3650.0,10016.986301369863,70.19
2512754,4562.0,11003.726435773784,63.77
2512762,4571.0,12324.217895427697,55.1
2512788,1999.0,15315.657828914456,60.61
2512804,8555.0,10853.769725306838,57.87
2512903,24258.0,13328.30406463847,46.08
2513000,3975.0,8430.943396226416,74.75
2513109,12123.0,10645.632269240286,55.74
2513158,6526.0,10086.730003064664,61.52
2513208,6579.0,9473.932208542332,59.14
2513307,5853.0,10658.97830172561,55.76
2513356,3591.0,10260.373155109997,66.89
2513406,15470.0,24104.912734324498,24.12
2513505,5098.0,10036.09258532758,63.88
2513604,6942.0,9722.126188418324,60.28
2513653,2640.0,12529.166666666666,65.6
2513703,138093.0,18687.348381163418,30.81
2513802,4550.0,12591.648351648351,54.9
2513851,2496.0,11795.272435897436,63.18
2513901,34650.0,16413.593073593074,40.4
2513927,4602.0,12091.916558018253,55.48
2513943,2645.0,10896.40831758034,65.46
2513968,3119.0,11628.727156139788,61.19
2513984,3377.0,11639.028723719277,58.97
2514008,4170.0,13303.597122302159,53.27
2514107,4408.0,9302.177858439201,66.9
2514206,7622.0,9471.529782209394,58.06
2514305,6394.0,8712.543009071003,68.36
2514404,4631.0,11884.042323472253,53.83
2514453,6037.0,14373.529898956434,42.5
2514503,20406.0,11317.063608742526,51.58
2514552,3898.0,8746.280143663416,59.23
2514602,3619.0,8977.894445979553,64.93
2514651,1821.0,16016.474464579902,57.9
2514701,4153.0,30171.683120635684,22.33
2514800,3607.0,10268.089825339617,59.51
2514909,7682.0,10751.236657120542,53.47
2515005,7450.0,11136.375838926175,51.15
2515104,11793.0,8991.011617060969,60.6
2515203,3534.0,11459.252971137521,57.76
2515302,52977.0,12795.32627366593,44.66
2515401,10919.0,8245.718472387582,69.27
2515500,13807.0,10724.704859853697,53.61
2515609,3114.0,11916.184971098266,62.08
2515708,2921.0,11383.430332078055,64.13
2515807,7001.0,10178.260248535924,56.17
2515906,6037.0,11230.412456518137,52.18
2515930,5152.0,10680.70652173913,57.47
2515971,7845.0,14415.42383683875,44.3
2516003,26051.0,13576.06233925761,43.69
2516102,15211.0,16661.69219643679,35.35
2516151,3631.0,10682.732029743873,68.08
2516201,69997.0,18860.42258953955,29.81
2516300,17096.0,11792.992512868508,47.73
2516409,11024.0,8333.182148040638,64.94
2516508,15505.0,8997.162205740084,59.21
2516607,14791.0,9479.480765330269,60.64
2516706,15333.0,11052.044609665427,52.77
2516755,3103.0,11174.669674508541,62.48
2516805,9473.0,9258.101974031459,58.9
2516904,15356.0,12573.000781453504,46.87
2517001,9914.0,9206.17308856163,65.44
2517100,2870.0,13126.480836236933,57.4
2517209,5395.0,9796.292863762743,59.04
2517407,2269.0,11920.66989863376,61.95
2600054,100698.0,17123.0610339828,29.24
2600104,37546.0,14430.724977361104,35.57
2600203,19981.0,10500.725689404935,49.71
2600302,25240.0,13980.110935023771,39.1
2600401,37386.0,6950.890707751565,64.59
2600500,43923.0,9132.140336497961,50.76
2600609,14798.0,9794.904716853629,49.35
2600708,38408.0,10761.143511768381,44.74
2600807,22996.0,9679.465994085927,49.24
2600906,22910.0,12850.58926233086,38.62
2601003,11301.0,12588.266525086276,41.52
2601052,20936.0,7732.32709209018,65.02
2601102,85301.0,14912.97874585292,32.79
2601201,75295.0,16141.616309183877,30.62
2601300,14632.0,10042.57791142701,52.53
2601409,42866.0,11757.290160033594,47.95
2601508,12169.0,8176.431917166571,59.66
2601607,20730.0,17669.705740472746,28.6
2601706,76930.0,35942.23319901209,16.07
2601805,12811.0,8220.045273593007,66.67
2601904,60960.0,15794.389763779527,33.83
2602001,38605.0,8211.630617795623,52.35
2602100,48975.0,13132.230729964267,34.91
2602209,40038.0,9165.992307308057,50.45
2602308,38101.0,14155.533975486207,35.13
2602407,8981.0,20451.954125375793,28.63
2602506,7489.0,11200.293764187474,53.03
2602605,51696.0,8924.423553079541,58.0
2602704,13224.0,10068.965517241379,53.58
2602803,59448.0,9235.213968510294,52.25
2602902,210796.0,65022.05449818782,11.23
2603009,34778.0,12676.490885042269,41.11
2603108,20618.0,12337.22960519934,39.32
2603207,29065.0,14578.599690349218,33.34
2603306,10983.0,10497.951379404534,50.61
2603405,5744.0,8756.963788300836,64.68
2603454,159945.0,13940.291975366532,38.22
2603504,19032.0,9518.7578814628,49.71
2603603,8592.0,33213.33798882682,19.06
2603702,24743.0,10232.02521925393,51.06
2603801,20048.0,12173.483639265762,41.84
2603900,19666.0,9841.655649344046,53.75
2603926,13117.0,6359.914614622246,68.87
2604007,85131.0,20496.822544079125,25.58
2604106,369343.0,23456.58371757418,22.74
2604155,14395.0,7052.518235498437,69.62
2604205,43778.0,8236.237379505688,57.78
2604304,11972.0,10474.523889074508,51.06
2604403,13641.0,12371.380397331573,43.29
2604502,21929.0,11454.831501664463,48.84
2604601,26755.0,9378.24705662493,51.57
2604700,18327.0,10477.219403066514,47.52
2604809,12543.0,9686.837279757634,61.45
2604908,9494.0,11508.321044870445,55.06
2605004,24237.0,11700.127903618435,46.68
2605103,37633.0,15780.830653947334,39.22
2605152,19246.0,12783.071807128754,43.74
2605202,69701.0,18743.36092738985,26.84
2605301,31709.0,10253.145794569366,48.82
2605400,22360.0,11071.109123434704,48.09
2605459,3140.0,73108.59872611465,4.68
2605509,12216.0,10846.676489849378,48.24
2605608,22612.0,8530.957013974881,55.68
2605707,33488.0,13294.702580028666,42.93
2605806,15633.0,8407.919145397556,61.4
2605905,31578.0,8685.097219583255,55.58
2606002,141347.0,21769.913758339408,23.51
2606101,30847.0,17979.576620092717,30.32
2606200,80345.0,132714.71777957559,6.25
2606309,7586.0,10339.045610334828,52.29
2606408,85309.0,15938.306626498963,32.67
2606507,19284.0,10153.495125492636,52.01
2606606,29585.0,11158.323474733817,42.05
2606705,7773.0,11003.087610961018,54.13
2606804,119690.0,29003.484000334196,19.44
2606903,12265.0,9161.76110884631,55.2
2607000,24034.0,8191.728384788216,58.2
2607109,4537.0,11130.041877892882,59.74
2607208,99101.0,150647.78357433327,7.44
2607307,31515.0,10800.3807710614,45.79
2607406,5013.0,14220.227408737283,61.41
2607505,26268.0,10789.287345820008,47.72
2607604,27076.0,11051.558575860541,48.7
2607653,36495.0,14321.331689272503,36.81
2607703,13492.0,10367.106433442039,53.6
2607752,27144.0,87814.6551724138,8.88
2607802,17056.0,9431.109287054409,52.0
2607901,711330.0,22680.83168149804,22.24
2607950,11632.0,9611.502751031638,64.33
2608008,17305.0,8948.97428488876,60.38
2608057,14904.0,10318.907675791734,55.32
2608107,33570.0,9432.350312779266,51.33
2608206,15999.0,11332.583286455403,46.41
2608255,11545.0,11197.05500216544,48.74
2608305,15007.0,14274.938362097688,41.2
2608404,15483.0,8579.73260995931,61.05
2608453,18429.0,16313.147756253731,37.32
2608503,21490.0,22469.008841321545,27.01
2608602,13300.0,10467.894736842105,51.68
2608701,16345.0,8286.509635974304,57.89
2608750,26090.0,17510.310463779228,30.39
2608800,40883.0,14323.215028251352,38.93
2608909,56149.0,14930.684428930168,34.61
2609006,25565.0,11092.431058087228,48.36
2609105,16549.0,13069.974016556891,38.84
2609154,22110.0,6293.66802351877,73.03
2609204,11098.0,8333.93404216976,68.96
2609303,15548.0,10509.776177000258,49.52
2609402,63792.0,13990.876598946576,35.32
2609501,32673.0,21071.46573623481,28.84
2609600,393734.0,14700.914830824871,30.79
2609709,23985.0,16626.808421930375,28.47
2609808,15309.0,12178.979685152524,46.54
2609907,70466.0,11076.448216160985,42.77
2610004,63745.0,14497.544905482782,34.85
2610103,7509.0,10648.421893727527,55.41
2610202,26438.0,8682.805053332324,61.14
2610301,11608.0,24618.625086147484,25.41
2610400,22198.0,9604.018380034237,53.54
2610509,28856.0,9167.833379539783,58.08
2610608,57346.0,16153.314965298365,29.76
2610707,336919.0,16596.428221620034,29.0
2610806,22716.0,13488.20214826554,34.75
2610905,68067.0,12776.39678552015,41.78
2611002,37246.0,44994.79138699458,11.6
2611101,359372.0,22244.47091036586,25.12
2611200,11308.0,9029.625044216484,60.71
2611309,27204.0,19577.37832671666,28.51
2611408,15231.0,19151.46740200906,30.72
2611507,26309.0,7310.236040898551,63.31
2611533,6796.0,9868.157739846969,57.37
2611606,1661017.0,33094.36447670313,17.05
2611705,20744.0,12560.885075202468,41.43
2611804,47813.0,12055.445171815196,41.38
2611903,23719.0,16015.47282769088,36.27
2612000,9600.0,18356.770833333332,33.39
2612109,11214.0,7217.585161405386,68.74
2612208,61561.0,16278.244343009374,32.99
2612307,15880.0,10771.47355163728,50.67
2612406,27308.0,9091.255309799326,53.98
2612455,15713.0,8502.00470947623,61.31
2612471,12708.0,8935.631098520616,59.7
2612505,111812.0,17222.963545952134,30.11
2612554,14645.0,7636.053260498464,64.62
2612604,42266.0,13344.05905455922,38.81
2612703,14308.0,8545.009784735812,60.63
2612802,11914.0,9637.737115997985,54.07
2612901,16239.0,7205.924010099144,69.81
2613008,60567.0,24529.95855829082,19.4
2613107,37488.0,11941.928083653436,43.19
2613206,23002.0,16964.220502564993,30.72
2613305,21439.0,8650.916553943747,60.42
2613404,21868.0,13307.435522224254,43.34
2613503,34082.0,10021.24288480723,48.64
2613602,34210.0,12894.38760596317,39.95
2613701,114910.0,12568.096771386303,38.16
2613800,18150.0,11544.242424242424,46.18
2613909,87467.0,19359.838567688385,29.93
2614006,19226.0,8382.034744616665,61.36
2614105,36189.0,10151.95225068391,52.3
2614204,46845.0,15423.097449034049,33.35
2614303,11269.0,8074.09708048629,60.06
2614402,6034.0,9390.288365926417,64.5
2614501,66192.0,13831.852791878173,36.0
2614600,28860.0,10911.399861399861,49.11
2614709,12843.0,11614.030989644165,46.79
2614808,26439.0,9530.54200234502,53.43
2614857,23852.0,16595.421767566662,37.95
2615003,29472.0,11354.573832790446,44.28
2615102,7227.0,10463.262764632627,57.93
2615201,10314.0,9236.183827806864,58.22
2615300,52587.0,14197.558331907125,35.59
2615409,47088.0,16237.08800543663,35.0
2615508,13856.0,12746.752309468822,43.28
2615607,31103.0,13472.140951033662,36.03
2615706,15232.0,10330.751050420167,49.58
2615805,27793.0,8172.201633504839,62.79
2615904,8266.0,10783.813210742801,49.36
2616001,18835.0,13132.413060791081,37.32
2616100,9572.0,8454.972837442541,64.14
2616183,7526.0,9840.552750465054,59.45
2616209,21172.0,9187.181182694125,56.14
2616308,32897.0,15789.46408487096,32.98
2616407,140389.0,32423.074457400508,17.34
2616506,14789.0,9561.904117925485,58.0
2700102,20263.0,10003.701327542813,55.28
2700201,17507.0,14308.562289369966,38.46
2700300,234309.0,25249.725789448974,18.13
2700409,47540.0,31562.05300799327,17.33
2700508,16201.0,16174.742299858033,34.54
2700607,8434.0,28273.179985771876,22.31
2700706,18440.0,12471.908893709327,47.43
2700805,4226.0,45275.91102697586,16.11
2700904,6717.0,22540.866458240285,26.88
2701001,27429.0,18450.581501330707,26.96
2701100,10426.0,74375.11989257626,7.19
2701209,10920.0,12865.10989010989,41.83
2701308,21397.0,9717.203346263495,54.89
2701357,6972.0,12589.931153184165,44.51
2701407,57997.0,12669.034605238203,41.35
2701506,9576.0,11084.168755221386,53.67
2701605,17715.0,9400.0,59.85
2701704,16907.0,14670.373218193648,41.75
2701803,9568.0,9490.280100334448,63.21
2701902,7311.0,24003.419504855698,22.65
2702009,10594.0,19965.452142722297,28.73
2702108,21935.0,18117.848187827673,28.06
2702207,5882.0,16330.4998299898,39.54
2702306,57647.0,30922.129512377054,17.94
2702355,24396.0,19706.22233152976,26.27
2702405,52501.0,12836.231690824936,41.98
2702504,11059.0,9519.1246948187,54.17
2702553,18304.0,8433.074737762237,54.34
2702603,22192.0,19268.11463590483,27.52
2702702,4803.0,34152.404747033106,15.14
2702801,12823.0,23223.19270061608,21.15
2702900,41549.0,13227.7551806301,36.36
2703007,15637.0,12565.645584191341,36.31
2703106,25596.0,12188.115330520393,41.23
2703205,24670.0,23181.070125658694,24.28
2703304,18398.0,9499.728231329493,52.07
2703403,5185.0,14457.087753134041,48.45
2703502,6992.0,27821.939359267733,18.76
2703601,8444.0,29843.912837517764,18.91
2703700,5751.0,13544.948704573118,41.71
2703759,11495.0,33234.014789038716,18.83
2703809,24167.0,21558.07506103364,20.78
2703908,4119.0,13304.442825928623,47.4
2704005,24716.0,22256.31170092248,24.96
2704104,17692.0,15434.207551435677,36.35
2704203,28904.0,23705.853861057294,22.63
2704302,1031597.0,26643.457668062238,17.97
2704401,19923.0,14228.529839883551,39.17
2704500,33351.0,33549.45878684297,16.08
2704609,8850.0,10255.141242937852,48.9
2704708,52848.0,64518.01392673327,12.6
2704807,13123.0,14326.754553074754,36.57
2704906,3474.0,14666.378814047208,41.28
2705002,25200.0,14073.055555555555,33.86
2705101,24627.0,15670.605433061275,34.53
2705200,18201.0,12149.387396296906,44.81
2705309,5315.0,14019.755409219191,42.35
2705408,7171.0,10925.533398410264,55.61
2705507,28428.0,20689.390741522442,22.91
2705606,12837.0,14587.208849419647,36.28
2705705,21690.0,12531.535269709544,38.24
2705804,9507.0,9777.953087198906,58.98
2705903,5133.0,13672.121566335476,49.04
2706000,11681.0,9320.43489427275,60.04
2706109,11573.0,9545.925861919986,55.04
2706208,5061.0,9074.688796680497,68.93
2706307,73452.0,16086.859445624354,31.18
2706406,24307.0,10969.96749907434,46.93
2706422,10546.0,13749.668120614451,36.64
2706448,13484.0,17563.85345594779,28.75
2706505,15270.0,22092.992796332677,25.88
2706604,7556.0,13972.472207517205,38.3
2706703,64005.0,15373.15834700414,30.77
2706802,17868.0,25655.6973360197,18.94
2706901,35310.0,19151.40186915888,37.46
2707008,2903.0,20477.092662762658,34.2
2707107,25324.0,13586.676670352235,37.62
2707206,14447.0,8695.784591956808,55.59
2707305,27331.0,15107.496981449636,33.43
2707404,7618.0,43742.58335521134,17.22
2707503,20158.0,13339.96428217085,37.71
2707602,11202.0,16879.217996786287,33.5
2707701,75662.0,18808.27892469139,31.49
2707800,6634.0,30773.138378052456,23.01
2707909,7344.0,37773.0119825708,18.87
2708006,47910.0,13490.628261323314,31.87
2708105,10637.0,132423.80370405188,4.28
2708204,6977.0,18538.05360470116,30.57
2708303,24064.0,24435.214428191488,21.47
2708402,32462.0,10253.650422031915,48.98
2708501,34825.0,27099.181622397704,19.96
2708600,62328.0,22029.858169682968,25.95
2708709,8073.0,30161.64994425864,21.73
2708808,34424.0,24949.918661399024,21.25
2708907,14042.0,18587.380714997864,32.84
2708956,13893.0,8723.889728640323,60.81
2709004,6115.0,15073.58953393295,40.05
2709103,20162.0,25337.069735145324,19.71
2709152,44570.0,30464.3930895221,19.03
2709202,27934.0,10632.20448199327,44.05
2709301,65963.0,21469.50563194518,26.28
2709400,25655.0,23160.982264665756,25.54
2800100,2386.0,15912.405699916178,66.09
2800209,21796.0,13207.652780326665,46.74
2800308,672614.0,27364.39919478334,21.88
2800407,9840.0,14240.040650406505,47.58
2800506,18825.0,13400.424966799468,46.09
2800605,31439.0,82114.31661312382,9.61
2800670,26980.0,12345.441067457376,48.89
2800704,8396.0,11420.438303954264,60.15
2801009,18325.0,12970.095497953615,46.5
2801108,4003.0,21093.180114913815,36.54
2801207,30894.0,93714.70188386095,7.72
2801306,34808.0,11069.007124798896,54.11
2801405,22393.0,16961.46117090162,35.74
2801504,17232.0,24524.199164345402,34.47
2801603,5929.0,10843.818519143195,59.89
2801702,18181.0,13793.355701006545,47.56
2801900,4008.0,17337.574850299403,39.71
2802007,5290.0,35655.76559546314,25.15
2802106,69919.0,30414.665541555227,23.9
2802205,5617.0,20458.963859711588,36.03
2802304,15688.0,20699.961754207037,31.48
2802403,11599.0,15476.420381067333,39.78
2802502,3421.0,12724.93422975738,69.28
2802601,5831.0,17318.12725090036,39.86
2802700,8522.0,11947.312837362122,55.66
2802809,18337.0,12524.949555543437,51.74
2802908,96839.0,22855.20296574727,26.9
2803005,42399.0,12637.019741031629,45.55
2803104,4869.0,16661.942904087082,43.17
2803203,35054.0,25111.114280823873,29.38
2803302,19067.0,27688.624324749566,24.86
2803401,13422.0,15694.680375502905,41.19
2803500,106015.0,16962.87317832382,35.32
2803609,30327.0,38315.92310482408,19.22
2803708,7002.0,12787.060839760068,50.38
2803807,3715.0,14201.884253028264,53.94
2803906,12689.0,13651.036330680117,42.32
2804003,17328.0,25878.000923361033,30.99
2804102,11361.0,18173.400228853094,32.02
2804201,15315.0,14296.637283708782,44.6
2804300,7653.0,12630.341042728342,52.98
2804409,18688.0,17710.08133561644,35.48
2804458,8822.0,12457.492632056223,47.13
2804508,37715.0,20967.51955455389,29.47
2804607,26957.0,15422.190896613125,40.18
2804706,6509.0,14005.991703794745,45.28
2804805,187733.0,17219.657705358142,35.57
2804904,14650.0,16153.105802047781,43.89
2805000,3309.0,14509.519492293744,52.33
2805109,9727.0,10171.275830163462,61.41
2805208,6678.0,13712.788259958072,49.12
2805307,9436.0,14616.574819838916,51.54
2805406,35461.0,11738.10665237867,48.84
2805505,24003.0,13427.571553555805,45.07
2805604,28788.0,12732.840072252327,46.74
2805703,29756.0,18628.142223417126,33.61
2805802,19813.0,16600.41386968152,37.04
2805901,10354.0,21479.717983388062,35.29
2806008,18891.0,17968.5035201948,36.56
2806107,11158.0,42028.67897472665,21.47
2806206,20051.0,10848.286868485362,53.93
2806305,14205.0,13564.9419218585,51.15
2806404,7906.0,13505.312420946117,48.79
2806503,3933.0,14005.59369438088,63.6
2806602,12200.0,13743.032786885246,46.72
2806701,92090.0,11203.605168856553,46.85
2806800,11276.0,11992.461865909898,54.87
2806909,3837.0,14603.596559812353,57.76
2807006,3964.0,12573.662966700304,59.54
2807105,40724.0,19408.898929378254,31.1
2807204,9046.0,19537.47512712801,36.63
2807303,3271.0,13488.535616019566,63.08
2807402,52861.0,12405.951457596337,44.77
2807501,13534.0,10858.947835082015,55.89
2807600,25800.0,15564.68992248062,39.41
2900108,8681.0,8067.849326114503,55.05
2900207,20594.0,10123.38545207342,45.89
2900306,15214.0,9487.380044695676,45.82
2900355,17209.0,13975.652274972399,30.24
2900405,17096.0,9262.810014038372,48.01
2900504,10513.0,7414.34414534386,55.04
2900603,4387.0,12240.483245953956,47.06
2900702,153023.0,29625.74253543585,16.73
2900801,22509.0,15439.202096939001,33.09
2900900,5273.0,11917.12497629433,43.38
2901007,37631.0,12310.22295447902,33.31
2901106,24997.0,17515.18182181862,27.59
2901155,16086.0,10436.15566330971,40.72
2901205,21229.0,10588.722973291253,44.51
2901304,13122.0,10238.835543362293,48.18
2901353,14416.0,15486.612097669256,32.33
2901403,13902.0,13694.36052366566,35.42
2901502,11369.0,6928.577711320257,58.84
2901601,19659.0,8169.84587211964,45.95
2901700,11670.0,10646.615252784919,48.4
2901809,11955.0,6908.322877457131,55.89
2901908,17840.0,8321.748878923767,53.15
2901957,7274.0,10202.914489964256,49.65
2902005,12960.0,11236.265432098766,38.42
2902054,12237.0,24426.166544087602,18.99
2902104,54903.0,8942.280021128172,45.44
2902203,11519.0,9000.781317822728,48.28
2902252,10904.0,9294.203961848863,45.33
2902302,8848.0,9040.687160940326,49.78
2902401,11079.0,12355.447242530914,45.67
2902500,13979.0,18862.221904284997,23.46
2902609,20431.0,9518.574714894034,46.4
2902658,13251.0,8564.863029205342,52.69
2902708,54225.0,7935.122176118027,50.81
2902807,20198.0,18661.55064857907,22.78
2902906,30831.0,18591.90425221368,23.84
2903003,13128.0,8808.957952468007,45.85
2903102,5515.0,14114.052583862194,39.95
2903201,158432.0,44230.8561401737,10.31
2903235,15171.0,7431.7447762177835,53.66
2903276,16225.0,21317.04160246533,17.97
2903300,5312.0,15035.768072289156,42.18
2903409,23540.0,15871.537807986406,31.45
2903508,17013.0,9953.212249456297,47.0
2903607,15989.0,9084.620676715242,56.04
2903706,12039.0,9263.643159730875,52.41
2903805,18491.0,8392.298956248986,49.19
2903904,70151.0,19345.568844350044,23.55
2903953,9768.0,7156.633906633907,60.1
2904001,14518.0,8110.82793773247,54.09
2904050,16999.0,15919.995293840815,28.85
2904100,21486.0,8784.185050730708,51.03
2904209,10050.0,10933.731343283582,44.38
2904308,14155.0,10186.930413281527,47.33
2904407,10675.0,11818.360655737704,33.49
2904506,10705.0,9000.653900046707,51.33
2904605,67468.0,26409.58676705994,14.96
2904704,18269.0,11446.54879851114,36.46
2904753,21374.0,7242.678020024328,57.29
2904803,6232.0,12409.499358151475,41.71
2904852,19010.0,7419.77906365071,53.4
2904902,33659.0,14235.063430286105,29.95
2905008,23407.0,15533.94283761268,29.04
2905107,8912.0,10348.294434470377,44.77
2905156,14671.0,6984.390975393634,56.69
2905206,51184.0,21458.73710534542,20.69
2905305,18585.0,11693.785310734464,41.32
2905404,18666.0,80833.70834672666,6.98
2905503,13452.0,7573.966696402022,58.0
2905602,32023.0,11058.02079755176,41.13
2905701,309208.0,109928.88282321286,5.35
2905800,35444.0,13207.228303803182,34.88
2905909,28839.0,10233.32986580672,42.12
2906006,71754.0,28878.125261309473,14.3
2906105,9694.0,8750.051578295854,51.25
2906204,26468.0,9766.28381441741,42.43
2906303,30722.0,12854.208710370418,34.66
2906402,8109.0,8353.557775311383,53.1
2906501,87820.0,77715.04213163289,8.16
2906600,14415.0,9747.693374956641,40.09
2906709,24921.0,9808.916175113358,48.33
2906808,34929.0,10085.172779066106,49.83
2906824,16832.0,9085.967205323193,44.26
2906857,11597.0,11153.05682504096,38.65
2906873,31055.0,18656.89905007245,23.68
2906899,8659.0,9946.298648804712,46.71
2906907,22166.0,16144.32012992872,29.51
2907004,9395.0,12543.267695582757,33.03
2907103,29118.0,9904.629438835085,40.91
2907202,73092.0,11969.55891205604,35.29
2907301,26369.0,12015.62440744814,37.92
2907400,3619.0,22355.346780878695,26.89
2907509,55222.0,12585.944007822969,33.19
2907558,9303.0,8403.848221003977,51.45
2907608,17293.0,8931.590817093622,50.57
2907707,11221.0,9391.052490865342,54.2
2907806,32636.0,12240.47064591249,38.57
2907905,17402.0,8912.768647281922,49.18
2908002,16128.0,11833.891369047618,42.45
2908101,18835.0,29692.32811255641,15.16
2908200,22933.0,16388.82832599311,28.05
2908309,17087.0,11710.949844911336,36.64
2908408,67394.0,13110.217526782799,31.05
2908507,33631.0,82111.59347031014,7.77
2908606,26223.0,10999.199176295619,43.71
2908705,17113.0,9978.262139893648,45.25
2908804,4025.0,12597.51552795031,41.21
2908903,22391.0,10089.276941628334,46.26
2909000,8667.0,8147.686627437406,53.13
2909109,14108.0,11978.948114544939,32.81
2909208,15549.0,11258.794777799216,50.27
2909307,32243.0,101746.64268213256,6.35
2909406,13756.0,12449.91276533876,38.07
2909505,5352.0,8568.011958146488,54.91
2909604,21219.0,9699.27894811254,47.63
2909703,13981.0,11288.820542164365,41.76
2909802,63923.0,16300.611673419582,26.74
2909901,35065.0,10121.231997718523,43.79
2910008,10347.0,12180.825360007731,50.14
2910057,83705.0,36463.449017382474,12.16
2910107,12281.0,11571.85896913932,39.44
2910206,4072.0,10625.73673870334,43.75
2910305,8129.0,9420.22388977734,47.51
2910404,15914.0,16085.333668468016,35.3
2910503,42014.0,16205.90755462465,27.35
2910602,37902.0,19298.2692206216,24.63
2910701,61112.0,13001.963607802069,30.68
2910727,115360.0,27780.547850208044,17.32
2910750,17801.0,15718.049547778215,28.24
2910776,5656.0,11139.67468175389,42.84
2910800,624107.0,27699.971319020617,13.49
2910859,16314.0,8521.453965918843,50.15
2910909,5641.0,12579.50717957809,41.51
2911006,10525.0,9640.85510688836,46.69
2911105,26111.0,176519.6660411321,3.03
2911204,32778.0,14055.464030752333,30.59
2911253,4417.0,11295.44940004528,45.99
2911303,11284.0,11823.909961006735,42.18
2911402,15247.0,16666.622942218142,25.21
2911501,6852.0,11147.694103911266,47.4
2911600,20800.0,10664.615384615385,41.55
2911659,6371.0,10760.1632396798,45.87
2911709,85353.0,19356.95288976369,24.42
2911808,20565.0,13581.230245562849,34.91
2911857,12946.0,10852.541325505948,41.76
2911907,23950.0,9884.46764091858,44.14
2912004,8849.0,11153.350661091648,41.81
2912103,21083.0,9794.05207987478,46.48
2912202,19990.0,22160.88044022011,21.45
2912301,16262.0,12055.15926700283,33.49
2912400,18421.0,9643.504695727703,39.66
2912509,14989.0,7815.53138968577,52.71
2912608,4047.0,9217.197924388436,51.86
2912707,23433.0,12193.274442026202,37.46
2912806,8740.0,51573.68421052631,10.13
2912905,14476.0,14298.90853827024,37.97
2913002,16463.0,6896.616655530584,54.48
2913101,17048.0,9112.857813233224,42.26
2913200,27076.0,15333.727286157482,29.16
2913309,6232.0,9038.18998716303,56.53
2913408,15661.0,12654.428197433113,35.32
2913457,12963.0,16286.19918228805,29.0
2913507,27006.0,9113.048952084722,43.95
2913606,157639.0,32767.487740977806,15.72
2913705,40720.0,15361.39489194499,27.94
2913804,14229.0,7382.036685641999,61.82
2913903,45969.0,12348.582740542539,34.19
2914000,59281.0,11202.138965267117,35.61
2914109,9954.0,10076.150291340165,39.05
2914208,7295.0,10687.868403015764,43.95
2914307,7874.0,13027.051054102109,40.28
2914406,25728.0,34892.87935323383,12.32
2914505,29305.0,9752.499573451629,47.41
2914604,74050.0,20683.214044564484,20.9
2914653,30901.0,16633.409922008996,29.89
2914703,64795.0,15367.867891040976,29.13
2914802,214123.0,19619.03672188415,22.56
2914901,29051.0,14701.387215586383,31.02
2915007,16164.0,7833.1477357089825,53.0
2915106,12140.0,10578.995057660626,47.77
2915205,14331.0,76939.36222175704,6.67
2915304,6784.0,18790.978773584906,30.28
2915353,14650.0,10419.522184300342,42.95
2915403,6515.0,13732.617037605525,36.77
2915502,20309.0,12574.178935447339,36.16
2915601,64423.0,17226.54952423824,23.77
2915700,7971.0,12964.872663404842,37.48
2915809,22474.0,13105.544184390852,38.78
2915908,6433.0,12720.192756101353,51.05
2916005,19231.0,15258.12490250117,29.46
2916104,22440.0,10996.657754010695,40.93
2916203,8300.0,12811.204819277109,38.95
2916302,10173.0,32989.38366263639,15.88
2916401,77408.0,18940.794233154196,24.68
2916500,36173.0,12126.724352417548,32.02
2916609,10284.0,9199.922209257098,51.51
2916708,8375.0,12021.373134328358,36.2
2916807,19937.0,16590.861212820386,27.54
2916856,14588.0,29501.576638332877,18.84
2916906,12482.0,9658.388078833521,41.66
2917003,36140.0,9725.511898173769,48.44
2917102,20394.0,12293.566735314309,38.37
2917201,19095.0,13435.6637863315,31.53
2917300,28870.0,12724.870107377901,33.44
2917334,11038.0,12076.372531255662,37.51
2917359,8176.0,164405.08806262232,3.35
2917409,14855.0,8262.13396162908,50.83
2917508,80749.0,23113.37601704046,16.48
2917607,54913.0,12341.922677690165,34.08
2917706,33915.0,35303.405572755415,11.63
2917805,19162.0,10791.984135267718,42.96
2917904,10742.0,15649.413517035933,29.6
2918001,156277.0,20320.37343946966,22.87
2918100,40832.0,12273.927311912226,35.24
2918209,14576.0,10306.325466520308,43.55
2918308,10470.0,16762.273161413563,37.57
2918357,25606.0,11590.720924783254,36.74
2918407,219544.0,23606.593666873156,21.44
2918456,8856.0,14408.875338753387,29.49
2918506,15241.0,7450.429761826652,52.3
2918555,5706.0,12517.70066596565,47.99
2918605,5777.0,11881.080145404188,44.96
2918704,3663.0,15077.259077259077,44.44
2918753,15870.0,7528.670447385003,54.1
2918803,24214.0,12070.455108614851,38.63
2918902,3993.0,28280.741297270222,21.33
2919009,3735.0,16312.985274431057,34.81
2919058,8591.0,9110.348038645094,47.58
2919108,8078.0,8045.555830651151,61.06
2919157,27323.0,11059.693298686088,39.13
2919207,204669.0,35778.686562205316,16.49
2919306,11586.0,14694.286207491801,31.51
2919405,12357.0,12717.083434490572,34.7
2919504,46372.0,12393.10359699819,31.66
2919553,92671.0,95317.61824087363,5.74
2919603,11318.0,8010.779289627143,53.6
2919702,19056.0,11905.541561712846,40.18
2919801,50481.0,8528.91186783146,46.88
2919900,7752.0,8701.625386996904,59.32
2919926,21754.0,23708.421439735223,29.91
2919959,2386.0,20968.5666387259,44.87
2920007,10294.0,19911.016125898583,25.96
2920106,18535.0,8559.428108983006,46.1
2920205,16875.0,11138.074074074075,36.63
2920304,8326.0,9668.628392985827,47.1
2920403,12944.0,10795.194684796044,42.96
2920452,13822.0,6774.345246708146,57.99
2920502,19973.0,32837.580733990886,15.82
2920601,44902.0,8957.64108502962,46.44
2920700,20664.0,16619.96709252807,29.2
2920809,10357.0,9102.346239258473,48.39
2920908,13619.0,11845.36309567516,42.95
2921005,47643.0,27445.10211363684,21.92
2921054,12359.0,7415.324864471236,53.34
2921104,22741.0,22613.957169869398,19.51
2921203,25771.0,10583.64052617283,40.02
2921302,10838.0,13288.52186750323,37.84
2921401,18603.0,7596.30167177337,52.84
2921450,8264.0,9502.54114230397,49.65
2921500,49145.0,9351.653270932953,48.56
2921609,8476.0,9270.410571024067,47.61
2921708,35466.0,17663.226752382565,23.17
2921807,12063.0,8835.861725938821,45.47
2921906,8725.0,88823.38108882522,6.33
2922003,42729.0,51813.26499567039,11.26
2922052,10469.0,20322.284840959022,25.96
2922102,27153.0,7328.287850329613,49.58
2922201,7464.0,8944.265809217577,52.62
2922250,11479.0,18317.971948776027,26.81
2922300,29420.0,9399.116247450715,43.39
2922409,22340.0,21072.426141450313,19.31
2922508,28661.0,11527.825267785493,44.16
2922607,14156.0,13128.143543373835,33.97
2922656,13197.0,12177.313025687656,39.53
2922706,16482.0,10557.638636087853,41.68
2922730,7830.0,12147.637292464879,39.83
2922755,6518.0,15623.657563669838,32.78
2922805,8328.0,8793.347742555236,55.9
2922854,9126.0,8271.093578785887,53.63
2922904,27047.0,10033.829999630274,44.49
2923001,44170.0,13037.785827484719,33.11
2923035,12653.0,8307.674069390658,48.47
2923050,15445.0,6723.211395273552,59.41
2923100,28373.0,8525.88728720967,50.47
2923209,21797.0,13386.154057897877,30.18
2923308,8575.0,9396.151603498542,50.08
2923357,17567.0,15927.363807138385,27.04
2923407,21840.0,10896.199633699634,40.07
2923506,9123.0,11813.219335744821,36.32
2923605,21777.0,12422.372227579557,36.08
2923704,32274.0,8065.377703414513,49.6
2923803,29124.0,15596.38099162203,24.64
2923902,9550.0,11067.434554973823,41.78
2924009,119213.0,33257.52225009017,13.8
2924058,13535.0,9698.411525674179,48.21
2924108,7438.0,7022.048937886529,60.19
2924207,16698.0,7141.1546292969215,50.23
2924306,16854.0,14393.556425774297,29.93
2924405,35295.0,8248.505454030315,50.9
2924504,16308.0,18178.13343144469,23.17
2924603,20048.0,7823.024740622506,56.35
2924652,10353.0,10549.212788563702,45.19
2924678,10050.0,11630.945273631842,37.67
2924702,10253.0,7732.663610650541,53.2
2924801,25162.0,7460.337016135442,46.4
2924900,9415.0,8405.310674455655,51.78
2925006,26581.0,11650.878447011022,36.06
2925105,46885.0,12220.198357683694,33.62
2925204,40401.0,45623.99445558278,11.16
2925253,14729.0,9671.396564600449,52.87
2925303,152529.0,24749.41158730471,20.55
2925402,6623.0,17347.12365997282,35.07
2925501,28214.0,22166.406748422767,23.37
2925600,15180.0,8699.472990777338,46.51
2925709,12028.0,8333.47189890256,52.01
2925758,28272.0,11955.079230333899,36.43
2925808,25428.0,10130.36809815951,45.24
2925907,27672.0,8228.823359352415,53.74
2925931,8939.0,8611.701532609912,51.82
2925956,22643.0,17515.037760014133,27.46
2926004,41324.0,11763.309456974155,40.48
2926103,14588.0,10262.133260213874,42.96
2926202,22330.0,68959.20286609941,6.93
2926301,33498.0,12225.416442772703,33.03
2926400,35757.0,8883.435411248147,44.57
2926509,14631.0,13144.07764335999,34.9
2926608,54097.0,13226.46357468991,32.11
2926657,4896.0,22662.17320261438,29.89
2926707,12878.0,12100.559093026868,35.92
2926806,15521.0,7442.497261774371,52.2
2926905,11672.0,8596.041809458533,47.31
2927002,41209.0,25016.743915164163,16.23
2927101,9548.0,15017.07163803938,41.32
2927200,30900.0,12693.786407766991,33.17
2927309,16047.0,12547.20508506263,34.97
2927408,2900319.0,21715.30993659663,16.4
2927507,20971.0,8603.976920509274,47.85
2927606,13917.0,8568.369619889343,49.9
2927705,28058.0,19592.02366526481,27.49
2927804,6241.0,11403.460983816696,46.44
2927903,10583.0,7189.360294812435,53.7
2928000,37704.0,13840.388287714832,32.32
2928059,12308.0,10089.941501462463,45.81
2928109,39707.0,15112.826453773894,34.72
2928208,26792.0,12819.90892803822,32.98
2928307,8987.0,7655.502392344498,57.65
2928406,28613.0,9986.23003529864,39.34
2928505,10520.0,9630.133079847908,49.66
2928604,60190.0,18898.47150689483,25.96
2928703,103204.0,23734.370760823225,17.79
2928802,53666.0,17021.44747139716,27.01
2928901,34764.0,168168.91036704637,3.4
2928950,9085.0,9722.94991744634,44.82
2929008,14784.0,11679.450757575758,37.68
2929057,15543.0,15312.938300199447,28.86
2929107,21083.0,10054.97320115733,38.14
2929206,40664.0,322030.96104662603,3.4
2929255,18785.0,8129.198828852808,55.17
2929305,38315.0,30183.270259689416,16.92
2929354,5562.0,12065.264293419634,46.35
2929370,10546.0,12002.370567039636,37.23
2929404,11733.0,15049.688911616808,29.16
2929503,44554.0,19072.720743367598,25.09
2929602,17421.0,12230.354170254292,43.8
2929701,17330.0,14870.513560300058,30.74
2929750,12163.0,12021.622954863109,40.85
2929800,12971.0,7940.713900238995,52.25
2929909,44370.0,14087.89722785666,31.44
2930006,11586.0,9249.784222337305,45.83
2930105,79813.0,12501.572425544711,32.42
2930154,31362.0,13113.92768318347,35.69
2930204,41279.0,41539.54795416556,11.52
2930303,17261.0,11575.343259370837,35.07
2930402,14531.0,9508.705526116579,47.28
2930501,81693.0,13287.123743772416,33.95
2930600,13490.0,8756.634544106746,50.92
2930709,137117.0,46239.61288534609,11.92
2930758,13104.0,9151.098901098901,39.45
2930766,9431.0,10945.498886650408,46.09
2930774,23274.0,36220.33170061012,14.25
2930808,17118.0,7936.14908283678,55.69
2930907,12515.0,21419.976028765483,19.66
2931004,20383.0,12412.255310798215,36.78
2931053,17518.0,10421.965977851352,44.73
2931103,7936.0,8411.290322580646,48.16
2931202,21421.0,10341.720741328603,44.31
2931301,16939.0,8779.148710077336,51.7
2931350,164290.0,17502.95209690182,25.68
2931400,7296.0,24306.88048245614,22.68
2931509,22590.0,8465.869853917662,48.16
2931608,15097.0,14347.022587268993,32.65
2931707,13018.0,13087.186971885083,39.22
2931806,15996.0,8350.275068767192,49.78
2931905,50903.0,10698.563935327977,42.16
2932002,23991.0,9785.002709349339,47.18
2932101,19860.0,11529.506545820745,34.93
2932200,18647.0,13110.688046334531,38.7
2932309,27481.0,8139.0415195953565,45.74
2932408,13894.0,12661.292644306895,30.94
2932457,19573.0,13448.526030756655,30.86
2932507,18108.0,18437.7070907886,31.07
2932606,16672.0,11975.52783109405,37.26
2932705,20312.0,14573.207955888145,34.36
2932804,19330.0,9605.58717020176,42.24
2932903,97873.0,17784.567756173816,24.77
2933000,29111.0,9220.500841606266,46.15
2933059,14135.0,7921.117792713124,51.72
2933109,9247.0,12564.61555098951,35.24
2933158,12556.0,18454.842306467028,24.93
2933174,8734.0,15463.590565605678,27.58
2933208,44185.0,13620.36890347403,33.46
2933257,6105.0,15182.637182637183,33.69
2933307,343643.0,23914.536306573973,18.75
2933406,9342.0,9576.32198672661,45.33
2933455,12125.0,13817.237113402061,33.49
2933505,20862.0,15887.786405905474,29.71
2933604,46562.0,9896.847214466732,44.81
3100104,7022.0,25168.043292509257,23.01
3100203,23263.0,23261.660147014572,21.93
3100302,13434.0,19552.478785171952,25.34
3100401,3995.0,16243.304130162704,38.01
3100500,9270.0,17885.22114347357,25.39
3100609,13319.0,14420.376905173061,34.94
3100708,1986.0,115813.19234642497,8.93
3100807,4557.0,20758.832565284178,29.79
3100906,19285.0,14910.344827586207,34.48
3101003,13656.0,17332.601054481547,30.51
3101102,25116.0,25401.45723841376,20.39
3101201,5949.0,21608.001344763827,25.87
3101300,2657.0,17952.201731275876,39.24
3101409,3015.0,51056.38474295191,16.99
3101508,35438.0,27415.71194762684,17.95
3101607,80973.0,43062.58876415595,13.85
3101631,7052.0,21351.531480431084,25.41
3101706,42380.0,15922.958942897592,31.75
3101805,7448.0,12712.406015037594,43.07
3101904,20059.0,26132.010568821974,19.14
3102001,14566.0,20355.07345873953,25.28
3102050,5938.0,16350.959919164701,35.96
3102100,10723.0,16795.20656532687,29.27
3102209,3783.0,14444.885011895321,47.88
3102308,15135.0,22471.75421209118,22.43
3102407,3605.0,17986.40776699029,51.91
3102506,4643.0,12041.783329743701,45.22
3102605,41704.0,28372.793976596968,18.91
3102704,9470.0,13265.047518479409,40.1
3102803,12189.0,23988.35015177619,22.86
3102852,8594.0,16819.757970677216,30.32
3102902,11471.0,21127.015953273472,26.07
3103009,9233.0,96891.69284089678,6.78
3103108,1577.0,18107.799619530753,53.96
3103207,2360.0,25704.237288135595,31.15
3103306,2056.0,15258.268482490272,49.32
3103405,36715.0,14162.440419447092,33.62
3103504,118361.0,49309.561426483386,11.57
3103603,2779.0,31858.942065491185,21.7
3103702,8467.0,14440.415731664109,34.77
3103751,6992.0,185157.8947368421,5.25
3103801,2836.0,60911.49506346967,12.43
3103900,9523.0,49816.65441562533,10.62
3104007,108403.0,82564.13567890188,7.77
3104106,10990.0,31520.018198362148,19.05
3104205,40658.0,57697.722465443454,9.86
3104304,15288.0,20233.516483516483,25.2
3104403,2681.0,14944.79671764267,48.51
3104452,5305.0,12646.182846371348,43.53
3104502,17850.0,17860.78431372549,30.2
3104601,14358.0,20327.761526675025,26.77
3104700,12496.0,15921.895006402048,31.74
3104809,4833.0,18426.23629215808,32.88
3104908,19249.0,19786.274611668137,26.74
3105004,7780.0,25870.43701799486,19.99
3105103,23964.0,32544.900684359873,15.26
3105202,4738.0,12472.140143520473,48.21
3105301,5808.0,14905.64738292011,37.97
3105400,33232.0,73388.6615310544,7.89
3105509,5311.0,11875.541329316513,45.3
3105608,139061.0,25321.47043383839,19.76
3105707,4905.0,16702.95616717635,38.54
3105905,20981.0,29001.47752728659,19.21
3106002,10269.0,55334.891420780994,10.08
3106101,3422.0,17988.603156049096,34.87
3106200,2530701.0,41854.35537426191,13.83
3106309,27277.0,76612.16409429189,7.61
3106408,7723.0,36238.24938495403,21.87
3106507,11813.0,9551.595699652924,51.89
3106606,4609.0,11666.305055326535,49.79
3106655,4792.0,12730.801335559265,44.84
3106705,450024.0,73608.02534975912,8.4
3106804,3282.0,12670.01828153565,47.54
3106903,14612.0,19005.95401040241,27.01
3107000,2482.0,25976.228847703464,29.99
3107109,40308.0,26259.799543514935,19.8
3107208,5088.0,15764.740566037735,36.53
3107307,50521.0,24245.64042675323,22.44
3107406,51436.0,35277.820981413795,14.86
3107505,6444.0,19823.556797020483,30.77
3107604,4270.0,45918.96955503513,14.26
3107703,6182.0,25944.67809770301,23.91
3107802,14792.0,11565.981611681991,40.2
3107901,10527.0,15221.050631708938,34.95
3108008,17612.0,25279.014308426074,19.86
3108107,6852.0,19763.864565090484,27.75
3108206,5397.0,85028.34908282378,7.66
3108255,11502.0,8784.993914101895,60.13
3108305,19809.0,18916.452117724268,27.4
3108404,14927.0,21838.145642125008,23.63
3108503,6259.0,12101.613676306119,45.27
3108552,16950.0,24487.374631268438,20.86
3108602,32460.0,11626.925446703635,45.32
3108701,4255.0,11758.401880141011,49.87
3108800,4737.0,44980.367321089296,14.03
3108909,14364.0,13793.024227234753,35.29
3109006,41208.0,112228.91186177441,7.3
3109105,10982.0,21916.22655254052,23.92
3109204,10342.0,17473.796170953396,30.78
3109253,3984.0,11934.738955823294,47.95
3109303,25179.0,46219.07144842925,11.86
3109402,28184.0,26113.894408174852,20.78
3109451,7025.0,67947.61565836299,10.33
3109501,14074.0,20663.421912746908,23.81
3109600,3580.0,14493.296089385474,44.68
3109709,11609.0,46215.17787923163,12.22
3109808,2720.0,48340.80882352941,24.11
3109907,11869.0,26557.249978936725,20.71
3110004,45364.0,23696.0365047174,21.51
3110103,5584.0,15877.686246418338,33.96
3110202,3961.0,24561.221913658166,27.34
3110301,14600.0,23125.342465753423,21.95
3110400,2839.0,24958.78830574146,26.32
3110509,21831.0,45245.15597086711,14.05
3110608,30068.0,62011.07489690036,9.7
3110707,12810.0,28948.47775175644,16.91
3110806,3739.0,14297.40572345547,45.45
3110905,16855.0,26100.326312666864,20.2
3111002,21052.0,23105.168155044652,22.37
3111101,19759.0,27165.392985474973,19.29
3111150,3830.0,10613.83812010444,57.9
3111200,54338.0,22873.82678788325,23.61
3111309,11648.0,19842.376373626375,27.84
3111408,8383.0,84786.11475605392,8.02
3111507,15661.0,27726.773513824148,19.55
3111606,28908.0,24371.28130621281,19.52
3111705,4533.0,17082.947275534967,35.12
3111804,12251.0,55330.8301363154,10.02
3111903,5585.0,14334.288272157564,38.95
3112000,14890.0,24927.19946272666,20.81
3112059,4575.0,12404.808743169398,46.22
3112109,5464.0,17870.24158125915,28.99
3112208,4616.0,13530.762564991335,43.94
3112307,38321.0,23161.97385245688,21.91
3112406,6860.0,30211.078717201166,18.55
3112505,9896.0,12466.552142279708,37.7
3112604,16294.0,40900.76101632503,13.11
3112653,5559.0,10935.779816513761,51.78
3112703,15388.0,32584.80634260463,16.38
3112802,8693.0,37799.83895088002,18.25
3112901,9318.0,15422.73019961365,32.93
3113008,23872.0,8812.290549597856,52.03
3113107,3150.0,13163.492063492064,51.13
3113206,25831.0,29091.59536990438,19.05
3113305,33022.0,19354.33953122161,25.99
3113404,93124.0,24516.827026330484,20.99
3113503,9423.0,23416.321765891968,21.24
3113602,6826.0,25525.63726926458,22.48
3113701,18516.0,25635.612443292288,23.02
3113800,2660.0,14956.766917293233,48.57
3113909,12193.0,26376.93758714016,20.93
3114006,11546.0,23002.425082279577,24.56
3114105,15031.0,19330.25081498237,28.41
3114204,22900.0,27388.602620087335,21.83
3114303,30339.0,34939.02238043443,16.77
3114402,21310.0,32590.192397935243,15.76
3114501,19756.0,23360.75116420328,24.53
3114550,10103.0,40256.35949717906,17.56
3114600,4052.0,43839.0918065153,14.22
3114709,3614.0,19752.07526286663,31.47
3114808,4445.0,18151.181102362203,32.37
3114907,2251.0,30754.331408262995,23.96
3115003,3108.0,25734.877734877737,29.24
3115102,17741.0,24595.062285102304,23.61
3115201,3939.0,17445.290682914445,33.41
3115300,75942.0,21738.050090858815,24.1
3115359,5465.0,920828.362305581,0.84
3115409,3665.0,11128.240109140519,49.83
3115458,6206.0,13423.78343538511,46.88
3115474,4944.0,11496.359223300971,54.26
3115508,21566.0,17214.689789483447,29.89
3115607,1150.0,19474.782608695652,49.17
3115706,7059.0,12330.78339708174,42.45
3115805,10343.0,33948.08082761288,15.61
3115904,3216.0,14659.514925373134,45.65
3116001,5695.0,20051.097453906936,27.47
3116100,15334.0,7245.728446589279,62.43
3116159,14217.0,28355.70092143209,19.24
3116209,2657.0,14018.441851712458,48.49
3116308,6811.0,10760.093965643811,46.07
3116407,4873.0,37342.70469936384,16.62
3116506,7478.0,11194.437015244717,47.05
3116605,29093.0,38414.49833293232,15.06
3116704,7631.0,18318.306906041147,28.08
3116803,8810.0,13756.980703745743,37.12
3116902,3128.0,49481.13810741688,15.45
3117009,6624.0,10281.400966183575,56.15
3117108,10351.0,26488.938266834124,19.98
3117207,2814.0,21694.02985074627,30.01
3117306,28782.0,45792.821902578,12.05
3117405,4581.0,17683.038637851998,31.85
3117504,17438.0,519036.18534235575,1.56
3117603,5558.0,88871.53652392948,7.94
3117702,13729.0,25024.10954912958,19.21
3117801,11852.0,18983.293958825514,27.64
3117836,7730.0,8211.901681759378,63.63
3117876,6867.0,70725.498762196,11.88
3117900,12209.0,18057.498566631173,29.98
3118007,55836.0,137499.94627122287,5.89
3118106,5047.0,9765.801466217556,53.78
3118205,6997.0,70037.30170072889,9.71
3118304,130584.0,23875.329289958954,21.82
3118403,22975.0,16703.242655059847,32.81
3118502,1786.0,17604.14333706607,41.51
3118601,673849.0,54134.54794768561,10.07
3118700,9099.0,25734.586218265744,20.27
3118809,26620.0,10249.135987978963,46.84
3118908,8903.0,16420.083118050097,28.72
3119005,3546.0,32076.424139875915,18.74
3119104,23607.0,25796.035074342355,20.14
3119203,9897.0,12690.31019500859,43.08
3119302,27958.0,54911.04513913728,10.16
3119401,110709.0,18024.957320543046,27.79
3119500,9209.0,13011.836247149527,46.58
3119609,3095.0,19418.739903069465,35.13
3119708,3448.0,26372.389791183294,24.46
3119807,3168.0,52310.2904040404,13.74
3119906,3685.0,12375.305291723202,46.48
3119955,6425.0,49880.622568093386,12.94
3120003,2688.0,14330.729166666666,47.75
3120102,4436.0,14261.947700631199,43.38
3120151,6814.0,11212.650425594364,46.7
3120201,13060.0,22636.294027565084,24.26
3120300,5992.0,9873.164218958611,56.91
3120409,5161.0,23963.960472776595,26.65
3120508,10211.0,22835.86328469298,22.88
3120607,5072.0,16376.971608832808,36.77
3120706,3651.0,50406.190084908245,14.18
3120805,15529.0,20455.212827612853,26.77
3120839,5026.0,14730.799840827696,40.76
3120870,7867.0,10222.4482013474,51.88
3120904,81085.0,27478.152555959794,18.23
3121001,5431.0,13621.432517031853,42.43
3121100,8007.0,15698.388909704008,33.05
3121209,7146.0,34605.233697173244,20.33
3121258,10994.0,42437.238493723846,15.69
3121308,5044.0,16187.35130848533,35.05
3121407,7266.0,35946.7382328654,15.44
3121506,2867.0,17652.598535054065,41.02
3121605,47924.0,20537.329939070194,24.26
3121704,3779.0,11360.677427890976,52.81
3121803,7493.0,12126.651541438676,42.52
3121902,3430.0,18562.973760932946,38.57
3122009,20020.0,15956.693306693307,29.65
3122108,4969.0,12412.960354196015,46.95
3122207,7655.0,10747.485303723057,47.88
3122306,242505.0,34343.291890888846,15.09
3122355,6946.0,25655.3412035704,26.19
3122405,6039.0,21513.66120218579,24.03
3122454,11396.0,8176.816426816426,56.88
3122470,3635.0,19116.36863823934,31.06
3122504,5025.0,13854.328358208955,43.6
3122603,4436.0,15284.039675383228,39.33
3122702,5227.0,20711.689305528984,28.72
3122801,2992.0,13050.133689839573,47.07
3122900,6664.0,16484.69387755102,32.87
3123007,10291.0,31102.12807307356,18.56
3123106,5139.0,37106.246351430236,16.15
3123205,13373.0,26339.863904882972,20.69
3123304,4202.0,15961.208948119944,36.25
3123403,1539.0,54636.127355425604,19.35
3123502,1915.0,41413.054830287205,23.38
3123528,7898.0,15557.48290706508,31.2
3123601,28556.0,24698.417145258438,21.18
3123700,11268.0,13934.327298544551,41.62
3123809,7240.0,12715.055248618784,45.55
3123858,5383.0,12055.545234999072,48.8
3123908,15458.0,17477.681459438478,29.86
3124005,19019.0,21524.948735475053,24.2
3124104,72512.0,13422.30251544572,36.53
3124203,25287.0,16254.043579704987,30.95
3124302,31603.0,11518.62164984337,43.7
3124401,4728.0,25850.042301184432,23.79
3124500,11416.0,52718.02733006307,10.34
3124609,2308.0,18583.622183708838,40.06
3124708,3483.0,47469.997128911855,13.1
3124807,8057.0,43590.79061685491,13.24
3124906,11383.0,19480.014056048494,25.96
3125002,3932.0,13821.21057985758,44.88
3125101,37649.0,362662.4877154772,3.29
3125200,2374.0,24691.23841617523,27.8
3125309,3202.0,20098.37601499063,30.69
3125408,4656.0,15837.199312714776,38.87
3125507,3178.0,15337.319068596602,45.09
3125606,7548.0,10029.014308426073,53.72
3125705,15528.0,18105.100463678515,31.67
3125804,3500.0,13100.57142857143,49.61
3125903,9576.0,15448.517126148705,33.69
3125952,11100.0,14132.612612612613,34.98
3126000,7602.0,18781.241778479347,30.35
3126109,67956.0,32557.6696686091,16.43
3126208,9810.0,32097.55351681957,17.82
3126307,4460.0,24941.928251121077,24.5
3126406,2986.0,17166.44340254521,40.59
3126505,10311.0,7545.43691203569,59.5
3126604,5268.0,14348.709187547456,41.29
3126703,26459.0,17084.545901205638,30.86
3126752,5287.0,19139.398524683183,31.64
3126802,5858.0,13671.730966200068,41.87
3126901,9716.0,15491.35446685879,32.49
3126950,3496.0,10171.052631578947,52.74
3127008,18866.0,49580.51521255168,12.89
3127057,4542.0,10771.466314398944,55.4
3127073,5232.0,8997.515290519877,62.8
3127107,60508.0,40870.16592847227,14.86
3127206,4434.0,18786.64862426703,37.58
3127305,6764.0,16809.432288586635,31.76
3127339,5084.0,11278.91424075531,55.96
3127354,3177.0,12944.916587976079,52.61
3127370,3402.0,14667.254556143445,46.12
3127388,4014.0,15506.228201295466,41.94
3127404,4360.0,21629.5871559633,29.11
3127503,6184.0,11152.166882276844,50.17
3127602,11811.0,16835.40767081534,32.11
3127701,282164.0,26162.45871195475,22.71
3127800,15943.0,48349.495076208994,10.75
3127909,1386.0,31885.281385281385,43.45
3128006,34818.0,28628.640358435292,18.41
3128105,14269.0,27383.909173733267,21.41
3128204,10307.0,11177.937324148637,43.78
3128253,5005.0,15585.614385614386,38.58
3128303,19014.0,28899.652887346165,20.34
3128402,8926.0,19424.49025319292,27.76
3128501,3755.0,15345.938748335553,43.17
3128600,6558.0,114480.7868252516,6.46
3128709,52234.0,53734.17697285293,11.16
3128808,7026.0,17543.69484770851,32.23
3128907,8168.0,40106.75808031342,13.52
3129004,8296.0,13780.978784956606,36.54
3129103,5516.0,32775.199419869474,17.89
3129202,6623.0,20147.214253359503,24.64
3129301,11085.0,15911.592241768156,33.26
3129400,4999.0,20712.1424284857,29.35
3129509,25511.0,60155.3839520207,9.73
3129608,8478.0,13558.386411889596,38.95
3129657,5340.0,9597.752808988764,61.92
3129707,14128.0,51545.30011325028,10.7
3129806,184030.0,17401.945334999727,28.93
3129905,3497.0,22196.740062911067,27.64
3130002,3003.0,19768.564768564767,32.4
3130051,12200.0,9132.704918032787,51.06
3130101,44561.0,21700.09649693678,25.56
3130200,11146.0,51846.76116992643,11.29
3130309,7901.0,74285.66004303253,7.36
3130408,6667.0,74148.6425678716,9.28
3130507,12511.0,21217.888258332667,24.85
3130556,6976.0,14506.30733944954,35.82
3130606,7387.0,17945.038581291457,29.75
3130655,7328.0,11913.2096069869,42.95
3130705,7009.0,124928.37779997147,6.02
3130804,2785.0,41540.035906642726,17.63
3130903,24020.0,16851.207327227312,30.04
3131000,6352.0,22947.26070528967,27.86
3131109,7605.0,11928.205128205129,42.77
3131158,18926.0,9525.097749128183,52.6
3131208,20133.0,17110.31639596682,31.67
3131307,267333.0,65864.44621502022,8.33
3131406,4229.0,43282.8091747458,16.07
3131505,10156.0,18565.084679007483,27.88
3131604,7067.0,42656.006792132444,13.6
3131703,121717.0,123002.94946474198,4.14
3131802,11637.0,11718.3122797972,40.57
3131901,52996.0,247929.6928070043,3.35
3132008,5447.0,11328.988434000366,47.01
3132107,18175.0,12472.462173314992,43.88
3132206,13510.0,29770.83641746854,19.68
3132305,12910.0,9419.90704879938,55.92
3132404,97782.0,36936.40956413246,15.09
3132503,35130.0,18429.917449473385,26.55
3132602,4395.0,15313.993174061434,40.32
3132701,23207.0,14693.971646485974,34.12
3132800,2032.0,17649.114173228347,46.44
3132909,10122.0,23343.50918790753,24.34
3133006,15844.0,74581.60817975258,7.44
3133105,15511.0,30306.814518728643,17.63
3133204,12259.0,12338.36365119504,41.35
3133303,20997.0,14701.624041529742,36.53
3133402,15511.0,33148.73315711431,17.05
3133501,21760.0,28905.560661764706,17.73
3133600,9976.0,85119.08580593424,8.28
3133709,11354.0,610741.7650167341,1.16
3133758,16286.0,44459.16738302837,13.77
3133808,94455.0,53806.59573341803,10.97
3133907,5321.0,13411.576771283593,44.43
3134004,15053.0,9848.60160765296,47.89
3134103,6074.0,20124.794204807375,31.93
3134202,105818.0,35883.94224045058,15.33
3134301,5978.0,15322.181331549013,35.38
3134400,40101.0,50297.04994887908,11.34
3134509,3749.0,46017.07121899173,13.98
3134608,20683.0,14398.491514770585,34.91
3134707,12320.0,10676.461038961039,47.25
3134806,7695.0,19613.775178687458,26.81
3134905,26538.0,43095.711809480745,15.07
3135001,3151.0,34847.03268803554,21.24
3135050,39850.0,21306.85069008783,24.3
3135076,5453.0,15134.054648817164,35.1
3135100,72374.0,22157.19733605991,24.84
3135209,67958.0,12133.27349245122,38.75
3135308,4418.0,22939.112720688096,27.23
3135357,7991.0,9688.14916781379,54.54
3135407,4795.0,407240.0417101147,3.58
3135456,7781.0,10215.396478601722,50.35
3135506,12246.0,15839.94773803691,33.23
3135605,7407.0,17609.82854056973,31.46
3135704,5203.0,24237.555256582742,24.54
3135803,25555.0,10756.603404421836,44.86
3135902,4774.0,21824.88479262673,26.61
3136009,15476.0,10509.498578444043,48.74
3136108,4382.0,25148.56230031949,24.99
3136207,80903.0,59979.35799661323,9.51
3136306,47990.0,44933.21525317775,12.61
3136405,4757.0,15194.240067269287,43.96
3136504,10872.0,9853.476821192053,50.54
3136520,4474.0,11564.371926687529,50.8
3136553,5104.0,14171.238244514107,42.6
3136579,4911.0,11813.683567501526,49.1
3136603,5739.0,18728.524133124236,31.45
3136652,27823.0,51624.4473996334,14.46
3136702,577532.0,35117.87745094644,15.3
3136801,4359.0,11835.512732278046,48.7
3136900,10795.0,25389.439555349698,21.15
3136959,5706.0,11500.0,51.51
3137007,18272.0,8063.430385288967,56.96
3137106,7588.0,31955.455983131258,16.58
3137205,53236.0,37282.553159516116,14.19
3137304,4062.0,14671.344165435747,41.94
3137403,13115.0,26334.273732367517,21.29
3137502,18168.0,31128.30250990753,18.0
3137536,9681.0,30210.928623076128,18.47
3137601,66744.0,32780.100083902675,18.68
3137700,19914.0,20074.671085668375,26.78
3137809,20995.0,19301.214574898786,26.77
3137908,3366.0,15484.551396316103,42.52
3138005,6856.0,13963.827304550758,38.45
3138104,6494.0,29647.52078842008,22.45
3138203,105756.0,27812.209236355386,19.62
3138302,3222.0,17221.601489757915,36.79
3138351,4923.0,13444.038188096689,46.85
3138401,52690.0,21116.70146137787,24.17
3138500,4994.0,21550.460552663197,25.77
3138609,16749.0,20253.0897367007,25.99
3138625,7640.0,60565.44502617801,11.56
3138658,9766.0,9607.720663526521,58.48
3138674,6249.0,21245.799327892462,26.06
3138682,6735.0,9720.712694877506,55.61
3138708,5431.0,27444.117105505433,21.01
3138807,18297.0,35936.76558998743,15.36
3138906,7112.0,15806.242969628796,36.59
3139003,42682.0,32189.11953516705,16.74
3139102,5119.0,58989.06036335222,9.88
3139201,18556.0,12706.72558741108,38.1
3139250,6565.0,9151.56130997715,59.77
3139300,18051.0,13480.471996011302,40.98
3139409,92074.0,35599.38744922562,15.15
3139508,22894.0,24607.233336245303,23.72
3139607,27651.0,17244.909768181984,31.81
3139706,8113.0,28728.337236533956,18.86
3139805,12985.0,17518.829418559875,27.49
3139904,14019.0,14488.836578928596,36.93
3140001,61830.0,119149.81400614588,6.05
3140100,4079.0,14163.275312576612,45.07
3140159,15814.0,12517.832300493234,38.81
3140209,3000.0,24967.333333333332,27.69
3140308,4030.0,14991.81141439206,52.34
3140407,2701.0,15842.280636801184,42.82
3140506,13497.0,35146.10654219456,15.71
3140530,8640.0,24956.13425925926,21.5
3140555,8700.0,10522.643678160919,48.53
3140605,4415.0,13709.173272933182,43.32
3140704,31631.0,34111.757453131424,16.17
3140803,14626.0,42937.029946670315,15.38
3140852,11360.0,13946.214788732394,40.1
3140902,19098.0,22262.75002618075,22.13
3141009,12367.0,12737.931592140374,38.6
3141108,38469.0,39134.315942707115,13.76
3141207,3733.0,26033.753013661935,25.03
3141306,3861.0,64047.65604765605,10.56
3141405,20701.0,12220.617361480121,40.36
3141504,6446.0,12008.532423208191,43.58
3141603,10775.0,14079.350348027841,35.13
3141702,5489.0,10827.655310621243,52.12
3141801,31509.0,11109.143419340506,40.69
3141900,3891.0,42086.86712927268,13.64
3142007,13651.0,11939.564867042707,45.27
3142106,10818.0,16081.345904973194,32.75
3142205,15205.0,21963.367313383755,22.04
3142254,4939.0,9474.792468110954,61.75
3142304,4948.0,15533.346806790623,38.39
3142403,7589.0,20111.47713796284,27.81
3142502,2184.0,21429.029304029304,33.12
3142601,8764.0,26029.895025102694,19.33
3142700,14621.0,11312.90609397442,44.67
3142809,21349.0,35522.78795259731,14.49
3142908,20544.0,12464.56386292835,41.49
3143005,13139.0,27872.593043610625,19.76
3143104,48049.0,32450.248704447542,17.24
3143153,4939.0,8927.515691435514,63.52
3143203,21504.0,22468.936011904763,24.05
3143302,417478.0,25868.39546035959,19.87
3143401,24247.0,24988.328453004495,23.82
3143450,8379.0,10865.974459959423,49.44
3143500,8955.0,60469.23506420994,10.96
3143609,2413.0,21157.065893079154,38.61
3143708,3126.0,14106.525911708253,50.25
3143807,5960.0,21512.58389261745,26.66
3143906,109997.0,24129.539896542632,23.78
3144003,26945.0,18885.136388940435,26.21
3144102,20522.0,26089.80606178735,20.82
3144201,3221.0,11602.918348339024,53.8
3144300,40583.0,19920.902841091098,23.44
3144359,7104.0,12689.611486486487,44.05
3144375,3306.0,22735.329703569267,32.09
3144409,4727.0,24411.25449545166,23.96
3144508,8710.0,76785.76349024111,7.17
3144607,26882.0,22990.514098653373,22.42
3144656,10355.0,12201.73829068083,41.7
3144672,3067.0,27203.782197587218,25.5
3144706,17524.0,24695.16092216389,23.55
3144805,97378.0,216073.09659265954,3.7
3144904,3548.0,16530.157835400227,42.91
3145000,16046.0,69546.86526237069,8.94
3145059,7493.0,15527.292139330042,36.13
3145109,16937.0,22768.022672256007,21.1
3145208,108241.0,24337.099620291756,22.37
3145307,31339.0,10542.455087909633,44.28
3145356,10800.0,11255.555555555555,45.15
3145372,5348.0,13162.864622288706,48.38
3145406,1694.0,18833.530106257378,49.44
3145455,6243.0,33944.738106679484,17.69
3145505,2829.0,15526.334393778721,43.14
3145604,41987.0,26390.62090647105,18.65
3145703,2128.0,19040.88345864662,37.47
3145802,3155.0,20574.643423137877,30.61
3145851,4671.0,15166.131449368444,42.48
3145877,8138.0,14999.754239370854,37.16
3145901,40220.0,131181.9741422178,5.55
3146008,33938.0,27522.21698391184,19.01
3146107,74824.0,127215.82647278949,5.07
3146206,5895.0,11499.91518235793,47.74
3146255,6466.0,8998.298793690072,59.45
3146305,20346.0,10512.533176054261,46.92
3146404,4440.0,18649.54954954955,32.06
3146503,8308.0,63928.74337987482,10.62
3146552,6098.0,9616.595605116432,58.2
3146602,1517.0,17990.771259063942,48.49
3146701,6606.0,15688.162276718134,34.53
3146750,5196.0,12285.79676674365,48.66
3146909,15922.0,23513.6289410878,21.76
3147006,94539.0,76145.83399443617,7.69
3147105,95616.0,42091.00987282463,13.7
3147204,21693.0,30002.48928225695,16.66
3147303,21353.0,27748.138434880344,21.03
3147402,24854.0,36962.05842117969,14.48
3147501,1619.0,14569.487337862878,55.57
3147600,16439.0,28685.747308230428,18.3
3147709,8031.0,59900.261486738884,9.97
3147808,2024.0,20788.043478260868,41.21
3147907,115970.0,26073.691471932398,19.23
3147956,6031.0,9123.694246393632,61.61
3148004,154641.0,39745.26160591305,14.22
3148103,92116.0,39945.69890138521,14.13
3148202,5744.0,20197.945682451253,30.87
3148301,9597.0,14253.412524747317,34.39
3148400,4794.0,14047.976637463496,38.92
3148509,8390.0,11091.060786650774,45.67
3148608,17534.0,15405.383825710049,33.51
3148707,24333.0,16493.445115686518,31.84
3148756,7157.0,13481.626379768059,41.2
3148806,2960.0,19494.256756756757,40.26
3148905,3977.0,29195.876288659794,22.81
3149002,2559.0,16519.34349355217,46.88
3149101,11098.0,16459.99279149396,30.15
3149150,12313.0,8903.110533582392,55.58
3149200,3651.0,55901.12298000548,14.67
3149309,65149.0,29749.25171529878,18.9
3149408,1804.0,16773.28159645233,48.32
3149507,3340.0,18715.56886227545,38.49
3149606,4457.0,19183.30715728068,29.38
3149705,11994.0,19566.449891612472,28.14
3149804,16469.0,98922.15677940373,6.18
3149903,21577.0,29058.117439866524,17.65
3149952,6738.0,16574.205995844462,37.96
3150000,4261.0,11047.876085425956,52.05
3150109,2719.0,34073.188672305994,21.0
3150158,8832.0,15942.595108695652,33.24
3150208,4141.0,15147.307413668195,42.74
3150307,4436.0,24885.031559963933,22.84
3150406,5034.0,17836.511720301947,31.31
3150505,8715.0,32324.383247274814,18.54
3150539,5029.0,10477.828594153907,55.35
3150570,7540.0,9430.901856763925,53.95
3150604,6386.0,47469.464453492015,11.8
3150703,6491.0,62194.114928362345,10.83
3150802,17641.0,11345.842072444873,41.23
3150901,5504.0,14237.463662790698,38.2
3151008,8683.0,15678.10664516872,32.28
3151107,10791.0,58715.13298118803,11.6
3151206,56845.0,50516.052423256224,12.36
3151305,10732.0,18665.765933656356,28.7
3151404,28433.0,26070.86835719059,18.03
3151503,35137.0,36446.39553746763,15.4
3151602,12445.0,46141.422257934915,12.53
3151701,16900.0,23895.384615384617,20.16
3151800,169838.0,50206.326028332885,15.28
3151909,8288.0,14684.000965250965,34.64
3152006,32248.0,36291.21185809973,14.93
3152105,60003.0,35699.51502424879,16.74
3152131,4305.0,12098.490127758421,52.46
3152170,12235.0,10013.894564773193,52.41
3152204,37823.0,13932.607143801391,35.3
3152303,11414.0,11409.32188540389,41.11
3152402,16675.0,10120.95952023988,45.36
3152501,154293.0,69466.21039191668,9.49
3152600,5862.0,47320.88024564995,13.83
3152709,9128.0,25093.667835232252,19.73
3152808,28173.0,45888.15532602137,12.56
3152907,8530.0,26801.758499413834,20.56
3153004,3658.0,42295.790049207215,15.24
3153103,5315.0,12746.754468485418,42.29
3153202,3572.0,13746.920492721165,47.49
3153301,3000.0,12064.333333333334,61.69
3153400,19680.0,37165.904471544716,14.94
3153509,8286.0,15154.839488293506,33.07
3153608,10931.0,18579.818863781904,29.44
3153707,3603.0,21539.272828198722,30.55
3153806,1948.0,20557.494866529774,39.03
3153905,16501.0,11737.712865886915,41.04
3154002,23663.0,17889.954781726745,28.89
3154101,10522.0,11713.267439650257,46.55
3154150,7247.0,16721.67793569753,32.18
3154200,11578.0,17919.588875453446,26.61
3154309,17396.0,15968.613474361922,34.96
3154408,4826.0,77261.91462909241,10.17
3154457,8132.0,19336.202656173144,26.71
3154507,9471.0,56229.753985851545,10.55
3154606,341415.0,15172.704772783856,32.9
3154705,4061.0,25940.901255848312,24.99
3154804,10524.0,44888.065374382364,15.37
3154903,13384.0,17731.918708906156,31.75
3155009,2630.0,19715.209125475285,47.18
3155108,5117.0,10290.01367989056,53.86
3155207,5332.0,11174.606151537884,45.22
3155306,5924.0,19201.553004726535,28.81
3155405,8964.0,13391.90093708166,38.86
3155504,12356.0,73358.04467465199,8.2
3155603,31171.0,11081.710564306568,44.04
3155702,14325.0,93518.74345549739,5.94
3155801,18007.0,23171.211195646138,22.21
3155900,5493.0,12586.01856908793,43.03
3156007,12635.0,11140.245350217649,41.77
3156106,4521.0,19980.09289980093,27.33
3156205,2335.0,49104.92505353319,16.13
3156304,8333.0,65361.334453378135,8.59
3156403,3507.0,77452.80866837753,8.35
3156452,4648.0,14570.352839931153,45.95
3156502,5609.0,14277.767873061151,43.3
3156601,10269.0,10876.716330704061,51.67
3156700,137877.0,30475.945951826627,15.65
3156809,15364.0,21786.448841447538,21.68
3156908,26556.0,78733.28061455039,9.15
3157005,41864.0,15939.279571947258,32.69
3157104,7014.0,18821.64242942686,31.79
3157203,31873.0,51088.601637749816,10.44
3157252,8212.0,13598.87968826108,37.18
3157278,3212.0,17515.87795765878,36.63
3157302,4385.0,16100.798175598631,36.97
3157336,8723.0,11859.795941763155,42.38
3157377,4074.0,12027.000490918017,53.16
3157401,4693.0,16403.57979970168,35.61
3157500,4354.0,11715.204409738171,51.18
3157609,3806.0,15745.139253809773,41.03
3157658,6406.0,9042.616297221355,55.97
3157708,14497.0,59343.03649030834,9.96
3157807,221705.0,23849.69666899709,22.17
3157906,16393.0,21594.278045507228,23.15
3158003,10867.0,24762.491948099752,22.42
3158102,5203.0,9606.573130886027,58.8
3158201,14607.0,11693.229273635929,41.5
3158300,7047.0,34522.77564921243,17.07
3158409,3909.0,12765.668969045792,49.06
3158508,7538.0,15498.275404616608,31.65
3158607,3985.0,11883.31242158093,53.64
3158706,2494.0,15698.476343223738,46.8
3158805,4847.0,21830.41056323499,26.87
3158904,8660.0,21919.399538106234,22.74
3158953,36048.0,20797.32578783844,25.68
3159001,4334.0,23943.239501615135,27.06
3159100,3753.0,13287.236877164934,49.6
3159209,8900.0,25609.887640449437,20.68
3159308,4843.0,15444.559157546975,38.93
3159357,7322.0,20729.445506692162,27.22
3159407,3380.0,18342.60355029586,36.48
3159506,5426.0,33009.030593439,18.08
3159605,44226.0,43957.061457061456,13.99
3159704,3364.0,30326.099881093935,22.23
3159803,19997.0,40134.82022303346,19.31
3159902,18697.0,18953.735893458845,27.01
3160009,3602.0,18847.307051637978,35.16
3160108,3861.0,22146.594146594147,36.24
3160207,3763.0,11884.134998671272,53.17
3160306,11570.0,9898.18496110631,52.96
3160405,28603.0,29467.608292836416,16.83
3160454,7316.0,9670.858392564243,58.78
3160504,1756.0,16222.665148063781,49.39
3160603,3044.0,16488.173455978977,40.93
3160702,46357.0,23764.199581508725,22.78
3160801,5411.0,16501.386065422288,33.93
3160900,3770.0,21348.806366047746,38.08
3160959,5672.0,16118.476727785614,38.19
3161007,17296.0,18122.91859389454,30.4
3161056,3354.0,13085.867620751342,50.9
3161106,56625.0,11446.32229580574,41.44
3161205,6512.0,23110.10442260442,23.53
3161304,6309.0,30722.618481534315,20.55
3161403,4758.0,15249.89491382934,38.47
3161502,12751.0,20644.106344600423,24.72
3161601,3860.0,11606.994818652849,52.12
3161650,4104.0,12165.692007797272,46.62
3161700,8527.0,38188.92928345256,14.08
3161809,12776.0,24354.023168440828,21.54
3161908,11114.0,684163.0376102213,2.38
3162005,25670.0,38429.216984807164,14.39
3162104,36084.0,32951.668329453496,16.63
3162203,7541.0,35549.927065375945,19.41
3162252,4949.0,12204.889876742776,49.38
3162302,2743.0,20080.568720379146,33.31
3162401,25033.0,10756.801022650101,48.71
3162450,13232.0,6983.827085852479,67.23
3162500,90897.0,33047.75735172778,15.3
3162559,11785.0,15534.662706830717,34.7
3162575,5975.0,13591.63179916318,40.79
3162609,7393.0,13773.840119031516,39.0
3162658,4476.0,9975.647899910635,57.8
3162708,23797.0,11977.39210824894,40.88
3162807,15761.0,16064.27257153734,32.4
3162906,26530.0,19072.936298529967,26.37
3162922,32696.0,33125.030584781016,17.78
3162948,7532.0,118350.2389803505,5.05
3162955,24490.0,25497.427521437323,25.04
3163003,4291.0,11544.628291773479,52.87
3163102,5151.0,22242.08891477383,24.63
3163201,4222.0,13723.590715300805,42.29
3163300,3851.0,13771.747598026486,45.64
3163409,5356.0,12578.23002240478,45.41
3163508,6409.0,15584.334529567795,34.2
3163607,2821.0,15655.79581708614,43.8
3163706,46539.0,25307.69891918606,23.68
3163805,6949.0,15118.722118290401,36.02
3163904,4563.0,32467.01731317116,18.45
3164001,7634.0,17600.73356038774,27.34
3164100,5160.0,15846.70542635659,34.9
3164209,12713.0,19119.79863132227,24.55
3164308,7100.0,45518.16901408451,12.74
3164407,5598.0,79055.3769203287,10.12
3164431,3039.0,21979.598552155316,33.03
3164472,6697.0,15564.581155741376,36.14
3164506,9884.0,10198.704977741805,46.15
3164605,6948.0,85876.07944732298,8.0
3164704,71915.0,31069.192797052074,18.71
3164803,1478.0,17567.65899864682,55.7
3164902,2259.0,15792.386011509518,45.76
3165008,10979.0,22407.596320247747,22.11
3165107,6980.0,27965.042979942693,20.84
3165206,7151.0,19205.8453363166,27.27
3165305,7876.0,26165.56627729812,20.37
3165404,7045.0,15650.532292405962,33.44
3165503,6421.0,10716.555053729948,49.89
3165537,34050.0,64327.34214390602,9.34
3165552,12493.0,9822.54062274874,45.12
3165560,2579.0,14214.811942613416,46.16
3165578,5365.0,16664.30568499534,36.96
3165602,2001.0,19006.996501749127,42.25
3165701,7902.0,13503.416856492027,39.38
3165800,1422.0,24965.541490857948,36.55
3165909,4056.0,22732.741617357,25.85
3166006,5786.0,14010.542689249914,38.24
3166105,3516.0,14137.656427758817,43.15
3166204,10474.0,11049.360320794349,43.13
3166303,7340.0,14298.910081743868,36.01
3166402,1857.0,24351.642434033387,35.25
3166501,4292.0,10495.806150978564,59.45
3166600,771.0,28425.421530479896,39.71
3166709,8725.0,10673.008595988538,46.71
3166808,11750.0,83695.74468085106,7.55
3166907,7667.0,21087.778792226425,25.18
3166956,4836.0,9810.794044665012,62.15
3167004,1949.0,19779.88712160082,37.8
3167103,20915.0,13979.344967726513,35.81
3167202,243950.0,51878.663660586186,11.86
3167301,2267.0,15496.691662990737,46.99
3167400,6258.0,22611.057845957173,23.82
3167509,2621.0,39653.94887447539,19.6
3167608,19834.0,14380.306544317838,33.13
3167707,5476.0,12299.123447772097,46.68
3167806,6226.0,13144.394474783167,39.37
3167905,3669.0,17905.96892886345,34.78
3168002,34653.0,16080.021931723084,31.55
3168051,3093.0,15865.17943743938,43.85
3168101,4890.0,140836.80981595092,6.38
3168200,1869.0,29989.299090422686,23.45
3168309,4120.0,16000.728155339806,40.48
3168408,14280.0,13185.504201680673,39.51
3168507,11680.0,16375.342465753425,32.28
3168606,141269.0,20896.44578782323,24.16
3168705,91268.0,61462.96620940527,9.07
3168804,8160.0,25197.916666666668,23.05
3168903,6369.0,59640.759930915374,11.13
3169000,16769.0,20833.14449281412,24.63
3169059,4117.0,17176.341996599465,34.21
3169109,6336.0,16902.304292929293,32.94
3169208,7683.0,17043.6027593388,32.14
3169307,80561.0,36729.33553456387,15.4
3169356,33062.0,95267.49742907265,6.83
3169406,57127.0,32869.816374043796,17.74
3169505,6797.0,12249.227600411947,44.76
3169604,25466.0,37158.01460771224,17.39
3169703,20280.0,21870.660749506904,24.09
3169802,5099.0,27421.65130417729,20.89
3169901,117995.0,30151.81999237256,15.17
3170008,12661.0,9255.745991627833,53.47
3170057,12514.0,13423.046188269138,37.45
3170107,340277.0,59904.91570103181,9.8
3170206,706597.0,60898.76549150364,9.65
3170305,2582.0,17099.92254066615,41.85
3170404,85461.0,50511.028422321295,11.9
3170438,4265.0,30574.443141852287,19.36
3170479,3256.0,29818.488943488945,23.47
3170503,10333.0,23217.265073066872,24.52
3170529,17470.0,11059.988551803091,45.48
3170578,6460.0,11975.077399380805,46.47
3170602,2143.0,40888.474101726555,22.18
3170651,5045.0,13504.856293359762,43.89
3170701,137608.0,58815.65025289227,11.08
3170750,7235.0,43745.404284727025,13.05
3170800,40101.0,27116.032019151644,21.43
3170909,19290.0,9704.250907205806,53.45
3171006,20692.0,56485.59829885946,10.32
3171030,9527.0,12117.140757846122,42.91
3171071,5733.0,23216.46607360893,24.15
3171105,4090.0,41666.503667481666,16.85
3171154,4852.0,13234.130255564716,41.89
3171204,131849.0,22898.269990671146,25.92
3171303,79910.0,22667.375797772493,23.49
3171402,3570.0,14968.067226890757,44.03
3171501,3157.0,13931.89737092176,49.62
3171600,13729.0,9583.36368271542,52.27
3171709,8652.0,20850.2080443828,23.23
3171808,10459.0,17589.826943302418,30.72
3171907,5303.0,11818.404676598151,48.92
3172004,43351.0,31123.59576480358,17.18
3172103,5270.0,26537.38140417457,26.15
3172202,2543.0,13004.325599685411,48.72
3200102,30326.0,18788.432368264854,29.59
3200136,9621.0,25569.27554308284,24.98
3200169,10801.0,17072.49328765855,35.15
3200201,29869.0,19255.716629281196,24.82
3200300,14670.0,31201.295160190864,19.91
3200359,7911.0,14288.079888762482,42.21
3200409,30285.0,190331.38517417863,4.46
3200508,7542.0,15671.042163882259,40.54
3200607,104942.0,50629.004593013284,12.38
3200706,12270.0,29410.676446617766,25.03
3200805,31263.0,29691.904167866167,19.34
3200904,45301.0,25716.80536853491,21.17
3201001,15146.0,17895.54998019279,31.25
3201100,9988.0,18705.446535843013,33.4
3201159,12450.0,23674.61847389558,23.7
3201209,212172.0,28971.612653884586,18.73
3201308,386495.0,35443.92294855043,17.28
3201407,37956.0,30840.552218358098,19.59
3201506,124283.0,35228.39004529984,16.95
3201605,31479.0,19284.72950220782,32.42
3201704,12887.0,21655.46674943742,26.7
3201803,4236.0,19494.09820585458,35.17
3201902,34120.0,28069.10902696366,19.52
3202009,6793.0,23521.860738996027,26.63
3202108,22748.0,18071.390891506944,29.77
3202207,22379.0,20934.045310335583,27.51
3202256,13047.0,25624.66467387139,21.96
3202306,31372.0,19523.747290577587,26.88
3202405,128504.0,19746.28805329017,26.86
3202454,26762.0,16817.98819221284,31.09
3202504,12701.0,22794.504369734666,26.16
3202553,8830.0,19476.78369195923,31.19
3202603,14083.0,22356.671163814528,30.38
3202652,13672.0,17277.72088940901,33.06
3202702,13982.0,23305.964811901016,24.6
3202801,34957.0,164321.22321709528,6.42
3202900,10433.0,25498.41847982364,22.41
3203007,29417.0,18303.769928952646,28.49
3203056,31589.0,30505.33413530026,19.31
3203106,12336.0,13952.821011673152,39.29
3203130,16774.0,38527.30416120186,14.51
3203163,10919.0,17188.936715816468,32.48
3203205,179755.0,44705.499151623044,14.0
3203304,15653.0,12973.423624864243,39.61
3203320,39259.0,169634.75890878524,4.93
3203346,17141.0,30155.766874744764,21.73
3203353,13091.0,23901.153464212053,26.23
3203403,26079.0,23290.88538670961,22.74
3203502,18954.0,21657.803102247548,27.86
3203601,5468.0,17693.489392831016,37.03
3203700,17176.0,22318.176525384257,26.83
3203809,15602.0,15018.459171901039,36.44
3203908,50751.0,26396.110421469526,21.3
3204005,23426.0,15303.466234098865,32.91
3204054,26575.0,15105.73847601129,35.07
3204104,27601.0,31219.484801275317,20.02
3204203,22388.0,39130.248347328925,14.88
3204252,8016.0,13416.541916167665,43.48
3204302,11741.0,580174.005621327,2.19
3204351,19398.0,27099.752551809466,23.4
3204401,11630.0,19766.20808254514,30.36
3204500,12171.0,27126.530276887683,18.69
3204559,41588.0,39227.95037029913,15.41
3204609,23853.0,24198.13021422882,23.79
3204658,8735.0,37932.2266742988,17.36
3204708,39085.0,19497.96597160036,26.06
3204807,10536.0,19323.652239939256,30.81
3204906,134629.0,21894.61408760371,24.83
3204955,12602.0,18170.52848754166,29.39
3205002,536765.0,69451.51788957923,8.34
3205010,31278.0,21342.605025896795,28.03
3205036,21778.0,19749.42602626504,27.4
3205069,26204.0,26795.527400396884,21.12
3205101,80735.0,52361.80095373753,12.38
3205150,9280.0,19465.625,31.38
3205176,14065.0,30861.28688233203,20.17
3205200,508655.0,32056.897111008442,16.82
3205309,369534.0,85036.77063544896,7.92
3300100,210171.0,53262.13892497062,19.01
3300159,12036.0,20697.82319707544,52.91
3300209,136109.0,31109.015568404735,30.55
3300225,12763.0,33490.2452401473,38.3
3300233,35060.0,84720.39361095265,16.87
3300258,30827.0,87762.35118564895,14.69
3300308,101139.0,26833.269065345714,32.19
3300407,185237.0,34816.31639467277,24.65
3300456,515239.0,17156.57393947275,47.12
3300506,27779.0,31941.21458655819,30.0
3300605,37306.0,24343.430011258242,37.29
3300704,234077.0,52801.039828774294,18.35
3300803,59652.0,21885.234359283848,40.51
3300902,15521.0,25761.677726950584,41.88
3300936,16859.0,43107.894892935525,28.26
3300951,8590.0,70310.71012805589,17.04
3301009,514643.0,72243.70291639058,11.6
3301108,20163.0,41730.54604969499,23.82
3301157,12818.0,30853.17522234358,36.08
3301207,19161.0,29292.46907781431,34.04
3301306,45864.0,51285.212803069946,19.82
3301405,23561.0,18426.000594202284,52.58
3301504,22152.0,20592.63271939328,45.74
3301603,11563.0,21552.711234108796,51.53
3301702,929449.0,57169.89743385597,15.49
3301801,14138.0,28768.920639411514,44.2
3301850,62225.0,21920.32141422258,43.9
3301876,29344.0,21516.93702290076,51.0
3301900,244416.0,23078.18637077769,38.24
3302007,136547.0,76916.2412942064,14.34
3302056,15387.0,27215.116656918177,38.85
3302106,23211.0,27395.976045840333,35.93
3302205,104354.0,32532.916802422522,28.25
3302254,32312.0,213338.945283486,8.25
3302270,106296.0,14395.489952585234,57.38
3302304,7298.0,25234.310770073993,49.63
3302403,266136.0,66683.15071993266,21.87
3302452,5646.0,38057.0315267446,36.28
3302502,247741.0,19236.949071812902,44.58
3302601,45941.0,69912.73590039398,18.85
3302700,167668.0,511810.17248371785,2.13
3302809,18681.0,19147.15486323002,47.3
3302858,177016.0,14796.47037555927,49.28
3302908,25622.0,24685.738818203106,42.41
3303005,27134.0,24404.068696100832,42.27
3303104,15305.0,21186.605684416856,46.12
3303203,162893.0,18782.016415683916,42.36
3303302,516981.0,128332.54607035848,7.77
3303401,191664.0,32999.81738876367,28.15
3303500,825388.0,21558.89351432296,37.83
3303609,53093.0,21902.604863164637,37.62
3303708,44741.0,28006.01238237858,35.02
3303807,44175.0,44262.139219015284,23.67
3303856,27942.0,24509.734449932002,42.89
3303906,307144.0,51003.34045268669,17.76
3303955,25563.0,56825.80291828033,16.49
3304003,29802.0,82208.34172203208,14.17
3304102,19068.0,21813.666876442207,44.96
3304110,20254.0,209624.02488397353,8.55
3304128,14562.0,20945.611866501855,46.91
3304144,152311.0,28636.697283846865,31.25
3304151,25535.0,234849.65733307225,5.95
3304201,133244.0,80711.75437543154,14.82
3304300,60930.0,30057.295256852125,34.25
3304409,18677.0,23342.024950473846,52.41
3304508,9401.0,31314.11551962557,40.37
3304524,159529.0,56096.35865579299,18.02
3304557,6775561.0,53077.914581537974,20.32
3304607,10380.0,22598.74759152216,54.72
3304706,42705.0,30081.536119892284,30.11
3304755,42214.0,28059.719524328422,39.21
3304805,38749.0,21811.608041497846,43.87
3304904,1098357.0,18504.686545449247,41.5
3305000,36731.0,269169.0670006262,4.53
3305109,473385.0,18935.361280986934,41.54
3305133,7240.0,27190.193370165747,45.13
3305158,22032.0,33784.22294843863,34.38
3305208,107556.0,25508.916285469895,34.47
3305307,9416.0,25624.575191163975,54.43
3305406,18270.0,54765.571975916806,20.57
3305505,91938.0,458767.4193478214,2.21
3305554,83841.0,56976.95638172255,18.95
3305604,21775.0,27675.177956371987,47.01
3305703,15709.0,38210.579922337514,31.77
3305752,34898.0,19901.828184996273,50.79
3305802,185820.0,31879.770745883114,28.1
3305901,10653.0,22717.825964517036,53.95
3306008,82468.0,76977.00926419944,13.52
3306107,77202.0,40447.03505090542,21.68
3306156,11208.0,23567.897930049963,48.03
3306206,37262.0,35458.48317320595,29.67
3306305,274925.0,71551.16122578885,13.69
3500105,35153.0,38997.12684550394,18.31
3500204,3545.0,32578.279266572637,24.59
3500303,36981.0,35551.68870501068,14.18
3500402,8262.0,25297.022512708787,19.05
3500501,18908.0,30971.229109371696,21.32
3500550,6142.0,35378.70400521003,20.08
3500600,3588.0,41208.19397993311,22.74
3500709,37582.0,70209.75466978873,9.46
3500758,6231.0,20765.527202696197,26.53
3500808,4201.0,28649.131159247798,27.2
3500907,4211.0,26662.075516504392,27.45
3501004,16221.0,51377.596942235374,10.35
3501103,4078.0,27853.114271701816,24.71
3501152,18903.0,210670.95170078822,3.72
3501202,3616.0,34389.10398230088,21.23
3501301,25078.0,28306.723024164607,18.3
3501400,5320.0,11012.406015037594,41.35
3501509,3251.0,17965.241464164872,37.82
3501608,244370.0,62271.47358513729,9.12
3501707,41545.0,29617.13804308581,18.83
3501806,5993.0,21158.35140997831,27.2
3501905,73145.0,70437.5692118395,8.4
3502002,5115.0,40726.09970674487,17.78
3502101,57245.0,49703.6422394969,11.58
3502200,25724.0,57306.48421707355,9.58
3502309,6911.0,24534.510201128636,24.54
3502408,4172.0,25316.634707574303,24.64
3502507,36211.0,28750.02071193836,18.54
3502606,4122.0,36763.70693837943,17.75
3502705,24081.0,37278.89207258835,14.11
3502754,23343.0,206250.43910379984,3.62
3502804,199210.0,45268.575874705086,9.95
3502903,35389.0,34075.10808443301,15.5
3503000,5689.0,26415.362981191774,21.6
3503109,6373.0,30569.276635807313,18.75
3503158,2452.0,18584.013050570964,49.37
3503208,240542.0,49692.930964239094,11.97
3503307,136739.0,50772.39851103196,10.14
3503356,1755.0,35382.336182336185,24.98
3503406,8665.0,26206.462781304097,19.57
3503505,3906.0,14877.880184331798,47.05
3503604,11186.0,14577.150008939747,34.62
3503703,9851.0,115410.7197238859,5.48
3503802,56247.0,30610.290326595197,16.96
3503901,92453.0,89703.63319740842,6.83
3503950,1815.0,21788.429752066117,37.31
3504008,105768.0,38598.78224037516,13.64
3504107,145378.0,57512.36087991305,10.76
3504206,15316.0,23409.76756333246,20.69
3504305,5467.0,68793.4882019389,9.11
3504404,14063.0,14178.269217094503,32.96
3504503,91792.0,35721.2175352972,14.55
3504602,18013.0,30636.151668239603,18.51
3504701,6127.0,10674.065611228987,45.19
3504800,9209.0,30257.574112281465,17.76
3504909,11039.0,19568.62034604584,29.42
3505005,3525.0,21264.113475177306,28.21
3505104,7532.0,14488.183749336165,33.46
3505203,35844.0,45290.87155451401,12.65
3505302,36125.0,41955.79238754325,13.56
3505351,5794.0,23082.153952364515,21.52
3505401,7606.0,16542.334998685248,37.65
3505500,123546.0,47783.95091706733,11.71
3505609,33537.0,18630.646748367475,28.56
3505708,279704.0,207460.9837542545,5.16
3505807,20952.0,50936.28293241695,11.0
3505906,63438.0,38097.08691951197,14.38
3506003,381706.0,43806.92994084452,10.56
3506102,77612.0,52575.439365046645,10.62
3506201,3028.0,69504.62351387054,12.0
3506300,11168.0,33842.22779369628,17.13
3506359,66154.0,31255.509870907277,23.66
3506409,8197.0,35693.180431865316,13.68
3506508,126094.0,31305.121575967136,15.53
3506607,33265.0,29190.320156320457,14.25
3506706,15111.0,25197.07497849249,21.91
3506805,12571.0,22429.719194972557,27.47
3506904,12107.0,17546.378128355496,28.94
3507001,63310.0,53597.046280208495,11.47
3507100,26506.0,55196.408360371235,9.32
3507159,4013.0,15912.53426364316,38.59
3507209,839.0,88432.6579261025,16.88
3507308,4913.0,105669.24486057399,6.3
3507407,16278.0,31833.271900724903,17.16
3507456,2713.0,27255.068190195354,32.27
3507506,149718.0,39937.47578781442,10.24
3507605,172346.0,46153.08739396331,11.04
3507704,5795.0,20826.056945642795,25.08
3507753,2911.0,25996.221229817933,29.02
3507803,25605.0,34947.51025190393,17.05
3507902,24862.0,45209.03386694554,13.12
3508009,20050.0,34121.1970074813,15.78
3508108,17414.0,36037.957964855865,14.09
3508207,4547.0,53769.078513305474,14.08
3508306,4222.0,24368.07200378967,25.64
3508405,51130.0,116591.68785448855,5.85
3508504,95752.0,54458.94602723703,9.86
3508603,33827.0,19914.033168770507,24.64
3508702,19031.0,30182.07135725921,15.19
3508801,17917.0,38094.77032985433,14.68
3508900,4195.0,16640.286054827175,35.6
3509007,104044.0,46700.030756218526,11.14
3509106,6017.0,15997.174671763338,37.33
3509205,79034.0,287384.66988890857,2.85
3509254,28441.0,61714.63731936289,10.77
3509304,10649.0,16049.957742511035,32.48
3509403,26613.0,28623.1916732424,19.02
3509452,6088.0,24817.181340341656,23.61
3509502,1223237.0,59634.322702795944,8.77
3509601,86407.0,29291.029661948683,16.93
3509700,52713.0,27503.803615806348,20.05
3509809,5028.0,38724.14478918059,15.82
3509908,12542.0,21081.964598947536,29.55
3509957,5268.0,24688.686408504178,26.57
3510005,31410.0,48339.60522126711,10.16
3510104,2805.0,38184.670231729055,17.77
3510153,5365.0,30627.958993476233,20.48
3510203,47098.0,26945.87880589409,19.13
3510302,21257.0,18457.63748412288,29.41
3510401,56973.0,52495.217032629494,11.96
3510500,125194.0,36201.70295701072,17.04
3510609,405375.0,16909.54301572618,21.45
3510708,12371.0,25957.4812060464,21.64
3510807,30655.0,38464.916000652425,14.2
3510906,2488.0,117809.88745980707,7.19
3511003,21521.0,64508.48008921518,10.01
3511102,123114.0,42386.41421771691,10.76
3511201,7905.0,19342.441492726124,24.91
3511300,9452.0,56401.18493440541,12.11
3511409,20391.0,46928.25266048747,10.86
3511508,50631.0,46293.89109438881,10.96
3511607,18595.0,39826.2436138747,13.23
3511706,17539.0,29370.146530588972,16.22
3511904,8894.0,20959.18596806836,24.35
3512001,18601.0,82881.18918337724,8.38
3512100,6223.0,59974.128233970754,15.53
3512209,28491.0,30159.488961426414,16.61
3512308,18138.0,23872.14687396626,23.3
3512407,25116.0,163554.14874980092,5.68
3512506,6197.0,35303.69533645312,15.29
3512605,4591.0,30746.678283598343,20.9
3512704,4072.0,84731.33595284872,10.92
3512803,74662.0,28255.873134928075,18.07
3512902,7289.0,69530.66264233777,10.05
3513009,257882.0,62486.583010834416,9.41
3513108,35858.0,48891.09822075966,11.51
3513207,8803.0,39369.07872316256,13.2
3513306,2021.0,68116.77387431964,14.03
3513405,82895.0,38390.409554255384,13.4
3513504,132521.0,165607.50371639212,4.17
3513603,21373.0,15269.826416506809,31.72
3513702,34097.0,61036.51347625891,10.03
3513801,429550.0,43031.90781049936,12.24
3513850,1805.0,38685.318559556785,21.53
3513900,11027.0,44568.51364831776,11.0
3514007,9088.0,15286.861795774648,33.62
3514106,27704.0,30150.8446433728,17.01
3514205,2108.0,27963.4724857685,29.46
3514304,8883.0,90318.47348868626,7.93
3514403,47287.0,30557.616258168207,14.83
3514502,12421.0,20338.62007889864,25.82
3514601,10174.0,33647.72950658541,17.16
3514700,6026.0,25295.718552937273,23.03
3514809,15592.0,21122.94766546947,23.28
3514908,18095.0,55521.13843603205,11.09
3514924,3742.0,20323.623730625335,33.77
3514957,2446.0,23385.11856091578,33.22
3515004,279264.0,51258.859000802106,9.65
3515103,70402.0,20683.0061645976,26.68
3515129,3238.0,24451.82211241507,29.52
3515152,21712.0,30446.435151068534,16.67
3515186,44607.0,46311.6551213935,10.16
3515194,4926.0,18630.125862768982,32.94
3515202,8420.0,89460.4513064133,6.13
3515301,2774.0,22511.175198269648,34.67
3515350,9280.0,14708.836206896553,35.04
3515400,16102.0,29419.450999875793,17.54
3515509,69680.0,35430.051664753155,14.3
3515608,5805.0,35416.709732988806,17.53
3515657,1739.0,46552.041403105235,18.79
3515707,198661.0,23863.128646286892,17.35
3515806,1397.0,30176.09162491052,31.76
3515905,2884.0,28393.203883495145,25.27
3516002,14936.0,17731.722013926086,27.33
3516101,2631.0,65354.998099581906,14.73
3516200,358539.0,31450.096084386914,14.22
3516309,179372.0,10439.015007916509,37.08
3516408,158438.0,27126.5163660233,15.91
3516507,2776.0,33755.40345821326,20.31
3516606,6419.0,26907.462221529833,20.77
3516705,44429.0,38831.1238155259,11.83
3516804,4911.0,17476.684992873143,28.63
3516853,4841.0,244615.78186325138,3.83
3516903,10855.0,25343.067710732383,20.83
3517000,11485.0,18806.094906399652,25.87
3517109,4842.0,25880.627839735647,24.51
3517208,12416.0,18704.977448453606,28.59
3517307,5806.0,76293.83396486394,5.96
3517406,41283.0,65519.584332533974,9.27
3517505,22087.0,40585.638610947615,11.95
3517604,16896.0,25989.109848484848,20.39
3517703,21394.0,28896.18584649902,20.11
3517802,8258.0,39546.137079195934,15.19
3517901,11382.0,32986.557722720085,18.62
3518008,1996.0,18557.114228456914,41.98
3518107,6685.0,29367.090501121915,19.82
3518206,33257.0,36072.94704874162,13.87
3518305,30465.0,50771.08156901362,11.33
3518404,123192.0,63947.999870121435,8.51
3518503,19244.0,16300.197464144669,28.07
3518602,40857.0,27783.09714369631,18.2
3518701,324977.0,32292.291454472164,19.49
3518800,1404694.0,55084.18559486977,9.33
3518859,7760.0,31618.943298969072,22.59
3518909,5346.0,17505.611672278337,32.59
3519006,9649.0,36890.35133174422,14.15
3519055,15605.0,93777.69945530279,6.35
3519071,237570.0,77357.50305173211,7.46
3519105,12002.0,54825.029161806364,11.17
3519204,6269.0,50533.577923113735,10.76
3519253,9786.0,17261.598201512366,29.86
3519303,35830.0,32354.25620987999,15.05
3519402,12639.0,25170.187514835034,20.64
3519501,7926.0,30862.22558667676,16.89
3519600,61150.0,32137.743254292724,14.87
3519709,80062.0,29609.3777322575,17.67
3519808,8363.0,25025.58890350353,25.16
3519907,8228.0,52789.985415653864,13.99
3520004,24821.0,15357.358688207567,30.13
3520103,30791.0,42208.34009937969,11.47
3520202,9631.0,24936.662859516146,26.39
3520301,31117.0,51053.12208760485,10.16
3520400,36194.0,385605.8462728629,2.26
3520426,11552.0,118036.79016620498,7.19
3520442,26886.0,26261.8091199881,21.49
3520509,260690.0,87525.862135103,6.98
3520608,4873.0,17846.91155345783,33.27
3520707,3876.0,28664.34468524252,23.24
3520806,4045.0,33790.11124845488,18.75
3520905,15165.0,32911.24299373558,17.17
3521002,38771.0,25010.80704650383,20.2
3521101,7824.0,121154.39672801636,5.11
3521150,5557.0,22360.8061903905,23.8
3521200,4180.0,15181.578947368422,47.03
3521309,16794.0,26361.498154102657,22.14
3521408,24982.0,85178.32839644545,7.64
3521507,8101.0,22987.65584495741,20.38
3521606,8356.0,13115.725227381523,34.13
3521705,17405.0,58380.86756679115,10.04
3521804,27632.0,33471.95280833816,15.03
3521903,15331.0,61001.891592198815,9.43
3522000,3937.0,58993.39598679198,11.42
3522109,104351.0,22704.86147713007,24.45
3522158,3332.0,16009.903961584634,38.19
3522208,179574.0,27338.584650339137,17.11
3522307,167106.0,38058.01706701136,12.26
3522406,95241.0,39783.202612320325,12.47
3522505,244131.0,52656.13543548341,9.71
3522604,75683.0,62845.43424547124,8.64
3522653,4294.0,12247.321844434095,48.7
3522703,43536.0,37459.114296214626,13.85
3522802,15197.0,20103.573073632953,24.12
3522901,14297.0,70205.56760159474,7.62
3523008,4994.0,20950.74088906688,29.73
3523107,379082.0,25112.292327253734,16.31
3523206,50778.0,23286.14754421206,20.04
3523305,17754.0,24725.695617888927,19.04
3523404,124254.0,66360.02060295845,9.09
3523503,21139.0,18764.369175457687,25.74
3523602,18610.0,68413.97098334228,12.67
3523701,6587.0,24568.847730378016,20.55
3523800,7862.0,25230.984482320022,17.73
3523909,177150.0,59502.190234264745,9.27
3524006,64330.0,130938.58230996424,6.38
3524105,42259.0,45131.04900731205,11.85
3524204,6963.0,22013.21269567715,24.87
3524303,78029.0,46151.85379794692,12.3
3524402,237119.0,67816.13451473732,7.51
3524501,7322.0,92434.85386506419,6.44
3524600,17911.0,29651.554910390263,17.59
3524709,59921.0,233328.91640660202,3.44
3524808,49291.0,40212.71631738046,12.15
3524907,6828.0,51684.82718219098,14.81
3525003,127734.0,38426.41739865658,13.66
3525102,45544.0,34708.41384155981,17.22
3525201,31173.0,96153.72277291246,7.71
3525300,153463.0,36376.162332288564,13.02
3525409,3143.0,53750.23862551702,12.93
3525508,13453.0,19442.354865085854,25.97
3525607,4577.0,32483.067511470395,16.39
3525706,37707.0,36644.416156151376,15.42
3525805,4824.0,12197.968490878939,41.94
3525854,3467.0,61724.83415056245,11.37
3525904,426935.0,135081.20205651913,5.12
3526001,20978.0,38510.77319096196,13.53
3526100,18627.0,19673.538411982605,25.06
3526209,31844.0,18025.27948750157,25.81
3526308,4882.0,15150.962720196641,36.2
3526407,29047.0,48579.922195063176,12.2
3526506,12581.0,14696.447023289087,29.78
3526605,7361.0,18111.262056785763,33.68
3526704,105273.0,38964.09335727109,13.2
3526803,69533.0,70818.57535271022,7.71
3526902,310783.0,51678.30608495317,9.83
3527009,8201.0,30018.16851603463,19.79
3527108,78978.0,85642.71062827623,5.12
3527207,89532.0,43299.18911674038,10.83
3527256,2311.0,18818.260493292946,40.99
3527306,51007.0,385773.540886545,2.07
3527405,22022.0,26531.24148578694,19.92
3527504,2412.0,29214.344941956882,27.19
3527603,15628.0,99603.72408497568,7.03
3527702,5918.0,15851.470091247043,31.9
3527801,4608.0,21340.494791666668,27.54
3527900,2623.0,38571.4830346931,19.94
3528007,17263.0,37292.64901813126,14.16
3528106,8174.0,24094.935160264253,19.21
3528205,3686.0,24669.289202387412,28.33
3528304,3086.0,33742.060920285156,20.44
3528403,47723.0,56474.15292416654,11.13
3528502,103645.0,22076.241015003136,20.42
3528601,9972.0,29272.76373846771,17.67
3528700,6039.0,25999.503229011425,24.05
3528809,14069.0,36775.74809865662,15.96
3528858,3097.0,38648.369389732,21.14
3528908,4098.0,18663.25036603221,28.14
3529005,242249.0,40272.63683235019,12.22
3529104,2101.0,19070.442646358875,36.55
3529203,26791.0,28179.239296778767,19.02
3529302,84069.0,63716.36393914522,7.65
3529401,481725.0,43128.783019357514,10.34
3529500,5638.0,66474.813763746,10.95
3529609,3813.0,103289.27353789668,7.75
3529658,1903.0,42887.54598003153,20.36
3529708,22480.0,45201.82384341637,11.88
3529807,13023.0,17373.646625201567,28.37
3529906,19511.0,23420.275741889192,22.64
3530003,3125.0,22515.84,31.17
3530102,29844.0,24753.451279989276,17.87
3530201,18415.0,32957.751832745045,15.75
3530300,60768.0,43778.53475513428,11.97
3530409,4966.0,42951.06725734998,13.39
3530508,69072.0,44065.49687282836,11.98
3530607,455587.0,43031.33539806886,11.31
3530706,154146.0,44538.20404032541,12.16
3530805,94098.0,67095.62371144976,10.43
3530904,3523.0,35344.02497871133,22.28
3531001,2274.0,25620.932277924363,35.05
3531100,58567.0,21421.705055748116,26.77
3531209,8181.0,30829.727417186165,19.44
3531308,51039.0,47713.317267187835,10.73
3531407,25651.0,29885.77443374527,17.05
3531506,18928.0,33768.068469991544,17.38
3531605,4166.0,30746.039366298606,19.01
3531704,4739.0,17520.573960751215,32.33
3531803,61707.0,69972.02910528789,8.04
3531902,33598.0,36487.82665634859,14.48
3532009,13936.0,45445.17795637198,12.59
3532058,4831.0,24983.647277996275,23.43
3532108,4525.0,19453.480662983424,33.39
3532157,3215.0,44261.58631415241,19.01
3532207,4950.0,129106.26262626263,7.54
3532306,6624.0,14098.882850241545,41.07
3532405,18866.0,24667.17905226333,22.99
3532504,8917.0,30979.925984075362,15.45
3532603,11575.0,31773.3909287257,17.63
3532702,5381.0,17820.479464783497,29.15
3532801,7161.0,45515.01186985058,12.34
3532827,9962.0,22192.23047580807,32.78
3532843,1824.0,25386.513157894737,31.0
3532868,1290.0,47027.13178294573,25.07
3532900,11519.0,32768.55629828978,18.56
3533007,21871.0,23447.89904439669,19.4
3533106,2333.0,15762.966138019718,44.15
3533205,4135.0,51548.97218863361,16.37
3533254,6057.0,12986.627043090639,39.47
3533304,4217.0,14278.871235475457,37.25
3533403,61716.0,65145.08393285372,9.55
3533502,41765.0,37973.30300490842,13.47
3533601,7522.0,115407.0725870779,6.05
3533700,4294.0,32921.75128085701,19.87
3533809,2447.0,52420.10625255415,13.8
3533908,55477.0,45985.63368603205,11.71
3534005,4462.0,46086.06006275213,14.54
3534104,6569.0,19753.843811843508,28.74
3534203,7318.0,87570.51106859797,7.6
3534302,44682.0,57728.078420840604,9.28
3534401,701428.0,122765.64380093181,4.91
3534500,2603.0,43366.11601997695,17.21
3534609,33118.0,32836.82589528353,13.65
3534708,115139.0,34406.856060935046,14.65
3534757,10712.0,51226.66168782674,15.53
3534807,8676.0,15558.552328261872,33.16
3534906,14326.0,15195.797850062823,31.37
3535002,13285.0,31646.217538577344,16.07
3535101,13691.0,9964.137024322548,40.63
3535200,9173.0,23443.802463752316,18.53
3535309,22322.0,40347.05671534809,14.29
3535408,15944.0,19933.89362769694,25.3
3535507,46180.0,39015.76440017323,12.9
3535606,18302.0,19254.616981750627,27.36
3535705,6536.0,42122.55201958384,14.2
3535804,20588.0,45907.567515057315,13.13
3535903,4112.0,32360.165369649807,17.37
3536000,10934.0,67842.14377172124,7.92
3536109,6579.0,55976.74418604651,13.01
3536208,19797.0,29601.656816689396,16.0
3536257,2177.0,24630.22508038585,33.93
3536307,14941.0,91078.8434509069,5.94
3536406,7540.0,26544.42970822281,23.55
3536505,114508.0,457517.7018199602,2.78
3536570,1835.0,26505.17711171662,39.17
3536604,8973.0,30054.051042014933,17.91
3536703,47523.0,64521.621109778425,8.53
3536802,6127.0,19271.42157662804,29.28
3536901,2468.0,32369.124797406806,25.93
3537008,16876.0,102593.26854704907,4.7
3537107,48992.0,30658.229915088177,17.73
3537156,3109.0,56819.55612737215,13.81
3537206,11507.0,15521.76935778222,31.9
3537305,64098.0,32488.65799244906,16.7
3537404,25685.0,42339.303095191746,13.55
3537503,8875.0,35826.92957746479,15.95
3537602,69697.0,28211.35773419229,19.3
3537701,6093.0,19534.711964549482,26.44
3537800,55731.0,28656.995209129567,14.17
3537909,29612.0,43096.71754694043,11.8
3538006,171885.0,79951.70026471186,6.85
3538105,17378.0,28703.015306709633,17.82
3538204,15564.0,20216.589565664355,22.33
3538303,3706.0,18103.88559093362,36.3
3538501,13495.0,14661.281956280103,29.43
3538600,27617.0,23959.734945866676,20.35
3538709,410275.0,84225.7607702151,7.21
3538808,29930.0,30945.639826261275,16.47
3538907,25939.0,20820.309186938586,21.61
3539004,11524.0,31655.501561957655,15.64
3539103,19453.0,42495.86182079885,13.87
3539202,27974.0,33165.83255880461,15.51
3539301,77330.0,42833.72559162033,13.68
3539400,13890.0,20048.020158387328,22.77
3539509,40430.0,34369.55231263913,14.41
3539608,5370.0,36082.30912476723,20.44
3539707,3606.0,33283.13921242374,22.59
3539806,119221.0,31616.468575167128,17.25
3539905,6166.0,25044.275056762894,21.97
3540002,22326.0,87425.46806414047,6.96
3540101,3385.0,27887.44460856721,24.43
3540200,51717.0,28285.96012916449,17.33
3540259,4719.0,20773.46895528714,25.57
3540309,2576.0,49170.41925465839,22.81
3540408,4136.0,28351.063829787236,22.99
3540507,10205.0,22903.87065164135,21.11
3540606,53698.0,69921.89653245932,9.36
3540705,56848.0,43904.32381086406,13.09
3540754,25603.0,12047.767839706285,37.29
3540804,17668.0,35101.25650894272,14.48
3540853,4327.0,9468.222787150451,53.76
3540903,22239.0,49306.44363505553,14.18
3541000,336454.0,25940.636758665376,21.68
3541059,5371.0,23527.648482591696,24.71
3541109,4067.0,19014.75288910745,29.43
3541208,12943.0,25644.28648690412,22.41
3541307,44572.0,29738.89437314906,15.27
3541406,231953.0,39845.09361810367,11.22
3541505,39648.0,20760.946327683614,19.68
3541604,41211.0,51330.10603964961,10.76
3541653,3902.0,37038.18554587391,20.42
3541703,14309.0,57387.588231183174,9.34
3541802,3513.0,194914.03358952462,4.69
3541901,13788.0,28178.343487090224,19.72
3542008,6736.0,41016.03325415677,13.39
3542107,9126.0,48529.804952881874,12.04
3542206,29743.0,46459.20048414753,11.44
3542305,3827.0,17461.458061144498,34.58
3542404,20523.0,47932.807094479365,13.09
3542503,10047.0,18401.015228426397,26.38
3542602,56463.0,41751.394718665324,13.02
3542701,7762.0,27280.597784076268,22.13
3542800,3320.0,18699.09638554217,32.38
3542909,13376.0,27794.407894736843,17.09
3543006,15984.0,37255.943443443444,12.79
3543105,4786.0,66664.85582950272,9.62
3543204,4537.0,49451.840423187125,14.09
3543238,2222.0,21152.565256525653,37.41
3543253,7686.0,15221.441582097319,33.88
3543303,125238.0,31068.86887366454,14.87
3543402,720116.0,55484.541379444425,8.18
3543501,5364.0,17299.776286353466,32.14
3543600,3651.0,52357.71021637908,16.3
3543709,10824.0,20883.49963045085,24.63
3543808,9940.0,35113.27967806841,13.12
3543907,209548.0,63209.078588199365,9.35
3544004,36233.0,49338.475974939975,12.15
3544103,52009.0,18472.322098098404,21.74
3544202,12856.0,20921.204107031735,26.06
3544251,15929.0,121901.68874380061,6.3
3544301,10888.0,34421.932402645114,16.69
3544400,3195.0,24710.485133020346,27.36
3544509,3191.0,32233.46913193356,23.01
3544608,5638.0,31123.802766938632,18.82
3544707,2427.0,22566.543057272353,33.48
3544806,6481.0,26150.285449776267,20.31
3544905,12103.0,34473.84945881186,14.11
3545001,17363.0,14499.33767206128,29.28
3545100,5372.0,18037.04393149665,29.76
3545159,8498.0,44465.874323370204,14.19
3545209,120779.0,77029.01166593531,7.22
3545308,46285.0,47995.61412984768,10.24
3545407,9396.0,29155.278842060452,18.53
3545506,4405.0,72374.57434733257,12.89
3545605,15639.0,24461.026919879787,19.25
3545704,6036.0,35584.99005964215,16.69
3545803,195278.0,40073.67445385553,14.34
3546009,14925.0,20959.396984924624,25.31
3546108,2111.0,45846.991946944574,22.06
3546207,4584.0,35264.1797556719,22.83
3546256,2166.0,29296.86057248384,30.77
3546306,35102.0,18687.653125178054,23.51
3546405,48207.0,57811.23073412575,9.95
3546504,5577.0,18714.900484131253,30.39
3546603,32796.0,41007.470423222345,15.96
3546702,27850.0,139885.74506283662,5.12
3546801,58529.0,28340.361188470673,17.18
3546900,8889.0,14751.715603554956,30.31
3547007,6298.0,24297.237218164497,22.21
3547106,2947.0,23436.71530369868,28.25
3547205,1448.0,27564.226519337015,33.93
3547304,145073.0,79579.95629786383,10.61
3547403,2476.0,27518.17447495961,26.46
3547502,27641.0,29877.17521073767,16.52
3547601,26960.0,30914.094955489614,17.97
3547650,1558.0,27025.673940949935,34.03
3547700,20855.0,26650.731239510907,17.65
3547809,723889.0,45062.56484074216,10.09
3547908,7024.0,30114.179954441912,20.82
3548005,23742.0,78794.28860247662,7.96
3548054,8541.0,33916.169066853996,22.78
3548104,5926.0,37602.59871751603,14.47
3548203,6843.0,21690.632763407863,27.79
3548302,3159.0,14964.54574232352,40.06
3548401,4856.0,16608.937397034595,31.68
3548500,433991.0,55508.46215704934,11.81
3548609,10907.0,37283.120931511876,13.19
3548708,849874.0,68571.35763654378,7.84
3548807,162763.0,95640.70458273686,11.58
3548906,256915.0,55044.874764027016,10.0
3549003,2813.0,18189.83291859225,32.1
3549102,92315.0,44794.345447652064,11.61
3549201,2555.0,20591.780821917808,33.29
3549250,1942.0,26507.723995880537,31.51
3549300,2095.0,27920.286396181385,28.97
3549409,52737.0,41547.41452869902,11.75
3549508,8991.0,25749.860972083196,22.15
3549607,4141.0,15297.512678097079,43.61
3549706,55298.0,42952.132084343015,11.84
3549805,469173.0,44679.92616795937,9.98
3549904,737310.0,61315.875276342376,7.43
3549953,16127.0,17697.77391951386,27.91
3550001,10693.0,19098.382119143364,29.95
3550100,41287.0,32463.414634146342,13.37
3550209,33071.0,28853.829639260985,15.47
3550308,12396372.0,66872.85175049603,7.33
3550407,36298.0,24418.31505868092,20.45
3550506,7724.0,30342.43915069912,19.49
3550605,93076.0,37074.8528084576,13.42
3550704,91637.0,174696.3017121905,4.47
3550803,12137.0,35304.60575100931,13.5
3550902,15446.0,32456.752557296386,19.12
3551009,370839.0,16506.513608331377,27.61
3551108,10493.0,19433.05060516535,25.93
3551207,3623.0,26651.39387248137,22.97
3551306,3595.0,116133.24061196105,7.0
3551405,15292.0,12785.966518441015,36.26
3551504,46166.0,29221.721613308495,19.58
3551603,29669.0,28485.018032289594,16.73
3551702,128432.0,55352.41995764295,10.82
3551801,12731.0,29783.20634671275,17.11
3551900,17820.0,15258.810325476992,33.16
3552007,6375.0,14519.058823529413,45.67
3552106,41690.0,26870.208683137444,17.86
3552205,695328.0,64046.60534308988,8.43
3552304,7738.0,29307.831481002842,22.19
3552403,289875.0,55816.789995687795,8.75
3552502,303397.0,48818.92042439444,9.95
3552551,4063.0,84169.57912872262,9.05
3552601,12561.0,22859.406098240586,22.77
3552700,16787.0,20278.965866444272,24.21
3552809,297528.0,34588.58325939071,14.48
3552908,6371.0,29259.456914142207,25.95
3553005,14415.0,23824.349635796047,20.49
3553104,6346.0,17319.098644815633,27.65
3553203,5562.0,25108.054656598346,24.5
3553302,23255.0,30119.071167490863,15.0
3553401,26231.0,50458.2364378026,10.41
3553500,7725.0,23966.084142394822,22.94
3553609,12940.0,23275.50231839258,21.17
3553658,2815.0,16647.246891651866,45.68
3553708,57547.0,28846.23003805585,18.07
3553807,23292.0,42424.52344152499,11.53
3553856,5968.0,61548.92761394102,10.65
3553906,7609.0,22125.114995400185,31.57
3553955,15361.0,58396.9793633227,9.77
3554003,124134.0,40892.849662461536,11.84
3554102,320820.0,50495.56137397918,11.32
3554201,4452.0,31023.36028751123,19.3
3554300,23395.0,26801.795255396453,17.78
3554409,9502.0,18410.334666386025,27.49
3554508,42946.0,50258.51068784054,11.48
3554607,2647.0,25047.601057801283,30.02
3554656,2432.0,15525.082236842105,44.94
3554706,10100.0,28177.425742574258,17.33
3554755,1752.0,25639.269406392694,37.56
3554805,48228.0,18591.5650659368,26.69
3554904,5856.0,20839.48087431694,27.23
3554953,7058.0,25756.58826863134,18.69
3555000,65615.0,33732.18014173588,13.75
3555109,15670.0,21720.29355456286,22.98
3555208,2024.0,27877.964426877472,28.78
3555307,1667.0,44206.35872825435,20.77
3555356,6488.0,32774.19852034525,18.01
3555406,92819.0,29152.878182268716,18.92
3555505,4828.0,23709.196354598178,29.67
3555604,10191.0,39430.96850161908,13.93
3555703,1886.0,30538.17603393425,29.0
3555802,9125.0,31344.0,14.18
3555901,1142.0,40623.467600700526,33.7
3556008,13965.0,34609.738632295026,17.24
3556107,13732.0,31863.239149431985,15.96
3556206,133169.0,59842.756197012815,10.34
3556305,27154.0,45529.093319584594,12.85
3556354,10842.0,14148.773289061059,30.09
3556404,43368.0,29684.075816270062,15.53
3556453,54315.0,53359.164135137624,11.82
3556503,124269.0,31913.34121945135,14.22
3556602,10804.0,22231.858570899665,22.32
3556701,81516.0,154054.52917218706,5.85
3556800,19133.0,23190.50854544504,22.48
3556909,9163.0,46388.51904398123,12.04
3556958,1852.0,24394.708423326134,32.8
3557006,124468.0,31487.900504547353,16.24
3557105,96106.0,40190.41475037979,11.23
3557154,2784.0,46763.29022988506,17.13
3557204,12418.0,21448.300853599612,26.82
3557303,11507.0,33843.0520552707,17.69
4100103,7360.0,30138.179347826088,18.81
4100202,5797.0,63628.42849749871,10.82
4100301,9567.0,22672.102017351313,23.84
4100400,121420.0,15946.755065063417,28.01
4100459,1429.0,67324.70258922323,16.88
4100509,22293.0,20746.10864396896,23.97
4100608,14945.0,29191.100702576114,17.54
4100707,9722.0,42252.62291709525,13.76
4100806,11598.0,29173.909294705983,20.43
4100905,6405.0,18909.289617486338,29.94
4101002,19466.0,38547.416007397514,14.67
4101051,2774.0,41471.52126892574,18.92
4101101,19823.0,41189.678656106546,14.5
4101150,2931.0,52609.00716479017,14.6
4101200,18919.0,37045.87980337227,17.2
4101309,7421.0,31443.875488478643,16.29
4101408,137438.0,28187.837424875215,18.75
4101507,126545.0,39148.042198427436,13.87
4101606,28480.0,50822.71769662921,11.29
4101655,2951.0,51557.4381565571,14.72
4101705,14029.0,39015.8243638178,14.89
4101804,148522.0,170121.33555971505,4.91
4101853,2026.0,63659.42744323791,13.85
4101903,14792.0,36475.93293672255,15.37
4102000,33306.0,49038.01116915871,11.87
4102109,26304.0,33565.99756690997,15.91
4102208,3871.0,45803.151640403,15.23
4102307,13238.0,69964.1184468953,9.71
4102406,31061.0,33272.20630372493,15.73
4102505,11287.0,26522.81385664924,20.59
4102604,10347.0,25536.870590509327,20.66
4102703,2781.0,53990.65084501978,13.48
4102752,3404.0,31411.280846063455,20.72
4102802,15400.0,34012.4025974026,15.35
4102901,16411.0,33656.81555054537,16.05
4103008,3991.0,71583.31245301929,10.58
4103024,2437.0,58517.439474764054,13.73
4103040,6343.0,56990.38309947974,11.99
4103057,7524.0,24629.851143009037,25.17
4103107,13308.0,21064.547640516983,25.9
4103156,3472.0,33315.09216589862,21.36
4103206,7103.0,22141.20794030691,23.49
4103222,3244.0,92495.68434032059,8.47
4103305,6290.0,39057.710651828296,16.76
4103354,5338.0,45246.53428250281,13.64
4103370,2521.0,109460.13486711623,7.96
4103404,2973.0,38361.58762193071,17.21
4103453,18783.0,103776.07410956715,6.13
4103479,3975.0,37480.0,17.65
4103503,8641.0,29302.742738109016,19.03
4103602,25569.0,32032.38296374516,16.66
4103701,108126.0,46518.8946229399,11.77
4103800,7967.0,35171.45726120246,16.94
4103909,13888.0,41645.52131336406,12.6
4103958,3831.0,39250.848342469326,16.26
4104006,44072.0,49374.29660555455,14.02
4104055,3694.0,60817.812669193285,11.57
4104105,8118.0,32184.035476718404,16.38
4104204,135678.0,42255.83366500096,13.34
4104253,30151.0,17962.953135882723,31.7
4104303,96102.0,53560.90403945807,10.44
4104402,14606.0,28867.383267150486,18.62
4104428,16126.0,52712.886022572246,11.33
4104451,13340.0,25183.2083958021,19.79
4104501,19172.0,57724.38973503025,9.72
4104600,15887.0,79028.51387927236,6.92
4104659,24225.0,65173.704850361195,9.52
4104709,14391.0,31869.77972343826,16.06
4104808,336073.0,46974.63051182332,11.97
4104907,72125.0,50345.31715771231,12.77
4105003,10144.0,35089.80678233439,14.86
4105102,10704.0,41152.7466367713,13.54
4105201,17884.0,22650.749273093268,21.67
4105300,11872.0,79410.20889487871,7.67
4105409,19083.0,47648.220929623225,13.81
4105508,84980.0,35769.781124970585,15.0
4105607,12939.0,33346.703763814825,18.13
4105706,16344.0,51271.41458639256,10.92
4105805,249277.0,22841.537727106792,22.25
4105904,24271.0,32807.34209550492,16.84
4106001,8896.0,32106.22751798561,17.21
4106100,3891.0,39173.73425854536,16.07
4106209,19082.0,29220.05030919191,18.81
4106308,17162.0,62007.74967952453,9.1
4106407,47840.0,37880.476588628764,15.78
4106456,7538.0,42944.547625364816,15.2
4106506,20430.0,43431.66911404797,13.5
4106555,3038.0,28862.080315997366,26.22
4106571,4229.0,41894.77417829274,17.34
4106605,20962.0,40996.46980249976,13.78
4106704,4430.0,46354.62753950339,12.81
4106803,18772.0,26905.284466226294,19.05
4106852,2892.0,52270.05532503458,13.36
4106902,1963726.0,49905.37936555304,11.43
4107009,15289.0,18054.09117666296,27.58
4107108,4975.0,59941.10552763819,11.31
4107124,3409.0,21923.14461718979,28.96
4107157,5279.0,24252.88880469786,25.1
4107207,41424.0,48919.63595983005,11.95
4107256,8988.0,93594.57053849577,10.97
4107306,5987.0,33466.67780190412,17.9
4107405,5906.0,52712.66508635286,12.73
4107504,13962.0,40582.00830826529,13.72
4107520,1633.0,39948.5609308022,23.81
4107538,4651.0,67328.10148355193,14.34
4107546,3980.0,40907.28643216081,17.21
4107553,2995.0,72030.71786310518,10.91
4107603,17379.0,28777.37499280741,19.2
4107652,103750.0,32023.306024096386,19.75
4107702,4734.0,44964.51204055767,14.24
4107736,5561.0,45646.106815320985,14.34
4107751,7625.0,21179.27868852459,27.03
4107801,4883.0,48997.95207864018,13.05
4107850,4583.0,39852.28016583024,17.27
4107900,6926.0,39145.827317354895,15.97
4108007,10360.0,38637.54826254826,15.41
4108106,2709.0,29742.709486895532,26.36
4108205,6345.0,58434.51536643026,10.71
4108304,257971.0,73531.63340065356,8.46
4108320,5942.0,48896.66778862336,12.61
4108403,93308.0,39595.09366828139,14.21
4108452,4466.0,41210.03134796238,16.6
4108502,13661.0,32609.033013688604,16.45
4108551,2850.0,25412.63157894737,28.01
4108601,28734.0,37390.19976334656,15.22
4108650,6997.0,44182.506788623694,11.87
4108700,5379.0,32111.54489682097,18.74
4108809,33497.0,34030.92814281876,17.1
4108908,6635.0,41256.36774679729,14.47
4108957,8881.0,33224.299065420564,15.43
4109005,3767.0,46974.25006636581,15.58
4109104,2239.0,34899.06208128629,23.38
4109203,5557.0,40284.865934856934,16.6
4109302,11969.0,42778.34405547665,14.01
4109401,183755.0,45217.94781094392,12.17
4109500,7554.0,15640.984908657665,34.58
4109609,37974.0,25863.090535629643,26.25
4109658,5030.0,59353.0815109344,11.84
4109708,31854.0,27576.882024235576,17.79
4109757,6387.0,28548.770940973853,20.77
4109807,55688.0,59499.245798017524,11.15
4109906,7671.0,32531.612566810065,20.11
4110003,4475.0,47487.150837988826,16.54
4110052,2251.0,37314.97112394491,21.87
4110078,13449.0,20533.57126923935,26.03
4110102,33306.0,38755.47949318441,12.81
4110201,11117.0,23901.1423945309,22.62
4110300,3122.0,18677.77065983344,34.25
4110409,4472.0,113471.37745974955,6.04
4110508,15327.0,40137.66555751288,13.43
4110607,13642.0,43766.4565313004,13.28
4110656,2216.0,87710.28880866426,9.42
4110706,61439.0,37211.071143736066,13.75
4110805,10029.0,35313.88971981254,17.49
4110904,4426.0,27514.234071396295,24.28
4110953,11588.0,45286.8484639282,19.23
4111001,6516.0,34318.90730509515,16.01
4111100,6110.0,37370.37643207856,16.15
4111209,12220.0,61621.44026186579,8.96
4111258,29493.0,21256.80669989489,23.65
4111308,2700.0,32500.0,23.9
4111407,14049.0,35426.5072247135,13.16
4111506,31886.0,29725.30264065734,17.82
4111555,8294.0,24587.65372558476,22.71
4111605,3299.0,43526.220066686874,15.29
4111704,5332.0,30017.066766691674,18.62
4111803,39268.0,40695.45176734237,13.89
4111902,13861.0,75707.5247096169,8.11
4112009,35192.0,50831.24005455786,12.26
4112108,21281.0,37129.5991729712,16.21
4112207,4948.0,48895.715440582055,13.84
4112306,4929.0,33154.39237167782,18.24
4112405,9573.0,33550.402172777605,16.88
4112504,11067.0,33803.10834011024,16.78
4112603,1309.0,43578.304048892285,22.42
4112702,12687.0,22280.759832899817,27.28
4112751,8251.0,53565.870803538965,11.58
4112801,12108.0,56241.90617773373,10.1
4112900,3248.0,39427.33990147783,17.08
4112959,7244.0,60868.442849254556,9.52
4113007,7069.0,57311.21799405856,12.13
4113106,3996.0,41453.953953953955,16.25
4113205,48651.0,58399.190150253846,9.46
4113254,5719.0,19761.496765168737,27.17
4113304,32167.0,31949.79326639102,16.52
4113403,3896.0,58360.369609856265,11.97
4113429,3155.0,39835.499207606976,18.41
4113452,4488.0,44757.35294117647,16.67
4113502,23393.0,29835.848330697216,17.74
4113601,4850.0,44446.18556701031,15.05
4113700,580870.0,40635.078416857476,13.65
4113734,7217.0,75773.59013440488,8.43
4113759,4695.0,30289.669861554845,20.15
4113809,4969.0,26463.674783658684,24.29
4113908,13697.0,55369.56997882748,10.36
4114005,12900.0,61486.589147286824,10.63
4114104,23373.0,29424.250203225944,18.24
4114203,34628.0,53012.186669747025,11.52
4114302,27750.0,23964.432432432433,23.55
4114351,2442.0,33362.81736281736,22.14
4114401,16572.0,107003.86193579531,6.04
4114500,13517.0,39319.96744839831,14.08
4114609,54031.0,54112.43545372101,12.77
4114708,5593.0,24037.725728589307,23.72
4114807,36103.0,73523.88998144199,8.44
4114906,8793.0,53045.94563857614,10.4
4115002,7093.0,24600.31016495136,22.24
4115101,10327.0,27535.48949356057,18.66
4115200,436472.0,51906.50946681574,11.96
4115309,6655.0,66102.3290758828,9.54
4115358,5562.0,85960.08629989212,9.07
4115408,14407.0,44083.015200943984,14.13
4115457,4283.0,26022.41419565725,22.75
4115507,4676.0,22123.82378100941,27.81
4115606,18266.0,60022.22708857987,10.35
4115705,35705.0,24988.993138215938,27.08
4115739,3142.0,39206.556333545515,20.11
4115754,10994.0,33991.08604693469,16.8
4115804,46940.0,52024.71239880699,11.0
4115853,5617.0,49530.17625066762,17.2
4115903,2180.0,58089.449541284404,14.88
4116000,1786.0,29296.752519596863,30.79
4116059,10706.0,43566.224546983,17.72
4116109,11966.0,25584.489386595353,22.64
4116208,16485.0,23610.009099181072,25.03
4116307,4034.0,33943.72830937035,19.09
4116406,4009.0,24822.898478423547,25.78
4116505,1560.0,33285.89743589744,28.6
4116604,3424.0,28504.672897196262,21.35
4116703,10131.0,80915.50686013227,8.32
4116802,4827.0,72112.4922311995,9.99
4116901,28062.0,33610.61221580785,16.49
4116950,5014.0,32866.374152373355,20.25
4117008,8120.0,38784.23645320197,15.57
4117057,11462.0,26896.178677368698,20.01
4117107,13188.0,33586.21474067334,17.74
4117206,5846.0,18680.63633253507,29.84
4117214,4304.0,25730.018587360595,25.46
4117222,8311.0,52911.44266634581,11.92
4117255,10540.0,46726.56546489563,13.94
4117271,5252.0,36136.329017517135,20.63
4117297,2836.0,32230.95909732017,22.93
4117305,21783.0,125163.20066106597,5.24
4117404,3423.0,48698.802220274614,13.79
4117453,6036.0,52786.94499668655,11.98
4117503,42251.0,25033.632340062955,21.37
4117602,52503.0,30789.192998495324,16.46
4117701,34109.0,48140.549415110385,11.98
4117800,12755.0,25937.82830262642,20.61
4117909,32389.0,86937.3861496187,7.14
4118006,14211.0,26545.56329603828,20.85
4118105,11685.0,27858.10868635002,18.77
4118204,157378.0,86714.20401835072,8.29
4118303,3277.0,28080.866646322855,20.43
4118402,89454.0,35546.73910613276,15.45
4118451,5755.0,42308.07993049522,19.89
4118501,84779.0,53646.37469184586,12.07
4118600,5942.0,74042.74654998317,8.18
4118709,7418.0,53481.26179563224,11.05
4118808,14017.0,32405.578939858744,16.76
4118857,6194.0,45509.04100742654,13.9
4118907,11406.0,31534.718569174118,17.73
4119004,6232.0,38182.284980744545,15.17
4119103,13015.0,70666.84594698425,8.51
4119152,134788.0,59077.61818559516,10.85
4119202,6323.0,39771.46923928515,14.17
4119251,2742.0,29265.499635302698,22.41
4119301,32722.0,54849.122914247295,9.37
4119400,25779.0,46226.385817913804,13.21
4119509,116852.0,13211.986102077843,37.86
4119608,29686.0,38428.552179478545,14.08
4119657,3298.0,36944.511825348694,18.66
4119707,4281.0,24273.300630693764,26.78
4119806,13385.0,31776.316772506536,16.55
4119905,358838.0,54314.896973007315,10.37
4119954,28529.0,22900.101650951663,29.36
4120002,12587.0,44029.23651386351,12.35
4120101,4899.0,33298.83649724434,20.29
4120150,3133.0,54265.240983083306,13.84
4120200,2554.0,42525.841816758024,24.49
4120309,4057.0,24337.687946758688,25.11
4120333,3806.0,44909.879138202836,16.6
4120358,5035.0,65430.58589870904,11.38
4120408,5395.0,27321.59406858202,21.23
4120507,11138.0,33332.914347279584,17.44
4120606,52776.0,29781.150522964985,16.24
4120655,4420.0,82127.37556561086,8.76
4120705,7504.0,28266.79104477612,22.73
4120804,24253.0,80036.28417103039,10.42
4120853,4043.0,62717.536482809795,12.19
4120903,34707.0,42254.21384735068,11.9
4121000,12257.0,21311.577058007668,25.31
4121109,4444.0,57936.76867686769,10.9
4121208,19388.0,26260.41881576233,20.13
4121257,4500.0,25283.11111111111,24.27
4121307,3760.0,49375.265957446805,13.53
4121356,2602.0,90240.96848578016,9.21
4121406,16976.0,43772.50235626767,12.76
4121505,14991.0,35783.603495430594,15.21
4121604,6772.0,62392.64619019492,9.27
4121703,26933.0,28120.818326959492,17.47
4121752,8127.0,31995.570321151718,17.98
4121802,10622.0,36122.29335341744,18.45
4121901,12869.0,26267.85298002953,20.66
4122008,15433.0,47272.98645759088,11.3
4122107,3162.0,33005.06008855155,20.53
4122156,13240.0,33346.978851963744,16.7
4122172,4121.0,28040.281485076437,23.61
4122206,32635.0,42151.034165772944,14.05
4122305,34645.0,37475.94169432818,14.43
4122404,68165.0,52445.463214259515,11.15
4122503,9447.0,63310.15137080555,9.73
4122602,9664.0,36223.50993377483,15.25
4122651,4595.0,28262.894450489664,23.02
4122701,6954.0,101426.22950819672,6.92
4122800,3389.0,36689.58394806727,18.37
4122909,4862.0,21319.621554915673,27.12
4123006,14957.0,35427.62586080096,14.53
4123105,3208.0,31438.902743142145,20.6
4123204,3253.0,47190.28588994774,15.31
4123303,7705.0,48682.15444516548,11.93
4123402,12330.0,25926.520681265207,19.56
4123501,27036.0,54194.074567243675,13.09
4123600,1568.0,32834.82142857143,29.84
4123709,8484.0,29835.337105139086,19.55
4123808,14924.0,31291.342803537926,16.22
4123824,3795.0,36919.10408432147,18.21
4123857,9210.0,29023.887079261673,19.58
4123907,11523.0,42789.72489803003,12.97
4123956,4052.0,22460.266535044422,29.14
4124004,4916.0,34906.63140764849,17.94
4124020,10055.0,57891.09895574341,11.47
4124053,23927.0,28726.41785430685,20.1
4124103,46503.0,32376.34131131325,16.31
4124202,2611.0,20703.178858674837,35.25
4124301,2032.0,52604.330708661415,18.23
4124400,20354.0,31850.741868920115,16.19
4124509,5422.0,98139.43194393213,7.03
4124608,6961.0,56892.11320212613,10.59
4124707,11088.0,29120.761183261184,18.14
4124806,10122.0,87988.34222485675,7.47
4124905,5819.0,26566.764048805635,22.01
4125001,9897.0,36495.60472870567,15.89
4125100,15359.0,37733.90194674132,13.59
4125209,9005.0,52563.46474181011,12.9
4125308,5535.0,72504.96838301717,8.75
4125357,5532.0,26277.476500361532,26.64
4125407,6115.0,37577.2690106296,15.46
4125456,3601.0,27499.02804776451,24.5
4125506,334620.0,80715.16944593868,8.93
4125555,2165.0,28793.533487297922,34.15
4125605,47137.0,32179.77385069054,15.26
4125704,27696.0,53079.18110918544,13.63
4125753,5745.0,43020.7136640557,14.42
4125803,11109.0,33317.22027185165,15.96
4125902,2265.0,39877.704194260485,22.4
4126009,8865.0,33858.09362662154,16.26
4126108,5778.0,28290.584977500865,22.7
4126207,6708.0,22939.773404889685,26.25
4126256,98888.0,20960.429981393092,24.99
4126272,5578.0,140967.730369308,6.01
4126306,19441.0,34195.25744560465,15.16
4126355,4460.0,65320.40358744394,12.16
4126405,5149.0,80879.97669450378,9.57
4126504,16456.0,41977.39426349052,15.14
4126603,21476.0,32899.795120134106,16.06
4126652,2880.0,55041.666666666664,14.82
4126678,15277.0,25632.061268573674,20.37
4126702,5196.0,24310.238645111625,23.98
4126801,16480.0,30136.52912621359,19.02
4126900,5452.0,28140.68231841526,21.45
4127007,12761.0,48303.737951571195,10.44
4127106,80588.0,60969.883853675485,8.46
4127205,17304.0,32906.611188164585,17.72
4127304,17054.0,22056.70223994371,24.4
4127403,17562.0,51025.22491743537,11.43
4127502,20688.0,69608.4686774942,8.96
4127601,17295.0,33326.626192541196,16.31
4127700,144601.0,51743.69471857041,11.09
4127809,7699.0,42103.64982465255,13.3
4127858,12036.0,36221.00365569957,16.46
4127882,9269.0,15549.573848311577,33.3
4127908,8502.0,27490.119971771346,20.66
4127957,8105.0,53229.73473164713,12.73
4127965,12977.0,46360.63805193805,12.69
4128005,20809.0,82365.4188091691,7.74
4128104,113416.0,36181.932002539324,14.79
4128203,58298.0,33605.86984116093,16.04
4128302,2623.0,38077.77354174609,19.53
4128401,11233.0,32746.906436392772,16.37
4128500,19358.0,36740.41739849158,14.4
4128534,12267.0,28336.43107524252,19.33
4128559,8389.0,40661.342233877695,13.79
4128609,7094.0,70443.75528615732,9.04
4128625,2630.0,43217.110266159696,23.75
4128633,5525.0,17956.018099547513,32.78
4128658,4051.0,46834.85559121204,14.24
4128708,6879.0,72442.7969181567,8.29
4128807,5584.0,21423.889684813752,28.37
4200051,2534.0,29649.17127071823,31.13
4200101,18015.0,43625.20122120455,13.66
4200200,11160.0,35497.132616487455,16.94
4200309,5570.0,41812.02872531418,15.83
4200408,7160.0,90934.63687150838,7.77
4200507,6544.0,21043.245721271393,26.69
4200556,2341.0,69660.40153780436,12.68
4200606,6646.0,30031.597953656335,19.09
4200705,10136.0,33195.441988950275,13.42
4200754,1915.0,41251.17493472585,22.58
4200804,5477.0,37211.064451341976,18.27
4200903,4686.0,37251.600512163895,16.66
4201000,6783.0,34130.473241928354,20.02
4201109,3223.0,26238.907849829353,26.31
4201208,8712.0,91429.17814508724,7.68
4201257,10951.0,40403.61610811798,17.67
4201273,4268.0,66638.70665417057,11.84
4201307,40890.0,183125.45854732208,4.93
4201406,69493.0,34323.88873699509,14.63
4201505,8843.0,30770.779147348185,19.87
4201604,3547.0,35509.72652946151,21.0
4201653,2228.0,91504.48833034112,9.98
4201703,8021.0,30543.697793292606,19.74
4201802,3179.0,39629.12865681032,19.04
4201901,5687.0,71552.31229119044,10.16
4201950,13782.0,16101.21898127993,33.69
4202008,149227.0,49311.91406380883,17.91
4202057,11271.0,22592.40528790702,29.71
4202073,11537.0,18808.615757996013,33.39
4202081,2618.0,39042.01680672269,21.62
4202099,1625.0,32172.923076923078,28.71
4202107,30539.0,77685.74609515701,9.86
4202131,6386.0,30824.772940808016,20.55
4202156,2712.0,21258.11209439528,34.33
4202206,11896.0,39522.52858103564,14.82
4202305,70471.0,37891.87041478055,16.09
4202404,366418.0,56163.9712022881,11.64
4202438,3501.0,38816.909454441586,18.23
4202453,20889.0,42012.25525396141,20.97
4202503,4801.0,77412.62237033951,7.99
4202537,3104.0,51242.59020618557,14.78
4202578,2136.0,34504.68164794007,23.92
4202602,10153.0,41599.82271249877,12.97
4202701,5396.0,79807.44996293551,9.66
4202800,34294.0,50884.03219222021,12.1
4202859,3794.0,65933.31576172904,13.06
4202875,2318.0,59516.39344262295,13.23
4202909,140597.0,62053.48620525331,11.5
4203006,80017.0,58780.20920554382,9.95
4203105,6112.0,51828.370418848164,12.5
4203154,3325.0,29380.751879699248,25.82
4203204,87179.0,25724.91081567809,22.42
4203253,2467.0,95265.09931090393,12.33
4203303,11985.0,58381.56028368794,11.28
4203402,6889.0,48341.41384816374,13.53
4203501,8312.0,52674.32627526468,12.09
4203600,36861.0,70815.95724478445,10.18
4203709,12553.0,23553.094877718475,25.6
4203808,54558.0,40381.74053301074,14.16
4203907,23218.0,46116.805926436384,13.51
4203956,25477.0,52934.136672292654,11.23
4204004,11106.0,47801.27858815055,13.4
4204103,3462.0,47414.21143847487,16.54
4204152,2709.0,24327.427094868955,36.4
4204178,3013.0,46935.280451377366,15.57
4204194,3025.0,32374.214876033056,22.7
4204202,227587.0,60173.8236366752,10.23
4204251,16956.0,52399.917433356924,13.66
4204301,75683.0,60249.05196675607,10.08
4204350,4585.0,94781.4612868048,8.7
4204400,9900.0,38543.73737373737,15.96
4204459,2560.0,22413.28125,31.31
4204509,16300.0,48932.82208588957,12.46
4204558,12315.0,48019.81323589119,14.32
4204608,219393.0,45878.04989220258,13.0
4204707,11150.0,83189.41704035875,7.72
4204756,1972.0,33785.49695740365,23.42
4204806,40037.0,46840.37265529385,11.5
4204905,8136.0,36750.983284169124,14.97
4205001,15592.0,40809.19702411493,16.17
4205100,4224.0,39236.032196969696,17.55
4205159,4164.0,42198.84726224784,17.56
4205175,3232.0,18751.856435643564,37.51
4205191,2059.0,85746.47887323944,10.49
4205209,4423.0,41408.32014469817,16.09
4205308,10630.0,71342.52116650988,10.24
4205357,1575.0,40811.42857142857,26.24
4205407,516524.0,45612.49235272707,15.11
4205431,2481.0,31695.687222893994,25.2
4205456,27621.0,44333.948807067085,13.39
4205506,36723.0,34682.86904664651,17.89
4205555,1918.0,53231.49113660063,17.23
4205605,2711.0,36873.109553670234,22.08
4205704,24070.0,32129.829663481512,20.46
4205803,18816.0,108059.2049319728,7.34
4205902,71925.0,57801.64059784498,10.63
4206009,14739.0,30515.503087047968,27.04
4206108,6621.0,49715.45083824196,13.64
4206207,11652.0,33239.2722279437,17.67
4206306,24922.0,50675.14645694567,13.64
4206405,9964.0,45627.96065837013,13.67
4206504,46757.0,53776.119083773556,12.56
4206603,5196.0,38984.79599692071,17.84
4206652,4692.0,75660.48593350383,10.78
4206702,22820.0,27345.4425942156,21.8
4206751,1952.0,38733.60655737705,22.38
4206801,3154.0,46105.897273303744,16.62
4206900,19238.0,31147.676473645908,20.46
4207007,58055.0,60661.61398673672,9.54
4207106,14531.0,83638.84109834148,9.32
4207205,9764.0,25895.432199918065,20.81
4207304,45711.0,54756.57937914287,13.11
4207403,6284.0,41484.24570337365,14.64
4207502,72346.0,50811.2818953363,12.01
4207577,2979.0,76461.8999664317,10.28
4207601,4367.0,24532.86008701626,28.87
4207650,9093.0,41934.565050038495,14.06
4207684,7643.0,42031.008766191284,14.97
4207700,7647.0,60903.62233555643,11.09
4207759,3901.0,34300.435785695976,20.12
4207809,10575.0,26731.91489361702,21.27
4207858,1887.0,30004.76947535771,30.66
4207908,11354.0,40424.25576889202,15.13
4208005,6091.0,66447.54555902151,12.93
4208104,21889.0,47863.08191328978,12.47
4208203,226617.0,210739.73708945047,6.16
4208302,69323.0,41681.17363645543,18.25
4208401,17139.0,62129.237411750975,10.61
4208450,21766.0,77596.02131765138,14.0
4208500,25619.0,54635.89523400601,10.74
4208609,3899.0,46512.95203898435,16.43
4208708,10337.0,51251.33017316436,11.11
4208807,20547.0,41467.318829999516,13.83
4208906,184579.0,65302.87302455859,10.06
4208955,1520.0,44290.13157894737,24.05
4209003,30684.0,77605.07104679964,9.46
4209102,604708.0,74539.67038636829,10.06
4209151,5019.0,25996.61287108986,25.89
4209177,2083.0,42361.97791646663,21.56
4209201,2248.0,61281.58362989324,14.1
4209300,157158.0,41852.27605339849,15.33
4209409,46424.0,23563.738583491297,22.48
4209458,1408.0,42002.130681818184,22.46
4209508,7154.0,62175.5661168577,11.2
4209607,15380.0,27231.5344603381,22.58
4209706,12122.0,34383.765055271404,15.76
4209805,2960.0,40467.90540540541,18.66
4209854,4530.0,33536.4238410596,18.8
4209904,12497.0,37306.39353444827,16.91
4210001,13347.0,59397.24282610325,10.94
4210035,5683.0,51556.396269575926,14.29
4210050,1757.0,33663.6311895276,27.92
4210100,56825.0,43822.73647162341,13.18
4210209,3465.0,17934.776334776336,38.99
4210308,8209.0,36584.11499573639,16.16
4210407,7461.0,36601.125854443104,16.72
4210506,26463.0,67799.53142122964,9.78
4210555,1703.0,57141.51497357604,18.18
4210605,17330.0,43385.689555683784,14.02
4210704,2442.0,25630.630630630632,30.2
4210803,6989.0,48703.10487909572,13.08
4210852,2257.0,39629.59680992468,21.32
4210902,4227.0,40290.04021764845,16.35
4211009,12034.0,90509.30696360313,6.84
4211058,9945.0,23471.79487179487,26.39
4211108,8263.0,28734.96308846666,20.35
4211207,18095.0,50986.01823708207,13.04
4211256,2884.0,50322.46879334258,15.8
4211306,85734.0,71652.19166258427,10.86
4211405,5163.0,48107.10827038543,13.75
4211454,4327.0,43780.67945458747,17.28
4211504,15010.0,46073.21785476349,12.71
4211603,15515.0,69262.64904930712,9.38
4211652,2366.0,50652.57819103973,15.36
4211702,23161.0,51295.02180389448,12.52
4211751,19201.0,51981.667621478045,13.21
4211801,7251.0,34840.849537994756,17.65
4211850,2197.0,62478.83477469276,13.09
4211876,1444.0,40383.65650969529,27.76
4211892,2352.0,36114.37074829932,21.65
4211900,178679.0,45948.52780684915,15.79
4212007,7321.0,45388.19833356099,14.28
4212056,2673.0,70294.42573887018,12.32
4212106,16144.0,56603.87760158573,9.76
4212205,19521.0,43738.845346037604,12.53
4212239,3284.0,43636.11449451888,17.75
4212254,9269.0,25608.80353867731,24.0
4212270,4072.0,43021.85658153242,16.42
4212304,7642.0,32723.50170112536,19.68
4212403,3931.0,62053.167133045026,11.96
4212502,34022.0,30484.774557639175,21.04
4212601,2733.0,44257.95828759605,17.46
4212650,10225.0,11683.911980440098,47.79
4212700,5873.0,38066.40558487996,16.13
4212809,24385.0,62085.17531269223,14.3
4212908,21103.0,71753.73169691513,9.12
4213005,3635.0,62525.997248968364,13.43
4213104,3637.0,220280.1759692054,4.24
4213153,2907.0,48825.24939800482,15.89
4213203,34561.0,81202.88764792685,10.87
4213302,4619.0,38054.99025763152,18.6
4213351,3426.0,48640.10507880911,15.9
4213401,11674.0,24933.61315744389,22.11
4213500,22466.0,65527.86432831835,11.8
4213609,35685.0,32221.7458315819,16.53
4213708,17965.0,40026.7742833287,13.91
4213807,7305.0,30565.22929500342,18.01
4213906,1526.0,49752.94888597641,23.83
4214003,17973.0,54811.383742280086,11.36
4214102,2279.0,27531.373409390082,28.19
4214151,2950.0,46071.52542372881,17.89
4214201,9773.0,47338.79054538013,12.41
4214300,2897.0,57214.7048671039,14.33
4214409,6199.0,46473.62477819003,15.74
4214508,5864.0,36313.26739427012,18.39
4214607,7552.0,36564.6186440678,15.96
4214706,11937.0,39792.661472731845,14.62
4214805,72931.0,50600.52652507164,13.02
4214904,4630.0,65396.3282937365,10.03
4215000,42684.0,37827.827757473526,16.0
4215059,2484.0,28206.924315619966,26.69
4215075,4525.0,32633.149171270717,20.52
4215109,11647.0,33491.97218167769,18.3
4215208,4584.0,24287.303664921466,25.77
4215307,7674.0,41461.297888975765,15.33
4215356,3727.0,25122.082103568555,26.28
4215406,4792.0,55701.79465776294,12.88
4215455,13128.0,35549.360146252286,18.08
4215505,17004.0,38935.54457774641,15.88
4215554,2178.0,47572.54361799816,18.08
4215604,2151.0,33858.67038586704,27.87
4215653,8397.0,23710.134571870905,25.37
4215679,8760.0,30706.39269406393,18.66
4215687,2317.0,28104.87699611567,28.17
4215695,1211.0,40034.68208092485,29.94
4215703,23907.0,52558.12105241143,11.36
4215752,2239.0,39376.50736936132,20.95
4215802,86317.0,54421.62030654448,11.7
4215901,2791.0,40283.76925833035,18.73
4216008,11456.0,45463.07611731844,13.33
4216057,5646.0,38932.3414806943,17.4
4216107,9422.0,47760.98492888983,11.55
4216206,54751.0,155551.77074391337,5.34
4216255,6423.0,54994.55083294411,12.13
4216305,39719.0,25927.61650595433,21.15
4216354,3784.0,89363.63636363637,8.85
4216404,7332.0,38587.015821058376,15.58
4216503,27322.0,41482.24873728131,12.97
4216602,253705.0,54552.31469620228,12.42
4216701,13811.0,41141.119397581635,15.08
4216800,8054.0,39585.79587782468,12.97
4216909,24501.0,56712.82804783478,12.39
4217006,13886.0,66920.99956791013,9.4
4217105,3162.0,34555.977229601514,20.65
4217154,1794.0,28037.904124860648,31.49
4217204,41246.0,52719.778887649714,11.47
4217253,6046.0,16728.415481309956,34.41
4217303,9874.0,53389.50779825805,11.39
4217402,22605.0,33598.71709798717,17.68
4217501,17610.0,66930.38046564451,9.8
4217550,3249.0,36330.56325023084,18.7
4217600,14176.0,47937.14729119639,12.2
4217709,31084.0,29287.929481405223,17.37
4217758,2386.0,34951.802179379716,21.08
4217808,18576.0,45471.46856158484,13.34
4217907,8648.0,69481.03607770582,10.42
4217956,1606.0,40818.181818181816,24.84
4218004,39889.0,61123.517761788964,11.64
4218103,5338.0,29015.54889471712,22.08
4218202,45703.0,55461.15134673873,11.87
4218251,8003.0,37897.78832937648,16.3
4218301,19455.0,78275.61038293497,8.72
4218350,4002.0,58035.2323838081,15.94
4218400,7104.0,28115.42792792793,21.27
4218509,8138.0,101933.15310887196,7.29
4218608,7506.0,58348.65440980549,11.85
4218707,107143.0,44964.169381107495,12.43
4218756,4507.0,40451.741735078765,16.92
4218806,13080.0,56415.59633027523,10.28
4218855,2364.0,36011.84433164129,23.04
4218905,11311.0,31501.635575987977,18.92
4218954,2453.0,36061.55727680391,21.3
4219002,21419.0,50781.59577944815,12.85
4219101,3569.0,56321.09834687588,13.21
4219150,2387.0,48657.729367406784,16.79
4219176,4411.0,122403.08320108819,6.9
4219200,6321.0,56138.11105837684,12.4
4219309,54145.0,63830.49219687875,10.21
4219358,4907.0,28996.943142449563,21.73
4219408,4032.0,43454.36507936508,16.56
4219507,52290.0,50487.22509083955,11.24
4219606,3873.0,54706.94552026853,12.5
4219705,29254.0,50315.23894168319,12.55
4219853,3432.0,30203.088578088576,25.89
4220000,13129.0,22450.377027953386,26.96
4300034,4981.0,91994.78016462558,10.37
4300059,3738.0,146445.4253611557,5.91
4300109,16344.0,40863.74204601077,16.59
4300208,6951.0,74961.87598906632,9.23
4300307,5710.0,28384.063047285465,21.02
4300406,72493.0,42485.28823472611,15.07
4300455,3287.0,47649.22421661089,18.61
4300471,1935.0,142848.57881136952,7.64
4300505,5885.0,33370.26338147833,26.73
4300554,1590.0,66755.97484276729,15.66
4300570,3043.0,53088.72822872166,16.11
4300604,212352.0,15550.939006931887,36.04
4300638,7136.0,20688.480941704034,31.37
4300646,7396.0,24036.23580313683,28.39
4300661,1351.0,142923.76017764618,7.76
4300703,5941.0,54248.947988554115,12.58
4300802,13041.0,61154.28264703627,11.82
4300851,3544.0,80442.72009029346,11.17
4300877,5840.0,40484.931506849316,22.19
4300901,6145.0,154104.47518307567,5.7
4301008,21121.0,72750.34326026229,9.38
4301057,10483.0,27242.2016598302,30.46
4301073,2966.0,25888.401888064735,32.48
4301107,14201.0,25163.580029575383,26.73
4301206,13452.0,31911.462979482603,19.62
4301305,18185.0,62222.27110255705,10.44
4301404,10422.0,32263.289195931684,19.1
4301503,6545.0,77033.46065699006,8.79
4301552,3517.0,46471.14017628661,17.36
4301602,121518.0,30846.76344245297,22.83
4301636,14645.0,21310.686241037896,34.73
4301651,6232.0,49438.70346598203,14.27
4301701,6616.0,51643.59129383313,13.28
4301750,7550.0,18850.19867549669,31.88
4301800,5237.0,60547.068932595,12.12
4301859,3266.0,17394.978567054502,39.81
4301875,4238.0,91123.87918829637,9.74
4301909,13618.0,37261.5655749743,16.45
4301925,1621.0,49813.695249845776,19.94
4301958,2563.0,64389.38743659774,16.09
4302006,11167.0,21896.12250380586,27.79
4302055,1924.0,25630.97713097713,35.32
4302105,123090.0,60919.042976683726,11.87
4302154,2087.0,114289.41063727839,8.29
4302204,6712.0,48701.87723480334,13.84
4302220,2466.0,190085.96918085968,5.58
4302238,2628.0,146184.9315068493,7.33
4302253,2773.0,43320.23079697079,19.97
4302303,11270.0,54447.55989352263,12.09
4302352,14446.0,62757.57995292814,11.58
4302378,1858.0,46437.02906350915,23.39
4302402,12448.0,32379.177377892032,20.58
4302451,7691.0,19554.674294630087,28.4
4302501,6135.0,79967.23716381418,9.56
4302584,2099.0,108342.0676512625,9.21
4302600,3271.0,40033.3231427698,20.92
4302659,5132.0,22934.723304754483,28.71
4302709,20963.0,25919.524877164527,24.05
4302808,33476.0,33536.68299677381,19.3
4302907,12291.0,50694.654625335614,13.12
4303004,81552.0,43441.06827545615,13.84
4303103,132144.0,48874.74270492796,15.39
4303202,5083.0,33294.51111548298,20.16
4303301,4802.0,55167.846730528945,13.26
4303400,4659.0,32007.297703369823,22.47
4303509,66686.0,40843.26545301863,15.74
4303558,2750.0,189266.54545454544,5.18
4303608,6383.0,38003.75998746671,20.44
4303673,3402.0,60171.36978248089,14.11
4303707,5325.0,44914.55399061033,14.94
4303806,5422.0,73663.5927701955,10.95
4303905,69981.0,51443.72043840471,14.81
4304002,4273.0,76232.15539433653,11.85
4304101,3272.0,45853.9119804401,17.53
4304200,31475.0,34255.47259729944,18.03
4304309,6106.0,58702.58761873567,11.82
4304358,9707.0,282683.6303698362,3.1
4304408,45957.0,34712.12220118807,20.13
4304507,56370.0,29448.483235763702,20.22
4304606,349728.0,62892.928218501234,10.1
4304614,1693.0,40158.29887773184,23.02
4304622,1628.0,210106.26535626536,5.88
4304630,55009.0,35740.11525386755,21.44
4304655,3745.0,172220.2937249666,5.17
4304663,25462.0,32601.052548896394,21.49
4304671,4793.0,80708.11600250365,10.22
4304689,12183.0,24508.577526060904,27.35
4304697,2770.0,34432.851985559566,25.54
4304705,62413.0,61635.52465031324,10.98
4304713,8426.0,19660.693092807975,33.33
4304804,30630.0,115232.90891283056,6.48
4304853,1327.0,53087.41522230595,19.63
4304903,9070.0,79153.36273428886,9.23
4304952,3228.0,61709.10780669145,12.96
4305009,8631.0,73932.56864789712,9.25
4305108,523716.0,60507.12981845122,10.98
4305116,2865.0,42156.71902268761,18.27
4305124,6005.0,26865.611990008325,23.85
4305132,4720.0,19101.48305084746,34.48
4305157,2281.0,32521.70100832968,26.48
4305173,12579.0,16152.63534462199,35.38
4305207,14243.0,55941.65555009479,12.8
4305306,9211.0,80537.1838019759,8.06
4305355,41705.0,41649.274667306076,16.01
4305371,3228.0,46267.65799256506,16.61
4305405,3684.0,105547.2312703583,7.78
4305439,6832.0,54201.2587822014,14.39
4305447,5518.0,23512.323305545488,30.42
4305454,16897.0,21427.64987867669,34.59
4305504,4693.0,56330.91838909013,11.47
4305587,2466.0,35364.96350364963,25.93
4305603,3088.0,109507.12435233161,8.01
4305702,6766.0,92330.32811114396,8.37
4305801,9903.0,43658.4873270726,15.07
4305835,1490.0,35009.395973154365,27.51
4305850,2267.0,83875.16541685046,12.2
4305871,2521.0,89696.94565648552,11.55
4305900,7213.0,71420.21350339665,10.13
4305934,1602.0,30624.219725343322,28.38
4305959,3824.0,43914.487447698746,17.93
4305975,2731.0,154692.4203588429,6.76
4306007,13269.0,38358.50478559047,17.26
4306056,8121.0,38038.17263883758,17.18
4306072,2840.0,33359.50704225352,23.62
4306106,59561.0,77389.51663000957,9.31
4306130,1765.0,82019.26345609064,12.42
4306205,12457.0,42787.50903106687,14.89
4306304,4732.0,48470.83685545224,14.52
4306320,2718.0,54601.913171449596,15.37
4306353,2331.0,24528.099528099527,36.9
4306379,2991.0,89569.37479103978,9.6
4306403,33547.0,65238.17330908874,9.81
4306429,1992.0,99997.48995983935,11.22
4306452,3410.0,50616.42228739003,14.9
4306502,15556.0,22940.344561583956,26.15
4306551,2520.0,26005.555555555555,34.69
4306601,38222.0,57844.90607503532,11.12
4306700,2958.0,36036.511156186614,21.69
4306734,4380.0,59542.69406392694,12.27
4306759,1967.0,40107.26995424504,21.98
4306767,42490.0,49900.4236290892,16.84
4306809,23047.0,50694.580639562635,12.16
4306908,26039.0,41512.69249971197,15.66
4306924,932.0,78555.79399141631,22.55
4306932,8350.0,82344.67065868263,9.03
4306957,2724.0,76180.98384728341,11.9
4306973,2978.0,60604.09670920081,15.32
4307005,107368.0,64103.16854183742,10.4
4307054,3171.0,83742.98328602964,11.4
4307104,6807.0,37256.94138386955,18.54
4307203,4780.0,31565.481171548116,24.72
4307302,6697.0,52854.711064655814,13.03
4307401,3291.0,119374.05044059556,7.87
4307450,2846.0,41015.811665495436,21.95
4307500,15594.0,71380.40271899449,9.41
4307559,5924.0,59201.215395003375,13.99
4307609,51292.0,36565.117367230756,18.59
4307708,83352.0,44988.72252615414,18.03
4307807,34669.0,62633.67850240849,10.57
4307815,3646.0,54145.63905650027,15.64
4307831,2310.0,175516.8831168831,5.97
4307864,2750.0,71970.54545454546,11.26
4307906,73758.0,59633.62618292253,10.67
4308003,6651.0,40611.3366411066,16.76
4308052,2256.0,45729.60992907801,18.42
4308078,4680.0,30090.59829059829,25.59
4308102,13728.0,42930.871212121216,15.4
4308201,31352.0,80956.30262822149,9.07
4308250,1709.0,60303.68636629608,16.3
4308300,10181.0,22342.59895884491,28.06
4308409,6569.0,46095.4483178566,15.26
4308433,2389.0,24671.410632063624,31.8
4308458,4252.0,132825.2587017874,7.21
4308508,31675.0,45165.303867403316,13.77
4308607,35794.0,83756.18818796446,8.25
4308656,2851.0,70490.00350754122,13.75
4308706,5447.0,51913.53038369745,13.65
4308805,8339.0,33142.3432066195,18.16
4308854,1619.0,117756.63990117356,9.81
4308904,16158.0,49118.9503651442,13.63
4309001,15729.0,76479.43289465319,9.79
4309050,8304.0,55622.350674373796,14.31
4309100,36864.0,72103.78689236111,13.95
4309126,2036.0,46453.83104125737,18.64
4309159,4378.0,25007.53768844221,29.22
4309209,285564.0,35934.69765096441,17.04
4309258,1478.0,89843.03112313937,10.95
4309308,98331.0,84254.45688541762,11.52
4309407,26199.0,43858.735066223904,14.56
4309506,7393.0,49049.77681590694,13.35
4309555,4967.0,49425.60901952889,15.51
4309571,3019.0,23565.08777740974,34.0
4309605,19446.0,134125.16712948677,6.96
4309654,6894.0,45617.63852625471,16.22
4309704,4712.0,48652.16468590832,14.14
4309753,4393.0,25546.778966537673,28.38
4309803,4690.0,78314.49893390192,9.96
4309902,7267.0,55001.10086693271,12.88
4309951,3988.0,53541.123370110334,13.91
4310009,20474.0,84109.45589528182,8.46
4310108,37754.0,50031.44037717858,13.16
4310207,84041.0,61760.39076165205,13.52
4310306,4054.0,34674.39565860878,20.74
4310330,23721.0,26424.81345643101,33.25
4310363,3103.0,167318.72381566226,5.28
4310405,6054.0,81626.36273538157,10.65
4310413,2207.0,50093.79247847757,17.91
4310439,6736.0,44326.45486935867,14.56
4310462,1871.0,94938.00106894708,10.75
4310504,7046.0,36118.64887879648,17.9
4310538,5573.0,51437.107482504936,13.81
4310553,3456.0,71263.59953703704,11.13
4310579,2037.0,46261.65930289642,19.05
4310603,37363.0,58531.94336643203,11.43
4310652,2377.0,36490.95498527556,24.76
4310702,3143.0,25996.500159083676,30.36
4310751,1854.0,38786.94714131607,23.48
4310801,25068.0,47087.40226583692,14.14
4310850,3738.0,36578.38416265383,20.25
4310876,2718.0,82423.47314201618,10.45
4310900,3532.0,65770.38505096262,12.2
4311007,26327.0,40239.90580012914,14.68
4311106,10684.0,35381.87944590041,18.05
4311122,3611.0,26043.20132927167,26.97
4311130,3472.0,135082.3732718894,5.7
4311155,8571.0,113803.52350950881,6.3
4311205,19159.0,100484.10668615272,7.28
4311239,2939.0,23448.79210615856,32.67
4311254,6469.0,23912.505796877416,26.18
4311270,1604.0,97967.58104738155,11.45
4311304,27751.0,54535.11585168102,11.03
4311403,86005.0,65068.112319051215,10.25
4311429,2569.0,29145.58193849747,29.0
4311502,7410.0,67156.41025641025,12.14
4311601,5087.0,33898.76154904659,18.58
4311627,6193.0,59074.76182787018,11.58
4311643,1724.0,38038.863109048725,22.72
4311700,5411.0,50420.2550360377,15.23
4311718,4539.0,128231.548799295,6.92
4311734,2965.0,23680.944350758855,34.35
4311759,7315.0,74774.02597402598,9.92
4311775,6747.0,28232.39958500074,24.28
4311791,2713.0,29788.794692222633,29.43
4311809,45523.0,67219.251806779,10.24
4311908,4239.0,39590.70535503657,19.67
4311981,3892.0,26848.92086330935,29.07
4312005,1987.0,36682.43583291394,26.5
4312054,3981.0,31181.86385330319,23.41
4312104,4760.0,35505.46218487395,19.94
4312138,2543.0,66163.97955171058,14.42
4312153,4627.0,39018.154311649014,21.52
4312179,1611.0,54901.303538175045,17.91
4312203,4254.0,37875.646450399625,18.82
4312252,8130.0,34339.114391143914,20.98
4312302,4899.0,38862.216778934475,18.88
4312351,1430.0,68627.97202797203,16.05
4312377,3237.0,33898.67160951498,25.73
4312385,2514.0,37563.64359586316,24.35
4312401,66157.0,86949.90703931557,8.85
4312427,3139.0,48848.04077731762,16.9
4312443,2891.0,28179.17675544794,30.33
4312450,6609.0,20040.096837645633,35.32
4312476,6570.0,41730.13698630137,16.57
4312500,12888.0,49916.666666666664,12.92
4312609,4967.0,60771.49184618482,11.79
4312617,3184.0,352413.9447236181,2.83
4312625,1901.0,48389.26880589164,18.65
4312658,17886.0,123422.50922509225,6.13
4312674,1667.0,87733.65326934613,12.65
4312708,11574.0,45404.09538621047,15.08
4312757,3698.0,63973.769605192,13.99
4312807,4890.0,66917.38241308794,10.94
4312906,10089.0,79513.03399742294,7.74
4312955,1731.0,83964.76025418832,12.43
4313003,3345.0,42195.51569506727,18.53
4313011,2677.0,85704.5199850579,10.55
4313037,5465.0,31539.981701738336,21.58
4313060,22147.0,36379.55479297422,16.89
4313086,2563.0,39099.10261412407,19.81
4313102,6519.0,58703.63552692131,12.0
4313201,21717.0,44789.28949670765,16.74
4313300,28021.0,61740.94429178116,12.14
4313334,2195.0,138805.46697038724,7.24
4313359,3743.0,45232.433876569594,19.01
4313375,30482.0,81606.25943179581,11.68
4313391,4246.0,31364.10739519548,23.28
4313409,247303.0,40589.57230603753,14.86
4313425,3191.0,58400.188028831086,15.04
4313441,2189.0,34138.419369575146,24.55
4313466,1705.0,44008.211143695014,23.21
4313490,4185.0,32305.85424133811,23.28
4313508,46815.0,38855.87952579302,20.26
4313607,3731.0,44933.26186009113,17.06
4313656,11342.0,64856.815376476814,11.13
4313706,32967.0,67190.12952346286,10.0
4313805,7056.0,38498.15759637188,19.01
4313904,44583.0,71052.91254514053,9.4
4313953,8995.0,59331.739855475265,12.42
4314001,7793.0,54465.16104196073,12.81
4314027,7635.0,27162.540929927964,23.13
4314035,3885.0,35118.40411840412,23.71
4314050,59419.0,23398.576212995842,24.61
4314068,5790.0,22967.702936096717,26.78
4314076,6612.0,34730.943738656984,20.42
4314100,206103.0,60905.794675477795,10.79
4314134,2303.0,85049.93486756405,11.72
4314159,8541.0,28387.542442336962,22.05
4314175,1928.0,200306.01659751037,6.03
4314209,7683.0,35227.25497852401,16.79
4314308,3840.0,120888.54166666667,7.01
4314407,343826.0,31347.763112737255,20.03
4314423,5780.0,66860.38062283737,12.52
4314456,2581.0,47788.45408756296,19.02
4314464,1896.0,160719.93670886077,9.22
4314472,4309.0,216252.95892318402,3.96
4314498,4926.0,26705.034510759237,26.54
4314506,12122.0,32810.26233294836,19.68
4314548,3068.0,24213.16818774446,30.86
4314555,2205.0,42935.14739229025,22.06
4314605,20743.0,42437.304150797856,14.65
4314704,9957.0,25359.84734357738,25.94
4314753,2105.0,62592.399049881235,15.43
4314779,3898.0,103467.67573114418,8.41
4314787,1501.0,63990.00666222518,16.77
4314803,38081.0,43654.394579974265,14.56
4314902,1492530.0,54647.519982847916,11.4
4315008,4514.0,30053.610988037217,22.4
4315057,2332.0,38314.7512864494,21.89
4315073,1258.0,35939.586645469,30.56
4315107,10144.0,20793.276813880126,32.06
4315131,1586.0,38726.35561160151,25.16
4315149,2972.0,71942.46298788695,11.39
4315156,6235.0,26706.81635926223,23.59
4315172,1929.0,48347.84862623121,17.9
4315206,3861.0,34561.77156177156,19.58
4315305,22531.0,27772.93506724069,21.16
4315313,1860.0,99980.10752688172,10.31
4315321,2793.0,107162.19119226639,8.97
4315354,3810.0,66960.89238845144,12.4
4315404,11782.0,19767.781361398746,28.07
4315453,2068.0,39984.04255319149,19.22
4315503,15702.0,42887.721309387336,14.65
4315552,2571.0,53086.73667833528,17.91
4315602,212881.0,62392.60901630489,11.97
4315701,38257.0,36346.94304310322,17.04
4315750,4698.0,33173.478075776926,22.42
4315800,11556.0,49851.41917618553,12.6
4315909,5868.0,47593.72869802318,17.86
4315958,2270.0,71327.75330396475,14.28
4316006,21591.0,33884.998378954195,19.47
4316105,10633.0,44348.161384369414,13.47
4316204,5033.0,53422.21339161534,14.34
4316303,6750.0,64744.59259259259,9.72
4316402,39210.0,35245.49859729661,16.76
4316428,2601.0,31763.168012302962,25.28
4316436,2596.0,97938.36671802774,9.08
4316451,12512.0,96983.5358056266,6.84
4316477,2734.0,65277.98098024872,13.8
4316501,7975.0,42340.188087774295,15.83
4316600,16382.0,51509.33951898425,12.61
4316709,7813.0,171000.89594265967,4.8
4316733,1630.0,88269.93865030675,11.82
4316758,6755.0,50200.88823094004,14.4
4316808,132271.0,74205.23773162674,11.87
4316907,285159.0,33532.40122177452,17.58
4316956,6382.0,43780.789721090565,15.14
4316972,2593.0,139227.15001928268,7.24
4317004,8037.0,45402.6378001742,14.71
4317103,75647.0,37330.33695982656,16.85
4317202,73882.0,50513.6975176633,14.24
4317251,1722.0,28949.477351916375,30.01
4317301,29298.0,59923.23708102942,12.99
4317400,49298.0,41004.726358067266,14.58
4317509,77544.0,41012.49613122872,14.71
4317558,2118.0,56561.37865911237,15.41
4317608,43397.0,38723.99013756711,16.35
4317707,9930.0,67869.68781470292,9.66
4317756,2018.0,93889.99008919722,13.34
4317806,13813.0,61423.22449866068,10.46
4317905,14177.0,55305.847499470976,12.67
4317954,2287.0,56385.22081329252,16.45
4318002,59768.0,43012.41467005756,14.95
4318051,3091.0,39934.00194111938,19.7
4318101,18081.0,44473.425142414686,14.75
4318200,21871.0,46935.11956472041,13.88
4318309,62187.0,43790.39027449467,13.58
4318408,24569.0,27148.601896699092,21.57
4318424,4625.0,39816.0,17.23
4318432,2535.0,41348.32347140039,19.91
4318440,2808.0,47482.54985754986,16.63
4318457,2491.0,37475.311120032115,25.52
4318465,1917.0,30836.202399582682,30.91
4318481,4924.0,23937.043054427293,28.25
4318499,2040.0,90095.09803921569,11.41
4318507,27866.0,28446.99633962535,22.73
4318606,6911.0,66997.25075965852,9.93
4318614,2464.0,38157.06168831169,23.14
4318622,3559.0,43729.13739814555,18.49
4318705,240378.0,45159.765036733814,16.8
4318804,43501.0,39104.18151306867,16.02
4318903,33124.0,57474.42941673711,10.85
4319000,21756.0,52647.22375436661,12.74
4319109,5336.0,66347.45127436281,10.92
4319125,3228.0,104120.19826517967,8.33
4319158,7692.0,112835.41341653666,6.77
4319208,5153.0,44255.19115078595,17.0
4319307,5654.0,35470.2865228157,20.12
4319356,3881.0,29174.95490852873,24.98
4319364,2025.0,56384.1975308642,19.49
4319372,2950.0,54801.69491525424,15.47
4319406,16100.0,33059.50310559006,19.53
4319505,26161.0,34381.751462100074,19.1
4319604,23492.0,56671.249787161585,11.49
4319703,3220.0,42093.47826086957,19.8
4319711,2248.0,42516.014234875445,18.77
4319737,2732.0,33100.292825768665,22.06
4319752,2288.0,41847.9020979021,21.93
4319802,8742.0,83568.40539922215,8.14
4319901,80514.0,44906.46347219117,14.62
4320008,142508.0,29500.70171499144,22.5
4320107,25024.0,51915.720907928386,13.13
4320206,10678.0,57805.30061809328,12.71
4320230,2875.0,54794.782608695656,14.66
4320263,7465.0,21847.019423978567,26.71
4320305,5114.0,73362.14313648807,10.17
4320321,2761.0,53987.68562115176,16.88
4320354,5635.0,24182.253771073647,25.83
4320404,18074.0,43283.335177603185,16.21
4320453,1889.0,31536.262572789838,26.76
4320503,5220.0,102395.21072796934,8.39
4320552,6586.0,47793.50136653508,15.14
4320578,1931.0,54713.61988606939,17.82
4320602,3607.0,41423.34349875242,20.35
4320651,2365.0,36630.44397463002,24.12
4320677,10152.0,21028.565799842396,31.38
4320701,15041.0,29163.220530549832,21.22
4320800,31067.0,45231.145588566644,13.9
4320859,4816.0,29503.1146179402,24.63
4320909,24973.0,65853.04128458735,10.5
4321006,10569.0,60580.471189327276,11.07
4321105,17363.0,34781.662155157515,16.3
4321204,57740.0,27171.458261170766,21.51
4321303,26907.0,40661.649384918426,15.01
4321329,3081.0,61297.63063940279,14.37
4321352,5484.0,22657.549234135666,30.48
4321402,13385.0,43273.440418378785,14.67
4321436,11323.0,25729.930230504284,26.93
4321451,34275.0,45981.35667396061,15.26
4321469,3078.0,56784.92527615335,17.08
4321477,5532.0,35474.150397686186,19.34
4321493,2753.0,36808.57246640029,22.25
4321501,39381.0,35095.7822300094,19.89
4321600,53507.0,23072.794213841178,29.41
4321626,2331.0,33499.7854997855,22.79
4321634,2620.0,53891.98473282443,16.06
4321667,11174.0,27614.99910506533,23.22
4321709,28948.0,27813.631338952604,21.49
4321808,23846.0,56767.424305963264,12.14
4321832,2643.0,24297.767688233067,34.86
4321857,4232.0,42185.72778827977,17.7
4321907,23799.0,43406.613723265684,16.45
4321956,5781.0,60780.31482442484,12.57
4322004,30159.0,430465.3337312245,3.15
4322103,5612.0,46210.26372059872,15.32
4322152,4585.0,26356.59760087241,24.65
4322186,1447.0,65465.1002073255,16.79
4322202,24182.0,84857.12513439749,7.85
4322251,5019.0,106314.60450288902,7.7
4322301,7730.0,49616.429495472184,13.31
4322327,3408.0,48041.96009389671,18.75
4322343,1952.0,56727.45901639344,17.0
4322350,1084.0,84108.85608856089,14.99
4322376,2306.0,64643.10494362532,13.98
4322400,126766.0,29322.633829260212,21.19
4322509,66916.0,48503.78085958515,13.78
4322525,3531.0,36945.05805720759,21.41
4322533,11873.0,22969.25798029142,26.83
4322541,6046.0,32797.55210056235,21.11
4322558,2130.0,44495.77464788732,20.66
4322608,72373.0,51566.77213878104,12.73
4322707,27325.0,30255.15096065874,23.64
4322806,26813.0,64845.63458024093,10.12
4322855,1776.0,67252.25225225225,14.27
4322905,4628.0,44205.272255834054,14.91
4323002,257330.0,16846.3879065791,32.55
4323101,4530.0,27928.25607064018,24.96
4323200,2840.0,104180.28169014085,9.01
4323309,3407.0,87335.77927795715,9.9
4323358,2070.0,81610.14492753622,13.19
4323408,4368.0,89149.9542124542,8.89
4323457,4274.0,45845.34394010295,16.68
4323507,2726.0,50280.26412325752,17.75
4323606,1553.0,54880.23180940116,20.66
4323705,2858.0,36218.68439468159,20.81
4323754,3052.0,52269.986893840105,15.84
4323770,3046.0,86946.81549573211,11.44
4323804,17126.0,42809.76293355133,26.58
5000203,16025.0,75627.14508580344,12.54
5000252,5489.0,43341.956640553835,24.25
5000609,40247.0,50530.350088205334,16.5
5000708,25336.0,24072.979160088413,29.78
5000807,9116.0,45016.89337428697,19.36
5000856,11081.0,79768.34220738201,10.18
5000906,9082.0,95418.41004184101,9.65
5001003,26386.0,62919.69226104752,11.54
5001102,48184.0,23178.731529138302,30.97
5001243,12511.0,100359.76340820079,8.99
5001508,7281.0,107143.79892871858,9.47
5001904,23620.0,44669.64436917866,18.28
5002001,11368.0,53113.12456016889,14.83
5002100,24842.0,37502.53602769503,20.79
5002159,7802.0,42625.09612919764,22.43
5002209,22401.0,50447.16753716352,15.98
5002308,11835.0,70459.5690747782,11.99
5002407,31005.0,63444.86373165619,13.06
5002605,13675.0,44448.26325411334,17.79
5002704,916001.0,38414.6949621234,22.35
5002803,6247.0,27957.259484552585,28.46
5002902,22063.0,32286.67905543217,22.87
5002951,26499.0,100195.29038831654,9.94
5003108,6158.0,23486.521597921404,33.72
5003157,15449.0,21760.50229788336,32.95
5003207,112669.0,34145.72775120042,25.82
5003256,21456.0,119134.92729306487,7.23
5003306,33547.0,36539.33287626315,22.21
5003454,13043.0,35367.246799049295,21.91
5003488,11547.0,26926.73421667966,30.17
5003504,6025.0,35616.92946058091,23.84
5003702,227990.0,53950.38817491995,15.81
5003751,12447.0,42154.013015184384,19.8
5003801,19152.0,36502.871762740186,20.3
5003900,3066.0,46357.79517286367,23.79
5004007,9934.0,28196.194886249246,25.44
5004106,9754.0,35906.089809309,21.07
5004304,16273.0,48435.50666748602,15.83
5004403,7566.0,53678.6941580756,19.6
5004502,25478.0,44121.39885391318,17.12
5004601,21604.0,58270.59803740048,12.48
5004700,23277.0,62792.79975941917,12.38
5004809,9372.0,17610.96884336321,42.91
5004908,7342.0,50530.37319531463,15.65
5005004,26375.0,35264.37914691943,23.69
5005103,4015.0,118266.500622665,10.33
5005152,6861.0,70506.1944322985,11.33
5005202,24040.0,15433.77703826955,47.71
5005251,7496.0,146383.6712913554,6.7
5005400,48944.0,92301.95733899968,8.94
5005608,28423.0,22221.510748337612,33.94
5005681,18578.0,50717.99978469157,18.84
5005707,56484.0,51370.919198357056,16.1
5005806,13794.0,32424.604900681457,24.49
5006002,22967.0,99390.73453215483,8.35
5006200,56057.0,58544.96316249532,12.37
5006259,3556.0,78491.84476940382,13.52
5006275,5751.0,225455.39906103286,4.64
5006309,42401.0,37435.31992169996,19.74
5006358,14576.0,19622.255762897916,39.57
5006408,7568.0,35538.18710359408,22.89
5006606,95320.0,50057.7003776752,15.08
5006903,17460.0,26582.187857961053,28.92
5007109,25310.0,77651.67917819043,11.34
5007208,38844.0,84921.91844300278,9.69
5007307,4758.0,27367.171080285836,32.5
5007406,20025.0,30060.324594257178,27.24
5007505,5120.0,45305.46875,19.06
5007554,7948.0,58766.98540513337,14.71
5007695,27660.0,79018.2212581345,12.0
5007703,10751.0,38897.68393637801,19.71
5007802,6555.0,262613.5774218154,4.69
5007901,60792.0,54739.044611133046,14.01
5007935,20158.0,50811.638059331286,14.28
5007950,11795.0,26539.63543874523,28.48
5007976,3588.0,50533.16610925306,22.5
5008008,22721.0,31586.417851326965,22.55
5008305,125137.0,93535.42916963008,9.45
5008404,6115.0,60803.92477514309,14.03
5100102,5309.0,20557.54379355811,36.27
5100201,26679.0,74985.38176093556,10.35
5100250,52105.0,40526.43700220708,19.59
5100300,19714.0,59491.42741199148,13.31
5100359,7092.0,37225.04230118443,21.82
5100409,12323.0,97181.85506775948,8.2
5100508,11587.0,14379.045482005697,45.01
5100607,11413.0,113529.3086830807,8.34
5100805,10431.0,22412.999712395744,35.6
5101001,3064.0,41305.80939947781,24.28
5101209,909.0,30830.58305830583,40.31
5101258,17078.0,38357.3017917789,18.99
5101308,9399.0,24706.458133844026,30.67
5101407,23067.0,62686.43516712186,12.39
5101605,8165.0,15258.17513778322,45.95
5101704,35642.0,44014.701756354865,15.73
5101803,61702.0,41797.413373958705,18.18
5101837,,,
5101852,6830.0,112607.02781844803,7.2
5101902,20571.0,101456.12755821302,7.76
5102504,95339.0,23749.96591111717,30.82
5102603,16223.0,26952.96800838316,27.96
5102637,36917.0,187181.65073001597,4.61
5102678,44033.0,113388.64033792837,6.81
5102686,7245.0,455824.8447204969,2.46
5102694,4711.0,56710.88940776905,13.64
5102702,22101.0,132634.85815121487,6.22
5102793,10094.0,29655.339805825242,23.13
5102850,8782.0,24490.77658847643,28.8
5103007,22521.0,53926.46862927934,13.33
5103056,12338.0,86589.23650510618,8.34
5103106,5716.0,52072.77816655004,15.8
5103205,33855.0,37491.83281642298,19.23
5103254,41117.0,20648.66113772892,30.85
5103304,21249.0,59208.29215492494,12.76
5103353,32076.0,47914.82728519766,15.0
5103361,4163.0,34390.82392505405,27.24
5103379,20717.0,15658.203407829318,40.59
5103403,623614.0,47695.72524029287,17.78
5103437,5267.0,23509.39813935827,29.61
5103452,9626.0,55014.751714107624,11.97
5103502,22311.0,257575.00784366456,3.31
5103601,8087.0,83255.71905527389,8.74
5103700,14847.0,70373.40876944838,10.05
5103809,3411.0,24509.82116681325,33.9
5103858,7913.0,163130.2919246809,5.34
5103908,5726.0,84125.91687041565,8.9
5103957,2990.0,29837.79264214047,26.83
5104104,36439.0,30162.518181069732,24.52
5104203,15740.0,46194.853875476496,14.57
5104500,2806.0,36912.33071988596,24.66
5104526,8182.0,235250.67220728428,3.75
5104542,7030.0,102620.19914651493,7.65
5104559,3609.0,116095.87143252979,8.79
5104609,13727.0,156238.0709550521,5.88
5104807,27696.0,43245.41450028885,18.05
5104906,8420.0,22417.102137767222,31.86
5105002,8377.0,41633.87847678166,18.71
5105101,35275.0,38709.369241672575,19.2
5105150,41190.0,32357.125515901917,23.24
5105176,16811.0,17718.101243233596,37.67
5105200,11124.0,47518.42862279755,16.77
5105234,6246.0,39216.77873839257,18.67
5105259,69671.0,98910.1921890026,8.16
5105309,2036.0,20215.127701375244,46.58
5105507,16412.0,38936.5708018523,20.13
5105580,10107.0,66738.39912931631,11.41
5105606,17017.0,75383.44008932244,11.05
5105622,28135.0,29698.4538830638,25.62
5105903,15332.0,72713.40986172711,10.25
5106000,5858.0,55588.084670536016,12.94
5106109,13093.0,29617.963797449018,24.97
5106158,16052.0,21386.86768003987,34.32
5106174,4013.0,35026.66334413157,26.07
5106182,6861.0,64942.13671476461,12.18
5106190,3755.0,88741.94407456725,10.6
5106208,3656.0,29844.091903719913,28.65
5106216,12876.0,70604.3025784405,10.13
5106224,48222.0,125181.2865497076,6.54
5106232,20820.0,35160.75888568684,19.73
5106240,12492.0,261775.53634325968,3.36
5106257,21695.0,47622.9545978336,15.45
5106265,9545.0,50939.9685699319,15.3
5106273,4069.0,24938.805603342345,30.96
5106281,4837.0,178412.8592102543,5.8
5106299,11291.0,70510.49508458065,12.14
5106307,23250.0,91860.43010752689,9.01
5106315,2769.0,20448.537378114845,48.16
5106372,17547.0,89799.9658061207,8.65
5106422,35695.0,25729.99019470514,28.37
5106455,2637.0,87927.5692074327,11.59
5106505,33386.0,21248.876774695982,33.23
5106653,6972.0,17671.113023522663,37.9
5106703,1525.0,20470.16393442623,52.43
5106752,46105.0,52837.28445938618,13.48
5106778,12849.0,44255.89540042027,16.2
5106802,5344.0,246772.64221556886,3.83
5106828,12176.0,25342.23061760841,28.79
5106851,2794.0,29896.92197566213,32.8
5107008,15936.0,67625.50200803213,10.54
5107040,63876.0,109036.49257937254,7.98
5107065,18386.0,231657.83748504295,4.29
5107107,18788.0,23869.597615499253,29.52
5107156,2754.0,17228.03195352215,49.52
5107180,10450.0,72418.75598086124,10.51
5107198,2439.0,77477.65477654776,11.96
5107206,5147.0,20825.33514668739,36.88
5107248,4600.0,224409.78260869565,4.15
5107263,3164.0,51053.729456384324,18.26
5107297,4102.0,14369.088249634326,51.65
5107305,21351.0,68640.15736967823,10.11
5107354,5646.0,165541.26815444563,5.39
5107404,4823.0,14360.978643997512,52.49
5107578,4069.0,28101.499139837797,32.58
5107602,239613.0,72176.3259923293,11.66
5107701,16999.0,31471.204188481675,24.96
5107743,2700.0,118720.74074074074,8.33
5107750,3226.0,29229.38623682579,30.64
5107768,3602.0,343147.9733481399,3.25
5107776,8547.0,35164.268164268164,20.62
5107792,5459.0,186836.05055871038,4.46
5107800,17188.0,47710.14661391669,15.78
5107859,11934.0,135983.7439249204,6.36
5107875,27485.0,253902.92887029288,3.39
5107883,1705.0,44198.82697947214,26.03
5107909,148960.0,64602.53088077336,12.25
5107925,94941.0,131893.51281322085,6.13
5107941,9357.0,141046.27551565671,5.64
5107958,107631.0,51888.507957744514,14.41
5108006,14380.0,139612.16968011126,5.43
5108055,9284.0,54097.69495906937,15.87
5108105,3761.0,83161.393246477,7.92
5108204,3487.0,60606.251792371666,13.97
5108303,3455.0,145934.008683068,6.2
5108352,3124.0,24688.86043533931,37.5
5108402,290383.0,34148.114731234265,21.36
5108501,11731.0,110125.64998721337,6.44
5108600,26946.0,32624.953610925553,20.14
5108808,4407.0,37987.292943045155,21.48
5108857,3332.0,126896.75870348139,8.21
5108907,9056.0,133028.26855123675,5.79
5108956,9375.0,39167.253333333334,19.06
5200050,9158.0,38627.21118148067,19.55
5200100,20873.0,21337.086187898243,23.38
5200134,22710.0,46318.93439013651,11.87
5200159,2515.0,19407.55467196819,40.68
5200175,5843.0,91264.07667294198,6.51
5200209,1809.0,35305.14096185738,31.76
5200258,222850.0,11054.467130356743,40.5
5200308,28360.0,39779.830747531734,16.04
5200506,1976.0,32258.603238866395,26.25
5200555,6796.0,188391.40670982932,6.71
5200605,7751.0,38322.66804283318,15.81
5200803,8749.0,19791.17613441536,28.96
5200829,3875.0,28153.032258064515,21.48
5200852,6220.0,14697.5884244373,39.19
5200902,3011.0,39495.1843241448,18.15
5201108,396526.0,44863.32295990679,13.61
5201207,1171.0,18532.877882152006,51.88
5201306,22113.0,23181.476959254738,22.35
5201405,601844.0,28215.265085304498,18.33
5201454,2474.0,44500.404203718674,21.87
5201504,4266.0,92769.33895921237,10.85
5201603,3450.0,21307.246376811596,29.14
5201702,20410.0,13608.819206271435,37.02
5201801,10680.0,16324.344569288389,32.51
5202155,7795.0,23110.455420141116,23.26
5202353,2462.0,90414.29731925264,9.92
5202502,10340.0,28238.394584139263,17.43
5202601,3000.0,27195.0,22.79
5202809,2401.0,28349.437734277384,30.01
5203104,5418.0,22749.538575119972,24.03
5203203,11643.0,135157.69131667097,5.94
5203302,31004.0,47770.09418139595,12.13
5203401,8912.0,28913.7118491921,16.93
5203500,26069.0,47170.85427135678,10.81
5203559,10120.0,11972.233201581028,40.52
5203575,4579.0,34210.0895392007,17.16
5203609,3812.0,24618.835257082897,23.73
5203807,5815.0,34071.367153912295,18.44
5203906,9515.0,49159.01208617972,11.67
5203939,2464.0,23104.70779220779,32.16
5203962,3272.0,27174.816625916872,24.69
5204003,8098.0,58776.36453445295,10.08
5204102,12843.0,21935.684808845286,25.98
5204201,1336.0,29101.79640718563,33.25
5204250,7997.0,8691.384269100912,-25.7
5204300,16525.0,55243.6308623298,11.95
5204409,19304.0,42567.08454206382,12.99
5204508,95183.0,31531.555004570142,19.85
5204557,3900.0,21706.923076923078,31.8
5204607,3662.0,19867.285636264336,33.31
5204656,3628.0,30465.27012127894,29.09
5204706,12880.0,25857.375776397515,19.95
5204805,7884.0,107403.09487569761,6.09
5204854,8087.0,20418.325707926302,27.69
5204904,20124.0,15669.94633273703,32.7
5204953,1526.0,36932.503276539974,25.22
5205000,10299.0,47393.92173997476,11.81
5205059,3380.0,27109.467455621303,24.82
5205109,113091.0,87689.47131071438,7.84
5205208,5132.0,19638.93219017927,30.62
5205307,9740.0,39327.310061601645,16.9
5205406,22407.0,32789.70857321373,16.5
5205455,8794.0,43782.12417557425,12.78
5205471,10797.0,202721.12623877003,3.82
5205497,74370.0,13531.544977813635,38.12
5205513,20771.0,21009.099224880843,25.67
5205521,3339.0,21103.02485774184,40.9
5205703,2254.0,33002.218278615794,23.38
5205802,11223.0,23190.858059342423,21.93
5205901,10012.0,70843.98721534159,10.13
5206206,61385.0,74978.26830658955,7.96
5206305,2962.0,40553.67994598245,18.03
5206404,17136.0,40813.84220354808,15.27
5206503,3458.0,28795.835743204163,23.99
5206602,2820.0,34354.60992907801,18.7
5206701,3302.0,13624.772864930344,43.62
5206800,2944.0,17835.9375,36.61
5206909,2094.0,278465.61604584527,3.89
5207105,2477.0,39103.35082761405,20.2
5207253,7174.0,55883.049902425424,12.15
5207352,3678.0,110176.18270799347,7.76
5207402,12559.0,73522.97157416992,8.91
5207501,3253.0,22997.54073163234,30.84
5207535,6527.0,25680.710893212807,23.62
5207600,5471.0,27858.892341436665,19.77
5207808,13604.0,20004.55748309321,23.3
5207907,17415.0,14411.254665518232,32.21
5208004,125705.0,25839.043793007437,20.52
5208103,4098.0,27254.02635431918,24.48
5208152,3923.0,79669.89548814682,8.98
5208301,4701.0,19510.742395235055,33.34
5208400,11217.0,26247.65980208612,23.05
5208509,5650.0,35789.38053097345,14.99
5208608,72045.0,26211.950864043305,20.26
5208707,1555626.0,38486.4350428702,15.25
5208806,46278.0,23830.00561822032,22.75
5208905,22122.0,34525.7662055872,16.42
5209101,34307.0,63242.19547031218,12.78
5209150,6076.0,27880.184331797234,24.79
5209200,14206.0,24477.333521047443,26.21
5209291,1905.0,27394.225721784776,34.27
5209408,3801.0,22652.986056300975,30.92
5209457,1681.0,38284.35455086258,23.52
5209606,3742.0,22418.492784607162,27.42
5209705,22533.0,58989.837127768165,10.97
5209804,3450.0,25436.8115942029,23.97
5209903,14215.0,15937.530777347873,33.1
5209937,6275.0,37856.57370517928,15.64
5209952,15962.0,41119.220649041476,13.0
5210000,53655.0,26211.257105581957,20.79
5210109,27365.0,88781.61885620317,6.99
5210158,2892.0,24188.796680497926,28.99
5210208,31471.0,27847.82815925773,21.11
5210307,2772.0,25786.075036075035,30.17
5210406,44329.0,40719.95758983961,13.48
5210562,4684.0,20954.52604611443,29.39
5210604,5184.0,20081.01851851852,30.2
5210802,4412.0,29809.836808703534,24.83
5210901,23850.0,22960.293501048218,22.24
5211008,4380.0,50751.82648401827,14.27
5211206,25597.0,21628.51115365082,24.59
5211305,7337.0,44277.49761482895,14.51
5211404,8968.0,24448.70651204282,20.87
5211503,106845.0,49835.855678787026,12.61
5211602,2295.0,60843.13725490196,13.26
5211701,6001.0,71128.6452257957,9.55
5211800,52160.0,17635.0268404908,26.94
5211909,103221.0,77475.09712170972,7.36
5212006,2843.0,29252.90186422793,26.5
5212055,2497.0,15889.066880256307,45.94
5212105,7417.0,46131.185115275715,12.6
5212204,18266.0,37968.13752326727,14.2
5212253,1652.0,31398.305084745763,33.27
5212303,7663.0,44791.33498629779,12.19
5212501,214645.0,25161.913857765147,18.64
5212600,2358.0,37449.957591178965,19.55
5212709,9277.0,11593.403039775789,45.68
5212808,9234.0,31544.076239982674,17.96
5212907,2263.0,30291.648254529387,30.59
5212956,4321.0,39497.570006942835,15.29
5213004,14568.0,17018.32784184514,28.16
5213053,2575.0,96144.46601941748,8.42
5213087,28518.0,45471.386492741425,13.57
5213103,69477.0,47338.81716251421,13.17
5213400,1471.0,36203.26308633583,29.46
5213509,8759.0,13732.389542185181,33.9
5213707,8037.0,62064.94960806271,9.22
5213756,13935.0,115138.42841765338,5.35
5213772,4538.0,23985.235786690173,25.37
5213806,46955.0,39560.664465978065,13.97
5213855,2217.0,24734.776725304466,33.44
5213905,4120.0,32001.21359223301,21.15
5214002,16077.0,63761.21166884369,10.08
5214051,4540.0,39836.12334801762,18.31
5214101,3749.0,23054.414510536142,25.68
5214408,9375.0,29539.306666666667,17.28
5214507,30931.0,33017.65219359219,17.13
5214606,47064.0,27448.601903790583,21.74
5214705,2362.0,20699.83065198984,40.58
5214804,2236.0,31771.91413237925,22.21
5214838,13020.0,48278.34101382489,13.53
5214861,8063.0,17509.735830336103,29.61
5214879,2939.0,20917.659067710105,30.65
5214903,3208.0,20757.16957605985,26.1
5215009,10193.0,19354.94947512999,25.89
5215207,2775.0,30719.63963963964,21.6
5215231,119649.0,9646.992452924806,46.02
5215256,4592.0,34944.90418118467,17.85
5215306,15834.0,59251.736768978146,8.27
5215405,3679.0,40777.92878499592,17.36
5215504,6895.0,111013.77810007252,7.07
5215603,35011.0,30054.497158036047,16.75
5215652,3470.0,49917.00288184438,14.69
5215702,29915.0,59196.32291492562,9.4
5215801,2382.0,23410.57934508816,33.79
5215900,3578.0,61505.310229178314,12.48
5216007,2590.0,42333.20463320463,18.13
5216304,10221.0,23159.3777516877,27.81
5216403,10988.0,141970.42227884964,4.78
5216452,3156.0,224468.63117870723,4.92
5216809,10240.0,17460.546875,28.87
5216908,2135.0,90286.18266978922,11.84
5217104,24543.0,50486.33011449293,11.01
5217203,10161.0,59976.18344651117,9.62
5217302,25218.0,25394.08359108573,19.58
5217401,31909.0,44036.94882321602,13.33
5217609,91345.0,15909.68306968088,34.68
5217708,17899.0,40072.685624895246,13.24
5218003,45866.0,31183.3166179741,17.31
5218052,3979.0,55915.55667253079,14.3
5218102,4032.0,91096.9742063492,7.99
5218300,37924.0,18554.55648138382,28.3
5218391,3211.0,22454.37558393024,29.99
5218508,51323.0,41846.26775519748,12.3
5218607,10961.0,28694.188486451967,20.34
5218706,4832.0,17225.579470198674,36.4
5218789,4728.0,68980.75296108291,13.04
5218805,247259.0,65952.47089084725,10.22
5218904,20012.0,28280.431740955428,20.11
5219001,7630.0,28516.644823066843,20.84
5219100,6701.0,23000.447694373976,23.88
5219209,2782.0,106131.56002875628,6.19
5219258,5585.0,46586.57117278424,13.25
5219308,38962.0,41606.64236948822,14.55
5219357,3821.0,32240.512954723894,19.38
5219407,9110.0,22499.670691547748,21.46
5219456,3367.0,32691.713691713692,21.12
5219506,2200.0,31053.636363636364,24.9
5219605,3207.0,27309.94699095728,28.43
5219704,8386.0,22760.195564035297,26.83
5219712,4886.0,65700.98239869013,11.14
5219738,6593.0,23487.48672834825,24.7
5219753,76871.0,10742.789868741138,47.41
5219803,13305.0,15503.419767004885,29.95
5219902,6265.0,20846.448523543495,27.16
5220009,14423.0,39522.08278444152,12.97
5220058,1312.0,106424.54268292683,10.03
5220108,34488.0,43116.21433542101,12.12
5220157,5263.0,26110.20330609918,24.97
5220207,21849.0,31656.322943841824,19.74
5220264,4105.0,77160.29232643118,8.68
5220280,2040.0,26207.843137254902,31.18
5220405,21318.0,67217.89098414485,10.86
5220454,121447.0,39240.40939669156,18.94
5220504,8737.0,74695.31875929952,8.34
5220603,20938.0,62833.699493743436,8.68
5220686,6895.0,25139.52139231327,22.55
5220702,3040.0,24976.315789473683,23.06
5221007,3506.0,25475.470621791213,26.66
5221080,3538.0,11061.616732617298,54.99
5221197,8326.0,25353.350948834974,22.39
5221304,2830.0,22572.791519434628,36.81
5221403,132006.0,20202.672605790645,24.72
5221452,3497.0,20058.049756934517,35.22
5221502,4526.0,45161.73221387539,13.47
5221551,5447.0,104002.01946025334,8.29
5221577,2829.0,27371.862849063273,27.09
5221601,41150.0,31591.567436208992,17.48
5221700,13795.0,21340.6306632838,24.55
5221809,3056.0,53932.59162303665,12.62
5221858,175720.0,16873.082176189393,31.04
5221908,3848.0,27314.18918918919,23.52
5222005,14088.0,60904.031800113575,9.57
5222054,9002.0,53344.81226394135,11.75
5222203,6451.0,27890.869632615097,22.16
5222302,5941.0,51849.01531728665,11.23
5300108,3094325.0,92732.27020432566,45.45
